"scenario","model_label","run","seed","display_label","is_reference","is_base_fit_reference","metric","quantity","year","value","series_type"
"Diagnostic model","Diagnostic model",1,1,"Seed 1",FALSE,FALSE,"annual_depletion","SB/SBF=0",1952,0.993762801340338,"annual"
"Diagnostic model","Diagnostic model",1,1,"Seed 1",FALSE,FALSE,"annual_depletion","SB/SBF=0",1953,0.974221134383931,"annual"
"Diagnostic model","Diagnostic model",1,1,"Seed 1",FALSE,FALSE,"annual_depletion","SB/SBF=0",1954,0.962276981236458,"annual"
"Diagnostic model","Diagnostic model",1,1,"Seed 1",FALSE,FALSE,"annual_depletion","SB/SBF=0",1955,0.952224695193588,"annual"
"Diagnostic model","Diagnostic model",1,1,"Seed 1",FALSE,FALSE,"annual_depletion","SB/SBF=0",1956,0.938916801195718,"annual"
"Diagnostic model","Diagnostic model",1,1,"Seed 1",FALSE,FALSE,"annual_depletion","SB/SBF=0",1957,0.926746114102152,"annual"
"Diagnostic model","Diagnostic model",1,1,"Seed 1",FALSE,FALSE,"annual_depletion","SB/SBF=0",1958,0.904775605032684,"annual"
"Diagnostic model","Diagnostic model",1,1,"Seed 1",FALSE,FALSE,"annual_depletion","SB/SBF=0",1959,0.876024741053458,"annual"
"Diagnostic model","Diagnostic model",1,1,"Seed 1",FALSE,FALSE,"annual_depletion","SB/SBF=0",1960,0.852455125457425,"annual"
"Diagnostic model","Diagnostic model",1,1,"Seed 1",FALSE,FALSE,"annual_depletion","SB/SBF=0",1961,0.84155547513353,"annual"
"Diagnostic model","Diagnostic model",1,1,"Seed 1",FALSE,FALSE,"annual_depletion","SB/SBF=0",1962,0.830433878503336,"annual"
"Diagnostic model","Diagnostic model",1,1,"Seed 1",FALSE,FALSE,"annual_depletion","SB/SBF=0",1963,0.81977805001369,"annual"
"Diagnostic model","Diagnostic model",1,1,"Seed 1",FALSE,FALSE,"annual_depletion","SB/SBF=0",1964,0.806364187503565,"annual"
"Diagnostic model","Diagnostic model",1,1,"Seed 1",FALSE,FALSE,"annual_depletion","SB/SBF=0",1965,0.809953096465374,"annual"
"Diagnostic model","Diagnostic model",1,1,"Seed 1",FALSE,FALSE,"annual_depletion","SB/SBF=0",1966,0.814186415875509,"annual"
"Diagnostic model","Diagnostic model",1,1,"Seed 1",FALSE,FALSE,"annual_depletion","SB/SBF=0",1967,0.808909343804351,"annual"
"Diagnostic model","Diagnostic model",1,1,"Seed 1",FALSE,FALSE,"annual_depletion","SB/SBF=0",1968,0.805469810637983,"annual"
"Diagnostic model","Diagnostic model",1,1,"Seed 1",FALSE,FALSE,"annual_depletion","SB/SBF=0",1969,0.809307533162955,"annual"
"Diagnostic model","Diagnostic model",1,1,"Seed 1",FALSE,FALSE,"annual_depletion","SB/SBF=0",1970,0.804904334401019,"annual"
"Diagnostic model","Diagnostic model",1,1,"Seed 1",FALSE,FALSE,"annual_depletion","SB/SBF=0",1971,0.801490949462789,"annual"
"Diagnostic model","Diagnostic model",1,1,"Seed 1",FALSE,FALSE,"annual_depletion","SB/SBF=0",1972,0.797028545590476,"annual"
"Diagnostic model","Diagnostic model",1,1,"Seed 1",FALSE,FALSE,"annual_depletion","SB/SBF=0",1973,0.776927032132077,"annual"
"Diagnostic model","Diagnostic model",1,1,"Seed 1",FALSE,FALSE,"annual_depletion","SB/SBF=0",1974,0.763790280805658,"annual"
"Diagnostic model","Diagnostic model",1,1,"Seed 1",FALSE,FALSE,"annual_depletion","SB/SBF=0",1975,0.750228725439445,"annual"
"Diagnostic model","Diagnostic model",1,1,"Seed 1",FALSE,FALSE,"annual_depletion","SB/SBF=0",1976,0.725330682311913,"annual"
"Diagnostic model","Diagnostic model",1,1,"Seed 1",FALSE,FALSE,"annual_depletion","SB/SBF=0",1977,0.706667384503786,"annual"
"Diagnostic model","Diagnostic model",1,1,"Seed 1",FALSE,FALSE,"annual_depletion","SB/SBF=0",1978,0.698820933918027,"annual"
"Diagnostic model","Diagnostic model",1,1,"Seed 1",FALSE,FALSE,"annual_depletion","SB/SBF=0",1979,0.682211817565688,"annual"
"Diagnostic model","Diagnostic model",1,1,"Seed 1",FALSE,FALSE,"annual_depletion","SB/SBF=0",1980,0.65814999310022,"annual"
"Diagnostic model","Diagnostic model",1,1,"Seed 1",FALSE,FALSE,"annual_depletion","SB/SBF=0",1981,0.636372665418512,"annual"
"Diagnostic model","Diagnostic model",1,1,"Seed 1",FALSE,FALSE,"annual_depletion","SB/SBF=0",1982,0.624507942674991,"annual"
"Diagnostic model","Diagnostic model",1,1,"Seed 1",FALSE,FALSE,"annual_depletion","SB/SBF=0",1983,0.616602784990743,"annual"
"Diagnostic model","Diagnostic model",1,1,"Seed 1",FALSE,FALSE,"annual_depletion","SB/SBF=0",1984,0.611294907967218,"annual"
"Diagnostic model","Diagnostic model",1,1,"Seed 1",FALSE,FALSE,"annual_depletion","SB/SBF=0",1985,0.589368772435583,"annual"
"Diagnostic model","Diagnostic model",1,1,"Seed 1",FALSE,FALSE,"annual_depletion","SB/SBF=0",1986,0.562453712269795,"annual"
"Diagnostic model","Diagnostic model",1,1,"Seed 1",FALSE,FALSE,"annual_depletion","SB/SBF=0",1987,0.544907977517861,"annual"
"Diagnostic model","Diagnostic model",1,1,"Seed 1",FALSE,FALSE,"annual_depletion","SB/SBF=0",1988,0.524377936234885,"annual"
"Diagnostic model","Diagnostic model",1,1,"Seed 1",FALSE,FALSE,"annual_depletion","SB/SBF=0",1989,0.509636304958785,"annual"
"Diagnostic model","Diagnostic model",1,1,"Seed 1",FALSE,FALSE,"annual_depletion","SB/SBF=0",1990,0.503911740658725,"annual"
"Diagnostic model","Diagnostic model",1,1,"Seed 1",FALSE,FALSE,"annual_depletion","SB/SBF=0",1991,0.494067882542643,"annual"
"Diagnostic model","Diagnostic model",1,1,"Seed 1",FALSE,FALSE,"annual_depletion","SB/SBF=0",1992,0.476544250451535,"annual"
"Diagnostic model","Diagnostic model",1,1,"Seed 1",FALSE,FALSE,"annual_depletion","SB/SBF=0",1993,0.447721825807506,"annual"
"Diagnostic model","Diagnostic model",1,1,"Seed 1",FALSE,FALSE,"annual_depletion","SB/SBF=0",1994,0.424061092977212,"annual"
"Diagnostic model","Diagnostic model",1,1,"Seed 1",FALSE,FALSE,"annual_depletion","SB/SBF=0",1995,0.397821858464235,"annual"
"Diagnostic model","Diagnostic model",1,1,"Seed 1",FALSE,FALSE,"annual_depletion","SB/SBF=0",1996,0.38992871099713,"annual"
"Diagnostic model","Diagnostic model",1,1,"Seed 1",FALSE,FALSE,"annual_depletion","SB/SBF=0",1997,0.405256247922339,"annual"
"Diagnostic model","Diagnostic model",1,1,"Seed 1",FALSE,FALSE,"annual_depletion","SB/SBF=0",1998,0.38945938129253,"annual"
"Diagnostic model","Diagnostic model",1,1,"Seed 1",FALSE,FALSE,"annual_depletion","SB/SBF=0",1999,0.36428087919802,"annual"
"Diagnostic model","Diagnostic model",1,1,"Seed 1",FALSE,FALSE,"annual_depletion","SB/SBF=0",2000,0.333180727680536,"annual"
"Diagnostic model","Diagnostic model",1,1,"Seed 1",FALSE,FALSE,"annual_depletion","SB/SBF=0",2001,0.309234271194516,"annual"
"Diagnostic model","Diagnostic model",1,1,"Seed 1",FALSE,FALSE,"annual_depletion","SB/SBF=0",2002,0.294837823215712,"annual"
"Diagnostic model","Diagnostic model",1,1,"Seed 1",FALSE,FALSE,"annual_depletion","SB/SBF=0",2003,0.279451240455494,"annual"
"Diagnostic model","Diagnostic model",1,1,"Seed 1",FALSE,FALSE,"annual_depletion","SB/SBF=0",2004,0.270505754329343,"annual"
"Diagnostic model","Diagnostic model",1,1,"Seed 1",FALSE,FALSE,"annual_depletion","SB/SBF=0",2005,0.248237932021281,"annual"
"Diagnostic model","Diagnostic model",1,1,"Seed 1",FALSE,FALSE,"annual_depletion","SB/SBF=0",2006,0.241687442338422,"annual"
"Diagnostic model","Diagnostic model",1,1,"Seed 1",FALSE,FALSE,"annual_depletion","SB/SBF=0",2007,0.234997207218072,"annual"
"Diagnostic model","Diagnostic model",1,1,"Seed 1",FALSE,FALSE,"annual_depletion","SB/SBF=0",2008,0.225630329981607,"annual"
"Diagnostic model","Diagnostic model",1,1,"Seed 1",FALSE,FALSE,"annual_depletion","SB/SBF=0",2009,0.212907414140959,"annual"
"Diagnostic model","Diagnostic model",1,1,"Seed 1",FALSE,FALSE,"annual_depletion","SB/SBF=0",2010,0.19811506125041,"annual"
"Diagnostic model","Diagnostic model",1,1,"Seed 1",FALSE,FALSE,"annual_depletion","SB/SBF=0",2011,0.196162831043365,"annual"
"Diagnostic model","Diagnostic model",1,1,"Seed 1",FALSE,FALSE,"annual_depletion","SB/SBF=0",2012,0.190338040290705,"annual"
"Diagnostic model","Diagnostic model",1,1,"Seed 1",FALSE,FALSE,"annual_depletion","SB/SBF=0",2013,0.182899756859344,"annual"
"Diagnostic model","Diagnostic model",1,1,"Seed 1",FALSE,FALSE,"annual_depletion","SB/SBF=0",2014,0.186928822955866,"annual"
"Diagnostic model","Diagnostic model",1,1,"Seed 1",FALSE,FALSE,"annual_depletion","SB/SBF=0",2015,0.193762567342351,"annual"
"Diagnostic model","Diagnostic model",1,1,"Seed 1",FALSE,FALSE,"annual_depletion","SB/SBF=0",2016,0.195281334590468,"annual"
"Diagnostic model","Diagnostic model",1,1,"Seed 1",FALSE,FALSE,"annual_depletion","SB/SBF=0",2017,0.192908077392258,"annual"
"Diagnostic model","Diagnostic model",1,1,"Seed 1",FALSE,FALSE,"annual_depletion","SB/SBF=0",2018,0.193139222513056,"annual"
"Diagnostic model","Diagnostic model",1,1,"Seed 1",FALSE,FALSE,"annual_depletion","SB/SBF=0",2019,0.192381885491597,"annual"
"Diagnostic model","Diagnostic model",1,1,"Seed 1",FALSE,FALSE,"annual_depletion","SB/SBF=0",2020,0.195653054155325,"annual"
"Diagnostic model","Diagnostic model",1,1,"Seed 1",FALSE,FALSE,"annual_depletion","SB/SBF=0",2021,0.201982556718012,"annual"
"Diagnostic model","Diagnostic model",1,1,"Seed 1",FALSE,FALSE,"annual_depletion","SB/SBF=0",2022,0.204439397303934,"annual"
"Diagnostic model","Diagnostic model",1,1,"Seed 1",FALSE,FALSE,"annual_depletion","SB/SBF=0",2023,0.197796727418299,"annual"
"Diagnostic model","Diagnostic model",1,1,"Seed 1",FALSE,FALSE,"annual_depletion","SB/SBF=0",2024,0.17533098921867,"annual"
"Diagnostic model","Diagnostic model",1,1,"Seed 1",FALSE,FALSE,"annual_sb_sbmsy","SB/SBMSY",1952,5.27375,"annual"
"Diagnostic model","Diagnostic model",1,1,"Seed 1",FALSE,FALSE,"annual_sb_sbmsy","SB/SBMSY",1953,5.293,"annual"
"Diagnostic model","Diagnostic model",1,1,"Seed 1",FALSE,FALSE,"annual_sb_sbmsy","SB/SBMSY",1954,5.316,"annual"
"Diagnostic model","Diagnostic model",1,1,"Seed 1",FALSE,FALSE,"annual_sb_sbmsy","SB/SBMSY",1955,5.308,"annual"
"Diagnostic model","Diagnostic model",1,1,"Seed 1",FALSE,FALSE,"annual_sb_sbmsy","SB/SBMSY",1956,5.27975,"annual"
"Diagnostic model","Diagnostic model",1,1,"Seed 1",FALSE,FALSE,"annual_sb_sbmsy","SB/SBMSY",1957,5.435,"annual"
"Diagnostic model","Diagnostic model",1,1,"Seed 1",FALSE,FALSE,"annual_sb_sbmsy","SB/SBMSY",1958,5.32075,"annual"
"Diagnostic model","Diagnostic model",1,1,"Seed 1",FALSE,FALSE,"annual_sb_sbmsy","SB/SBMSY",1959,4.8695,"annual"
"Diagnostic model","Diagnostic model",1,1,"Seed 1",FALSE,FALSE,"annual_sb_sbmsy","SB/SBMSY",1960,4.3775,"annual"
"Diagnostic model","Diagnostic model",1,1,"Seed 1",FALSE,FALSE,"annual_sb_sbmsy","SB/SBMSY",1961,4.209,"annual"
"Diagnostic model","Diagnostic model",1,1,"Seed 1",FALSE,FALSE,"annual_sb_sbmsy","SB/SBMSY",1962,3.95975,"annual"
"Diagnostic model","Diagnostic model",1,1,"Seed 1",FALSE,FALSE,"annual_sb_sbmsy","SB/SBMSY",1963,3.73125,"annual"
"Diagnostic model","Diagnostic model",1,1,"Seed 1",FALSE,FALSE,"annual_sb_sbmsy","SB/SBMSY",1964,3.47225,"annual"
"Diagnostic model","Diagnostic model",1,1,"Seed 1",FALSE,FALSE,"annual_sb_sbmsy","SB/SBMSY",1965,3.36475,"annual"
"Diagnostic model","Diagnostic model",1,1,"Seed 1",FALSE,FALSE,"annual_sb_sbmsy","SB/SBMSY",1966,3.32,"annual"
"Diagnostic model","Diagnostic model",1,1,"Seed 1",FALSE,FALSE,"annual_sb_sbmsy","SB/SBMSY",1967,3.1685,"annual"
"Diagnostic model","Diagnostic model",1,1,"Seed 1",FALSE,FALSE,"annual_sb_sbmsy","SB/SBMSY",1968,3.01675,"annual"
"Diagnostic model","Diagnostic model",1,1,"Seed 1",FALSE,FALSE,"annual_sb_sbmsy","SB/SBMSY",1969,3.0245,"annual"
"Diagnostic model","Diagnostic model",1,1,"Seed 1",FALSE,FALSE,"annual_sb_sbmsy","SB/SBMSY",1970,2.92125,"annual"
"Diagnostic model","Diagnostic model",1,1,"Seed 1",FALSE,FALSE,"annual_sb_sbmsy","SB/SBMSY",1971,2.83025,"annual"
"Diagnostic model","Diagnostic model",1,1,"Seed 1",FALSE,FALSE,"annual_sb_sbmsy","SB/SBMSY",1972,2.82175,"annual"
"Diagnostic model","Diagnostic model",1,1,"Seed 1",FALSE,FALSE,"annual_sb_sbmsy","SB/SBMSY",1973,2.65275,"annual"
"Diagnostic model","Diagnostic model",1,1,"Seed 1",FALSE,FALSE,"annual_sb_sbmsy","SB/SBMSY",1974,2.508,"annual"
"Diagnostic model","Diagnostic model",1,1,"Seed 1",FALSE,FALSE,"annual_sb_sbmsy","SB/SBMSY",1975,2.4255,"annual"
"Diagnostic model","Diagnostic model",1,1,"Seed 1",FALSE,FALSE,"annual_sb_sbmsy","SB/SBMSY",1976,2.293,"annual"
"Diagnostic model","Diagnostic model",1,1,"Seed 1",FALSE,FALSE,"annual_sb_sbmsy","SB/SBMSY",1977,2.2685,"annual"
"Diagnostic model","Diagnostic model",1,1,"Seed 1",FALSE,FALSE,"annual_sb_sbmsy","SB/SBMSY",1978,2.34225,"annual"
"Diagnostic model","Diagnostic model",1,1,"Seed 1",FALSE,FALSE,"annual_sb_sbmsy","SB/SBMSY",1979,2.29825,"annual"
"Diagnostic model","Diagnostic model",1,1,"Seed 1",FALSE,FALSE,"annual_sb_sbmsy","SB/SBMSY",1980,2.2125,"annual"
"Diagnostic model","Diagnostic model",1,1,"Seed 1",FALSE,FALSE,"annual_sb_sbmsy","SB/SBMSY",1981,2.028,"annual"
"Diagnostic model","Diagnostic model",1,1,"Seed 1",FALSE,FALSE,"annual_sb_sbmsy","SB/SBMSY",1982,1.92975,"annual"
"Diagnostic model","Diagnostic model",1,1,"Seed 1",FALSE,FALSE,"annual_sb_sbmsy","SB/SBMSY",1983,1.94175,"annual"
"Diagnostic model","Diagnostic model",1,1,"Seed 1",FALSE,FALSE,"annual_sb_sbmsy","SB/SBMSY",1984,2.06925,"annual"
"Diagnostic model","Diagnostic model",1,1,"Seed 1",FALSE,FALSE,"annual_sb_sbmsy","SB/SBMSY",1985,2.13125,"annual"
"Diagnostic model","Diagnostic model",1,1,"Seed 1",FALSE,FALSE,"annual_sb_sbmsy","SB/SBMSY",1986,2.07375,"annual"
"Diagnostic model","Diagnostic model",1,1,"Seed 1",FALSE,FALSE,"annual_sb_sbmsy","SB/SBMSY",1987,2.069,"annual"
"Diagnostic model","Diagnostic model",1,1,"Seed 1",FALSE,FALSE,"annual_sb_sbmsy","SB/SBMSY",1988,2.08225,"annual"
"Diagnostic model","Diagnostic model",1,1,"Seed 1",FALSE,FALSE,"annual_sb_sbmsy","SB/SBMSY",1989,2.0685,"annual"
"Diagnostic model","Diagnostic model",1,1,"Seed 1",FALSE,FALSE,"annual_sb_sbmsy","SB/SBMSY",1990,2.192,"annual"
"Diagnostic model","Diagnostic model",1,1,"Seed 1",FALSE,FALSE,"annual_sb_sbmsy","SB/SBMSY",1991,2.26025,"annual"
"Diagnostic model","Diagnostic model",1,1,"Seed 1",FALSE,FALSE,"annual_sb_sbmsy","SB/SBMSY",1992,2.232,"annual"
"Diagnostic model","Diagnostic model",1,1,"Seed 1",FALSE,FALSE,"annual_sb_sbmsy","SB/SBMSY",1993,2.09325,"annual"
"Diagnostic model","Diagnostic model",1,1,"Seed 1",FALSE,FALSE,"annual_sb_sbmsy","SB/SBMSY",1994,2.0185,"annual"
"Diagnostic model","Diagnostic model",1,1,"Seed 1",FALSE,FALSE,"annual_sb_sbmsy","SB/SBMSY",1995,1.91625,"annual"
"Diagnostic model","Diagnostic model",1,1,"Seed 1",FALSE,FALSE,"annual_sb_sbmsy","SB/SBMSY",1996,1.8585,"annual"
"Diagnostic model","Diagnostic model",1,1,"Seed 1",FALSE,FALSE,"annual_sb_sbmsy","SB/SBMSY",1997,1.97375,"annual"
"Diagnostic model","Diagnostic model",1,1,"Seed 1",FALSE,FALSE,"annual_sb_sbmsy","SB/SBMSY",1998,1.94725,"annual"
"Diagnostic model","Diagnostic model",1,1,"Seed 1",FALSE,FALSE,"annual_sb_sbmsy","SB/SBMSY",1999,1.85025,"annual"
"Diagnostic model","Diagnostic model",1,1,"Seed 1",FALSE,FALSE,"annual_sb_sbmsy","SB/SBMSY",2000,1.70775,"annual"
"Diagnostic model","Diagnostic model",1,1,"Seed 1",FALSE,FALSE,"annual_sb_sbmsy","SB/SBMSY",2001,1.594,"annual"
"Diagnostic model","Diagnostic model",1,1,"Seed 1",FALSE,FALSE,"annual_sb_sbmsy","SB/SBMSY",2002,1.5615,"annual"
"Diagnostic model","Diagnostic model",1,1,"Seed 1",FALSE,FALSE,"annual_sb_sbmsy","SB/SBMSY",2003,1.539,"annual"
"Diagnostic model","Diagnostic model",1,1,"Seed 1",FALSE,FALSE,"annual_sb_sbmsy","SB/SBMSY",2004,1.51575,"annual"
"Diagnostic model","Diagnostic model",1,1,"Seed 1",FALSE,FALSE,"annual_sb_sbmsy","SB/SBMSY",2005,1.38875,"annual"
"Diagnostic model","Diagnostic model",1,1,"Seed 1",FALSE,FALSE,"annual_sb_sbmsy","SB/SBMSY",2006,1.36075,"annual"
"Diagnostic model","Diagnostic model",1,1,"Seed 1",FALSE,FALSE,"annual_sb_sbmsy","SB/SBMSY",2007,1.34725,"annual"
"Diagnostic model","Diagnostic model",1,1,"Seed 1",FALSE,FALSE,"annual_sb_sbmsy","SB/SBMSY",2008,1.29575,"annual"
"Diagnostic model","Diagnostic model",1,1,"Seed 1",FALSE,FALSE,"annual_sb_sbmsy","SB/SBMSY",2009,1.2035,"annual"
"Diagnostic model","Diagnostic model",1,1,"Seed 1",FALSE,FALSE,"annual_sb_sbmsy","SB/SBMSY",2010,1.115,"annual"
"Diagnostic model","Diagnostic model",1,1,"Seed 1",FALSE,FALSE,"annual_sb_sbmsy","SB/SBMSY",2011,1.11575,"annual"
"Diagnostic model","Diagnostic model",1,1,"Seed 1",FALSE,FALSE,"annual_sb_sbmsy","SB/SBMSY",2012,1.08625,"annual"
"Diagnostic model","Diagnostic model",1,1,"Seed 1",FALSE,FALSE,"annual_sb_sbmsy","SB/SBMSY",2013,1.024,"annual"
"Diagnostic model","Diagnostic model",1,1,"Seed 1",FALSE,FALSE,"annual_sb_sbmsy","SB/SBMSY",2014,1.055,"annual"
"Diagnostic model","Diagnostic model",1,1,"Seed 1",FALSE,FALSE,"annual_sb_sbmsy","SB/SBMSY",2015,1.13675,"annual"
"Diagnostic model","Diagnostic model",1,1,"Seed 1",FALSE,FALSE,"annual_sb_sbmsy","SB/SBMSY",2016,1.16775,"annual"
"Diagnostic model","Diagnostic model",1,1,"Seed 1",FALSE,FALSE,"annual_sb_sbmsy","SB/SBMSY",2017,1.1365,"annual"
"Diagnostic model","Diagnostic model",1,1,"Seed 1",FALSE,FALSE,"annual_sb_sbmsy","SB/SBMSY",2018,1.12225,"annual"
"Diagnostic model","Diagnostic model",1,1,"Seed 1",FALSE,FALSE,"annual_sb_sbmsy","SB/SBMSY",2019,1.1125,"annual"
"Diagnostic model","Diagnostic model",1,1,"Seed 1",FALSE,FALSE,"annual_sb_sbmsy","SB/SBMSY",2020,1.12525,"annual"
"Diagnostic model","Diagnostic model",1,1,"Seed 1",FALSE,FALSE,"annual_sb_sbmsy","SB/SBMSY",2021,1.142,"annual"
"Diagnostic model","Diagnostic model",1,1,"Seed 1",FALSE,FALSE,"annual_sb_sbmsy","SB/SBMSY",2022,1.139,"annual"
"Diagnostic model","Diagnostic model",1,1,"Seed 1",FALSE,FALSE,"annual_sb_sbmsy","SB/SBMSY",2023,1.07425,"annual"
"Diagnostic model","Diagnostic model",1,1,"Seed 1",FALSE,FALSE,"annual_sb_sbmsy","SB/SBMSY",2024,0.931475,"annual"
"Diagnostic model","Diagnostic model",1,1,"Seed 1",FALSE,FALSE,"annual_f_fmsy","F/FMSY",1952,0.0714775,"annual"
"Diagnostic model","Diagnostic model",1,1,"Seed 1",FALSE,FALSE,"annual_f_fmsy","F/FMSY",1953,0.06675,"annual"
"Diagnostic model","Diagnostic model",1,1,"Seed 1",FALSE,FALSE,"annual_f_fmsy","F/FMSY",1954,0.045635,"annual"
"Diagnostic model","Diagnostic model",1,1,"Seed 1",FALSE,FALSE,"annual_f_fmsy","F/FMSY",1955,0.0731075,"annual"
"Diagnostic model","Diagnostic model",1,1,"Seed 1",FALSE,FALSE,"annual_f_fmsy","F/FMSY",1956,0.08111,"annual"
"Diagnostic model","Diagnostic model",1,1,"Seed 1",FALSE,FALSE,"annual_f_fmsy","F/FMSY",1957,0.1090625,"annual"
"Diagnostic model","Diagnostic model",1,1,"Seed 1",FALSE,FALSE,"annual_f_fmsy","F/FMSY",1958,0.162665,"annual"
"Diagnostic model","Diagnostic model",1,1,"Seed 1",FALSE,FALSE,"annual_f_fmsy","F/FMSY",1959,0.15105,"annual"
"Diagnostic model","Diagnostic model",1,1,"Seed 1",FALSE,FALSE,"annual_f_fmsy","F/FMSY",1960,0.151375,"annual"
"Diagnostic model","Diagnostic model",1,1,"Seed 1",FALSE,FALSE,"annual_f_fmsy","F/FMSY",1961,0.150875,"annual"
"Diagnostic model","Diagnostic model",1,1,"Seed 1",FALSE,FALSE,"annual_f_fmsy","F/FMSY",1962,0.1467,"annual"
"Diagnostic model","Diagnostic model",1,1,"Seed 1",FALSE,FALSE,"annual_f_fmsy","F/FMSY",1963,0.189075,"annual"
"Diagnostic model","Diagnostic model",1,1,"Seed 1",FALSE,FALSE,"annual_f_fmsy","F/FMSY",1964,0.1416025,"annual"
"Diagnostic model","Diagnostic model",1,1,"Seed 1",FALSE,FALSE,"annual_f_fmsy","F/FMSY",1965,0.1323,"annual"
"Diagnostic model","Diagnostic model",1,1,"Seed 1",FALSE,FALSE,"annual_f_fmsy","F/FMSY",1966,0.1504,"annual"
"Diagnostic model","Diagnostic model",1,1,"Seed 1",FALSE,FALSE,"annual_f_fmsy","F/FMSY",1967,0.164075,"annual"
"Diagnostic model","Diagnostic model",1,1,"Seed 1",FALSE,FALSE,"annual_f_fmsy","F/FMSY",1968,0.133875,"annual"
"Diagnostic model","Diagnostic model",1,1,"Seed 1",FALSE,FALSE,"annual_f_fmsy","F/FMSY",1969,0.1683,"annual"
"Diagnostic model","Diagnostic model",1,1,"Seed 1",FALSE,FALSE,"annual_f_fmsy","F/FMSY",1970,0.161475,"annual"
"Diagnostic model","Diagnostic model",1,1,"Seed 1",FALSE,FALSE,"annual_f_fmsy","F/FMSY",1971,0.163725,"annual"
"Diagnostic model","Diagnostic model",1,1,"Seed 1",FALSE,FALSE,"annual_f_fmsy","F/FMSY",1972,0.2275,"annual"
"Diagnostic model","Diagnostic model",1,1,"Seed 1",FALSE,FALSE,"annual_f_fmsy","F/FMSY",1973,0.193,"annual"
"Diagnostic model","Diagnostic model",1,1,"Seed 1",FALSE,FALSE,"annual_f_fmsy","F/FMSY",1974,0.215975,"annual"
"Diagnostic model","Diagnostic model",1,1,"Seed 1",FALSE,FALSE,"annual_f_fmsy","F/FMSY",1975,0.278025,"annual"
"Diagnostic model","Diagnostic model",1,1,"Seed 1",FALSE,FALSE,"annual_f_fmsy","F/FMSY",1976,0.2911,"annual"
"Diagnostic model","Diagnostic model",1,1,"Seed 1",FALSE,FALSE,"annual_f_fmsy","F/FMSY",1977,0.32285,"annual"
"Diagnostic model","Diagnostic model",1,1,"Seed 1",FALSE,FALSE,"annual_f_fmsy","F/FMSY",1978,0.270175,"annual"
"Diagnostic model","Diagnostic model",1,1,"Seed 1",FALSE,FALSE,"annual_f_fmsy","F/FMSY",1979,0.347775,"annual"
"Diagnostic model","Diagnostic model",1,1,"Seed 1",FALSE,FALSE,"annual_f_fmsy","F/FMSY",1980,0.35425,"annual"
"Diagnostic model","Diagnostic model",1,1,"Seed 1",FALSE,FALSE,"annual_f_fmsy","F/FMSY",1981,0.337425,"annual"
"Diagnostic model","Diagnostic model",1,1,"Seed 1",FALSE,FALSE,"annual_f_fmsy","F/FMSY",1982,0.391325,"annual"
"Diagnostic model","Diagnostic model",1,1,"Seed 1",FALSE,FALSE,"annual_f_fmsy","F/FMSY",1983,0.385075,"annual"
"Diagnostic model","Diagnostic model",1,1,"Seed 1",FALSE,FALSE,"annual_f_fmsy","F/FMSY",1984,0.41755,"annual"
"Diagnostic model","Diagnostic model",1,1,"Seed 1",FALSE,FALSE,"annual_f_fmsy","F/FMSY",1985,0.43865,"annual"
"Diagnostic model","Diagnostic model",1,1,"Seed 1",FALSE,FALSE,"annual_f_fmsy","F/FMSY",1986,0.4035,"annual"
"Diagnostic model","Diagnostic model",1,1,"Seed 1",FALSE,FALSE,"annual_f_fmsy","F/FMSY",1987,0.51545,"annual"
"Diagnostic model","Diagnostic model",1,1,"Seed 1",FALSE,FALSE,"annual_f_fmsy","F/FMSY",1988,0.4486,"annual"
"Diagnostic model","Diagnostic model",1,1,"Seed 1",FALSE,FALSE,"annual_f_fmsy","F/FMSY",1989,0.437675,"annual"
"Diagnostic model","Diagnostic model",1,1,"Seed 1",FALSE,FALSE,"annual_f_fmsy","F/FMSY",1990,0.53405,"annual"
"Diagnostic model","Diagnostic model",1,1,"Seed 1",FALSE,FALSE,"annual_f_fmsy","F/FMSY",1991,0.4941,"annual"
"Diagnostic model","Diagnostic model",1,1,"Seed 1",FALSE,FALSE,"annual_f_fmsy","F/FMSY",1992,0.624275,"annual"
"Diagnostic model","Diagnostic model",1,1,"Seed 1",FALSE,FALSE,"annual_f_fmsy","F/FMSY",1993,0.556975,"annual"
"Diagnostic model","Diagnostic model",1,1,"Seed 1",FALSE,FALSE,"annual_f_fmsy","F/FMSY",1994,0.64555,"annual"
"Diagnostic model","Diagnostic model",1,1,"Seed 1",FALSE,FALSE,"annual_f_fmsy","F/FMSY",1995,0.578025,"annual"
"Diagnostic model","Diagnostic model",1,1,"Seed 1",FALSE,FALSE,"annual_f_fmsy","F/FMSY",1996,0.538,"annual"
"Diagnostic model","Diagnostic model",1,1,"Seed 1",FALSE,FALSE,"annual_f_fmsy","F/FMSY",1997,0.6759,"annual"
"Diagnostic model","Diagnostic model",1,1,"Seed 1",FALSE,FALSE,"annual_f_fmsy","F/FMSY",1998,0.805675,"annual"
"Diagnostic model","Diagnostic model",1,1,"Seed 1",FALSE,FALSE,"annual_f_fmsy","F/FMSY",1999,0.8812,"annual"
"Diagnostic model","Diagnostic model",1,1,"Seed 1",FALSE,FALSE,"annual_f_fmsy","F/FMSY",2000,0.8678,"annual"
"Diagnostic model","Diagnostic model",1,1,"Seed 1",FALSE,FALSE,"annual_f_fmsy","F/FMSY",2001,0.74475,"annual"
"Diagnostic model","Diagnostic model",1,1,"Seed 1",FALSE,FALSE,"annual_f_fmsy","F/FMSY",2002,0.927825,"annual"
"Diagnostic model","Diagnostic model",1,1,"Seed 1",FALSE,FALSE,"annual_f_fmsy","F/FMSY",2003,0.84155,"annual"
"Diagnostic model","Diagnostic model",1,1,"Seed 1",FALSE,FALSE,"annual_f_fmsy","F/FMSY",2004,1.18005,"annual"
"Diagnostic model","Diagnostic model",1,1,"Seed 1",FALSE,FALSE,"annual_f_fmsy","F/FMSY",2005,0.951625,"annual"
"Diagnostic model","Diagnostic model",1,1,"Seed 1",FALSE,FALSE,"annual_f_fmsy","F/FMSY",2006,1.01665,"annual"
"Diagnostic model","Diagnostic model",1,1,"Seed 1",FALSE,FALSE,"annual_f_fmsy","F/FMSY",2007,1.039875,"annual"
"Diagnostic model","Diagnostic model",1,1,"Seed 1",FALSE,FALSE,"annual_f_fmsy","F/FMSY",2008,1.119,"annual"
"Diagnostic model","Diagnostic model",1,1,"Seed 1",FALSE,FALSE,"annual_f_fmsy","F/FMSY",2009,1.148075,"annual"
"Diagnostic model","Diagnostic model",1,1,"Seed 1",FALSE,FALSE,"annual_f_fmsy","F/FMSY",2010,0.950075,"annual"
"Diagnostic model","Diagnostic model",1,1,"Seed 1",FALSE,FALSE,"annual_f_fmsy","F/FMSY",2011,1.176675,"annual"
"Diagnostic model","Diagnostic model",1,1,"Seed 1",FALSE,FALSE,"annual_f_fmsy","F/FMSY",2012,1.208875,"annual"
"Diagnostic model","Diagnostic model",1,1,"Seed 1",FALSE,FALSE,"annual_f_fmsy","F/FMSY",2013,1.09505,"annual"
"Diagnostic model","Diagnostic model",1,1,"Seed 1",FALSE,FALSE,"annual_f_fmsy","F/FMSY",2014,1.172075,"annual"
"Diagnostic model","Diagnostic model",1,1,"Seed 1",FALSE,FALSE,"annual_f_fmsy","F/FMSY",2015,1.0617,"annual"
"Diagnostic model","Diagnostic model",1,1,"Seed 1",FALSE,FALSE,"annual_f_fmsy","F/FMSY",2016,1.111225,"annual"
"Diagnostic model","Diagnostic model",1,1,"Seed 1",FALSE,FALSE,"annual_f_fmsy","F/FMSY",2017,0.93985,"annual"
"Diagnostic model","Diagnostic model",1,1,"Seed 1",FALSE,FALSE,"annual_f_fmsy","F/FMSY",2018,1.08925,"annual"
"Diagnostic model","Diagnostic model",1,1,"Seed 1",FALSE,FALSE,"annual_f_fmsy","F/FMSY",2019,0.968525,"annual"
"Diagnostic model","Diagnostic model",1,1,"Seed 1",FALSE,FALSE,"annual_f_fmsy","F/FMSY",2020,1.026025,"annual"
"Diagnostic model","Diagnostic model",1,1,"Seed 1",FALSE,FALSE,"annual_f_fmsy","F/FMSY",2021,1.01495,"annual"
"Diagnostic model","Diagnostic model",1,1,"Seed 1",FALSE,FALSE,"annual_f_fmsy","F/FMSY",2022,1.10525,"annual"
"Diagnostic model","Diagnostic model",1,1,"Seed 1",FALSE,FALSE,"annual_f_fmsy","F/FMSY",2023,1.21325,"annual"
"Diagnostic model","Diagnostic model",1,1,"Seed 1",FALSE,FALSE,"annual_f_fmsy","F/FMSY",2024,1.38175,"annual"
"Diagnostic model","Diagnostic model",2,2,"Seed 2",FALSE,FALSE,"annual_depletion","SB/SBF=0",1952,0.993917516230976,"annual"
"Diagnostic model","Diagnostic model",2,2,"Seed 2",FALSE,FALSE,"annual_depletion","SB/SBF=0",1953,0.974976538993644,"annual"
"Diagnostic model","Diagnostic model",2,2,"Seed 2",FALSE,FALSE,"annual_depletion","SB/SBF=0",1954,0.963508779705607,"annual"
"Diagnostic model","Diagnostic model",2,2,"Seed 2",FALSE,FALSE,"annual_depletion","SB/SBF=0",1955,0.954750733001996,"annual"
"Diagnostic model","Diagnostic model",2,2,"Seed 2",FALSE,FALSE,"annual_depletion","SB/SBF=0",1956,0.942614754558545,"annual"
"Diagnostic model","Diagnostic model",2,2,"Seed 2",FALSE,FALSE,"annual_depletion","SB/SBF=0",1957,0.931277582873709,"annual"
"Diagnostic model","Diagnostic model",2,2,"Seed 2",FALSE,FALSE,"annual_depletion","SB/SBF=0",1958,0.910375473468395,"annual"
"Diagnostic model","Diagnostic model",2,2,"Seed 2",FALSE,FALSE,"annual_depletion","SB/SBF=0",1959,0.883386988690397,"annual"
"Diagnostic model","Diagnostic model",2,2,"Seed 2",FALSE,FALSE,"annual_depletion","SB/SBF=0",1960,0.86267400326325,"annual"
"Diagnostic model","Diagnostic model",2,2,"Seed 2",FALSE,FALSE,"annual_depletion","SB/SBF=0",1961,0.854474362921836,"annual"
"Diagnostic model","Diagnostic model",2,2,"Seed 2",FALSE,FALSE,"annual_depletion","SB/SBF=0",1962,0.844818489270238,"annual"
"Diagnostic model","Diagnostic model",2,2,"Seed 2",FALSE,FALSE,"annual_depletion","SB/SBF=0",1963,0.835791214313892,"annual"
"Diagnostic model","Diagnostic model",2,2,"Seed 2",FALSE,FALSE,"annual_depletion","SB/SBF=0",1964,0.823782846497227,"annual"
"Diagnostic model","Diagnostic model",2,2,"Seed 2",FALSE,FALSE,"annual_depletion","SB/SBF=0",1965,0.826948734852766,"annual"
"Diagnostic model","Diagnostic model",2,2,"Seed 2",FALSE,FALSE,"annual_depletion","SB/SBF=0",1966,0.830800061477169,"annual"
"Diagnostic model","Diagnostic model",2,2,"Seed 2",FALSE,FALSE,"annual_depletion","SB/SBF=0",1967,0.826341481622801,"annual"
"Diagnostic model","Diagnostic model",2,2,"Seed 2",FALSE,FALSE,"annual_depletion","SB/SBF=0",1968,0.822912866746574,"annual"
"Diagnostic model","Diagnostic model",2,2,"Seed 2",FALSE,FALSE,"annual_depletion","SB/SBF=0",1969,0.825863902005602,"annual"
"Diagnostic model","Diagnostic model",2,2,"Seed 2",FALSE,FALSE,"annual_depletion","SB/SBF=0",1970,0.822374351407955,"annual"
"Diagnostic model","Diagnostic model",2,2,"Seed 2",FALSE,FALSE,"annual_depletion","SB/SBF=0",1971,0.81860480177638,"annual"
"Diagnostic model","Diagnostic model",2,2,"Seed 2",FALSE,FALSE,"annual_depletion","SB/SBF=0",1972,0.812997941430868,"annual"
"Diagnostic model","Diagnostic model",2,2,"Seed 2",FALSE,FALSE,"annual_depletion","SB/SBF=0",1973,0.794750232804435,"annual"
"Diagnostic model","Diagnostic model",2,2,"Seed 2",FALSE,FALSE,"annual_depletion","SB/SBF=0",1974,0.783151847656499,"annual"
"Diagnostic model","Diagnostic model",2,2,"Seed 2",FALSE,FALSE,"annual_depletion","SB/SBF=0",1975,0.77111182387355,"annual"
"Diagnostic model","Diagnostic model",2,2,"Seed 2",FALSE,FALSE,"annual_depletion","SB/SBF=0",1976,0.74772095148798,"annual"
"Diagnostic model","Diagnostic model",2,2,"Seed 2",FALSE,FALSE,"annual_depletion","SB/SBF=0",1977,0.729153959844708,"annual"
"Diagnostic model","Diagnostic model",2,2,"Seed 2",FALSE,FALSE,"annual_depletion","SB/SBF=0",1978,0.721223959311542,"annual"
"Diagnostic model","Diagnostic model",2,2,"Seed 2",FALSE,FALSE,"annual_depletion","SB/SBF=0",1979,0.707037093269549,"annual"
"Diagnostic model","Diagnostic model",2,2,"Seed 2",FALSE,FALSE,"annual_depletion","SB/SBF=0",1980,0.683728595687001,"annual"
"Diagnostic model","Diagnostic model",2,2,"Seed 2",FALSE,FALSE,"annual_depletion","SB/SBF=0",1981,0.66155084484402,"annual"
"Diagnostic model","Diagnostic model",2,2,"Seed 2",FALSE,FALSE,"annual_depletion","SB/SBF=0",1982,0.649002753491277,"annual"
"Diagnostic model","Diagnostic model",2,2,"Seed 2",FALSE,FALSE,"annual_depletion","SB/SBF=0",1983,0.640059194731927,"annual"
"Diagnostic model","Diagnostic model",2,2,"Seed 2",FALSE,FALSE,"annual_depletion","SB/SBF=0",1984,0.634604031777107,"annual"
"Diagnostic model","Diagnostic model",2,2,"Seed 2",FALSE,FALSE,"annual_depletion","SB/SBF=0",1985,0.614846551472286,"annual"
"Diagnostic model","Diagnostic model",2,2,"Seed 2",FALSE,FALSE,"annual_depletion","SB/SBF=0",1986,0.590075930547443,"annual"
"Diagnostic model","Diagnostic model",2,2,"Seed 2",FALSE,FALSE,"annual_depletion","SB/SBF=0",1987,0.571627591276758,"annual"
"Diagnostic model","Diagnostic model",2,2,"Seed 2",FALSE,FALSE,"annual_depletion","SB/SBF=0",1988,0.551628163530175,"annual"
"Diagnostic model","Diagnostic model",2,2,"Seed 2",FALSE,FALSE,"annual_depletion","SB/SBF=0",1989,0.535806909386007,"annual"
"Diagnostic model","Diagnostic model",2,2,"Seed 2",FALSE,FALSE,"annual_depletion","SB/SBF=0",1990,0.527298203813049,"annual"
"Diagnostic model","Diagnostic model",2,2,"Seed 2",FALSE,FALSE,"annual_depletion","SB/SBF=0",1991,0.518339441728194,"annual"
"Diagnostic model","Diagnostic model",2,2,"Seed 2",FALSE,FALSE,"annual_depletion","SB/SBF=0",1992,0.499485553428501,"annual"
"Diagnostic model","Diagnostic model",2,2,"Seed 2",FALSE,FALSE,"annual_depletion","SB/SBF=0",1993,0.47257779159588,"annual"
"Diagnostic model","Diagnostic model",2,2,"Seed 2",FALSE,FALSE,"annual_depletion","SB/SBF=0",1994,0.446491695662175,"annual"
"Diagnostic model","Diagnostic model",2,2,"Seed 2",FALSE,FALSE,"annual_depletion","SB/SBF=0",1995,0.417730999656102,"annual"
"Diagnostic model","Diagnostic model",2,2,"Seed 2",FALSE,FALSE,"annual_depletion","SB/SBF=0",1996,0.405504516610949,"annual"
"Diagnostic model","Diagnostic model",2,2,"Seed 2",FALSE,FALSE,"annual_depletion","SB/SBF=0",1997,0.418391611890899,"annual"
"Diagnostic model","Diagnostic model",2,2,"Seed 2",FALSE,FALSE,"annual_depletion","SB/SBF=0",1998,0.404767154831788,"annual"
"Diagnostic model","Diagnostic model",2,2,"Seed 2",FALSE,FALSE,"annual_depletion","SB/SBF=0",1999,0.382884728112824,"annual"
"Diagnostic model","Diagnostic model",2,2,"Seed 2",FALSE,FALSE,"annual_depletion","SB/SBF=0",2000,0.352202385339026,"annual"
"Diagnostic model","Diagnostic model",2,2,"Seed 2",FALSE,FALSE,"annual_depletion","SB/SBF=0",2001,0.328738977900317,"annual"
"Diagnostic model","Diagnostic model",2,2,"Seed 2",FALSE,FALSE,"annual_depletion","SB/SBF=0",2002,0.31237927948497,"annual"
"Diagnostic model","Diagnostic model",2,2,"Seed 2",FALSE,FALSE,"annual_depletion","SB/SBF=0",2003,0.295412866236695,"annual"
"Diagnostic model","Diagnostic model",2,2,"Seed 2",FALSE,FALSE,"annual_depletion","SB/SBF=0",2004,0.283231120511694,"annual"
"Diagnostic model","Diagnostic model",2,2,"Seed 2",FALSE,FALSE,"annual_depletion","SB/SBF=0",2005,0.263573782929131,"annual"
"Diagnostic model","Diagnostic model",2,2,"Seed 2",FALSE,FALSE,"annual_depletion","SB/SBF=0",2006,0.253139655784411,"annual"
"Diagnostic model","Diagnostic model",2,2,"Seed 2",FALSE,FALSE,"annual_depletion","SB/SBF=0",2007,0.246791622054436,"annual"
"Diagnostic model","Diagnostic model",2,2,"Seed 2",FALSE,FALSE,"annual_depletion","SB/SBF=0",2008,0.236867684967873,"annual"
"Diagnostic model","Diagnostic model",2,2,"Seed 2",FALSE,FALSE,"annual_depletion","SB/SBF=0",2009,0.221190254887528,"annual"
"Diagnostic model","Diagnostic model",2,2,"Seed 2",FALSE,FALSE,"annual_depletion","SB/SBF=0",2010,0.205070746722791,"annual"
"Diagnostic model","Diagnostic model",2,2,"Seed 2",FALSE,FALSE,"annual_depletion","SB/SBF=0",2011,0.201271637240805,"annual"
"Diagnostic model","Diagnostic model",2,2,"Seed 2",FALSE,FALSE,"annual_depletion","SB/SBF=0",2012,0.195714992640315,"annual"
"Diagnostic model","Diagnostic model",2,2,"Seed 2",FALSE,FALSE,"annual_depletion","SB/SBF=0",2013,0.186271135367872,"annual"
"Diagnostic model","Diagnostic model",2,2,"Seed 2",FALSE,FALSE,"annual_depletion","SB/SBF=0",2014,0.188182163589406,"annual"
"Diagnostic model","Diagnostic model",2,2,"Seed 2",FALSE,FALSE,"annual_depletion","SB/SBF=0",2015,0.195055437027797,"annual"
"Diagnostic model","Diagnostic model",2,2,"Seed 2",FALSE,FALSE,"annual_depletion","SB/SBF=0",2016,0.197750827602805,"annual"
"Diagnostic model","Diagnostic model",2,2,"Seed 2",FALSE,FALSE,"annual_depletion","SB/SBF=0",2017,0.19625260523301,"annual"
"Diagnostic model","Diagnostic model",2,2,"Seed 2",FALSE,FALSE,"annual_depletion","SB/SBF=0",2018,0.196065541159046,"annual"
"Diagnostic model","Diagnostic model",2,2,"Seed 2",FALSE,FALSE,"annual_depletion","SB/SBF=0",2019,0.195680263724756,"annual"
"Diagnostic model","Diagnostic model",2,2,"Seed 2",FALSE,FALSE,"annual_depletion","SB/SBF=0",2020,0.19994623508935,"annual"
"Diagnostic model","Diagnostic model",2,2,"Seed 2",FALSE,FALSE,"annual_depletion","SB/SBF=0",2021,0.20720418473713,"annual"
"Diagnostic model","Diagnostic model",2,2,"Seed 2",FALSE,FALSE,"annual_depletion","SB/SBF=0",2022,0.209614540774039,"annual"
"Diagnostic model","Diagnostic model",2,2,"Seed 2",FALSE,FALSE,"annual_depletion","SB/SBF=0",2023,0.200149819524335,"annual"
"Diagnostic model","Diagnostic model",2,2,"Seed 2",FALSE,FALSE,"annual_depletion","SB/SBF=0",2024,0.176761174950909,"annual"
"Diagnostic model","Diagnostic model",2,2,"Seed 2",FALSE,FALSE,"annual_sb_sbmsy","SB/SBMSY",1952,5.53525,"annual"
"Diagnostic model","Diagnostic model",2,2,"Seed 2",FALSE,FALSE,"annual_sb_sbmsy","SB/SBMSY",1953,5.566,"annual"
"Diagnostic model","Diagnostic model",2,2,"Seed 2",FALSE,FALSE,"annual_sb_sbmsy","SB/SBMSY",1954,5.603,"annual"
"Diagnostic model","Diagnostic model",2,2,"Seed 2",FALSE,FALSE,"annual_sb_sbmsy","SB/SBMSY",1955,5.69225,"annual"
"Diagnostic model","Diagnostic model",2,2,"Seed 2",FALSE,FALSE,"annual_sb_sbmsy","SB/SBMSY",1956,5.71825,"annual"
"Diagnostic model","Diagnostic model",2,2,"Seed 2",FALSE,FALSE,"annual_sb_sbmsy","SB/SBMSY",1957,5.91075,"annual"
"Diagnostic model","Diagnostic model",2,2,"Seed 2",FALSE,FALSE,"annual_sb_sbmsy","SB/SBMSY",1958,5.7875,"annual"
"Diagnostic model","Diagnostic model",2,2,"Seed 2",FALSE,FALSE,"annual_sb_sbmsy","SB/SBMSY",1959,5.32725,"annual"
"Diagnostic model","Diagnostic model",2,2,"Seed 2",FALSE,FALSE,"annual_sb_sbmsy","SB/SBMSY",1960,4.862,"annual"
"Diagnostic model","Diagnostic model",2,2,"Seed 2",FALSE,FALSE,"annual_sb_sbmsy","SB/SBMSY",1961,4.75125,"annual"
"Diagnostic model","Diagnostic model",2,2,"Seed 2",FALSE,FALSE,"annual_sb_sbmsy","SB/SBMSY",1962,4.49525,"annual"
"Diagnostic model","Diagnostic model",2,2,"Seed 2",FALSE,FALSE,"annual_sb_sbmsy","SB/SBMSY",1963,4.271,"annual"
"Diagnostic model","Diagnostic model",2,2,"Seed 2",FALSE,FALSE,"annual_sb_sbmsy","SB/SBMSY",1964,3.997,"annual"
"Diagnostic model","Diagnostic model",2,2,"Seed 2",FALSE,FALSE,"annual_sb_sbmsy","SB/SBMSY",1965,3.8795,"annual"
"Diagnostic model","Diagnostic model",2,2,"Seed 2",FALSE,FALSE,"annual_sb_sbmsy","SB/SBMSY",1966,3.83125,"annual"
"Diagnostic model","Diagnostic model",2,2,"Seed 2",FALSE,FALSE,"annual_sb_sbmsy","SB/SBMSY",1967,3.668,"annual"
"Diagnostic model","Diagnostic model",2,2,"Seed 2",FALSE,FALSE,"annual_sb_sbmsy","SB/SBMSY",1968,3.4885,"annual"
"Diagnostic model","Diagnostic model",2,2,"Seed 2",FALSE,FALSE,"annual_sb_sbmsy","SB/SBMSY",1969,3.482,"annual"
"Diagnostic model","Diagnostic model",2,2,"Seed 2",FALSE,FALSE,"annual_sb_sbmsy","SB/SBMSY",1970,3.37575,"annual"
"Diagnostic model","Diagnostic model",2,2,"Seed 2",FALSE,FALSE,"annual_sb_sbmsy","SB/SBMSY",1971,3.25775,"annual"
"Diagnostic model","Diagnostic model",2,2,"Seed 2",FALSE,FALSE,"annual_sb_sbmsy","SB/SBMSY",1972,3.215,"annual"
"Diagnostic model","Diagnostic model",2,2,"Seed 2",FALSE,FALSE,"annual_sb_sbmsy","SB/SBMSY",1973,3.02675,"annual"
"Diagnostic model","Diagnostic model",2,2,"Seed 2",FALSE,FALSE,"annual_sb_sbmsy","SB/SBMSY",1974,2.85675,"annual"
"Diagnostic model","Diagnostic model",2,2,"Seed 2",FALSE,FALSE,"annual_sb_sbmsy","SB/SBMSY",1975,2.76625,"annual"
"Diagnostic model","Diagnostic model",2,2,"Seed 2",FALSE,FALSE,"annual_sb_sbmsy","SB/SBMSY",1976,2.6205,"annual"
"Diagnostic model","Diagnostic model",2,2,"Seed 2",FALSE,FALSE,"annual_sb_sbmsy","SB/SBMSY",1977,2.5795,"annual"
"Diagnostic model","Diagnostic model",2,2,"Seed 2",FALSE,FALSE,"annual_sb_sbmsy","SB/SBMSY",1978,2.65075,"annual"
"Diagnostic model","Diagnostic model",2,2,"Seed 2",FALSE,FALSE,"annual_sb_sbmsy","SB/SBMSY",1979,2.61475,"annual"
"Diagnostic model","Diagnostic model",2,2,"Seed 2",FALSE,FALSE,"annual_sb_sbmsy","SB/SBMSY",1980,2.51675,"annual"
"Diagnostic model","Diagnostic model",2,2,"Seed 2",FALSE,FALSE,"annual_sb_sbmsy","SB/SBMSY",1981,2.30825,"annual"
"Diagnostic model","Diagnostic model",2,2,"Seed 2",FALSE,FALSE,"annual_sb_sbmsy","SB/SBMSY",1982,2.1885,"annual"
"Diagnostic model","Diagnostic model",2,2,"Seed 2",FALSE,FALSE,"annual_sb_sbmsy","SB/SBMSY",1983,2.18825,"annual"
"Diagnostic model","Diagnostic model",2,2,"Seed 2",FALSE,FALSE,"annual_sb_sbmsy","SB/SBMSY",1984,2.32175,"annual"
"Diagnostic model","Diagnostic model",2,2,"Seed 2",FALSE,FALSE,"annual_sb_sbmsy","SB/SBMSY",1985,2.4025,"annual"
"Diagnostic model","Diagnostic model",2,2,"Seed 2",FALSE,FALSE,"annual_sb_sbmsy","SB/SBMSY",1986,2.3525,"annual"
"Diagnostic model","Diagnostic model",2,2,"Seed 2",FALSE,FALSE,"annual_sb_sbmsy","SB/SBMSY",1987,2.33325,"annual"
"Diagnostic model","Diagnostic model",2,2,"Seed 2",FALSE,FALSE,"annual_sb_sbmsy","SB/SBMSY",1988,2.3475,"annual"
"Diagnostic model","Diagnostic model",2,2,"Seed 2",FALSE,FALSE,"annual_sb_sbmsy","SB/SBMSY",1989,2.3215,"annual"
"Diagnostic model","Diagnostic model",2,2,"Seed 2",FALSE,FALSE,"annual_sb_sbmsy","SB/SBMSY",1990,2.42825,"annual"
"Diagnostic model","Diagnostic model",2,2,"Seed 2",FALSE,FALSE,"annual_sb_sbmsy","SB/SBMSY",1991,2.50975,"annual"
"Diagnostic model","Diagnostic model",2,2,"Seed 2",FALSE,FALSE,"annual_sb_sbmsy","SB/SBMSY",1992,2.481,"annual"
"Diagnostic model","Diagnostic model",2,2,"Seed 2",FALSE,FALSE,"annual_sb_sbmsy","SB/SBMSY",1993,2.35075,"annual"
"Diagnostic model","Diagnostic model",2,2,"Seed 2",FALSE,FALSE,"annual_sb_sbmsy","SB/SBMSY",1994,2.25125,"annual"
"Diagnostic model","Diagnostic model",2,2,"Seed 2",FALSE,FALSE,"annual_sb_sbmsy","SB/SBMSY",1995,2.1245,"annual"
"Diagnostic model","Diagnostic model",2,2,"Seed 2",FALSE,FALSE,"annual_sb_sbmsy","SB/SBMSY",1996,2.0385,"annual"
"Diagnostic model","Diagnostic model",2,2,"Seed 2",FALSE,FALSE,"annual_sb_sbmsy","SB/SBMSY",1997,2.155,"annual"
"Diagnostic model","Diagnostic model",2,2,"Seed 2",FALSE,FALSE,"annual_sb_sbmsy","SB/SBMSY",1998,2.13575,"annual"
"Diagnostic model","Diagnostic model",2,2,"Seed 2",FALSE,FALSE,"annual_sb_sbmsy","SB/SBMSY",1999,2.044,"annual"
"Diagnostic model","Diagnostic model",2,2,"Seed 2",FALSE,FALSE,"annual_sb_sbmsy","SB/SBMSY",2000,1.8915,"annual"
"Diagnostic model","Diagnostic model",2,2,"Seed 2",FALSE,FALSE,"annual_sb_sbmsy","SB/SBMSY",2001,1.7725,"annual"
"Diagnostic model","Diagnostic model",2,2,"Seed 2",FALSE,FALSE,"annual_sb_sbmsy","SB/SBMSY",2002,1.7255,"annual"
"Diagnostic model","Diagnostic model",2,2,"Seed 2",FALSE,FALSE,"annual_sb_sbmsy","SB/SBMSY",2003,1.6855,"annual"
"Diagnostic model","Diagnostic model",2,2,"Seed 2",FALSE,FALSE,"annual_sb_sbmsy","SB/SBMSY",2004,1.64325,"annual"
"Diagnostic model","Diagnostic model",2,2,"Seed 2",FALSE,FALSE,"annual_sb_sbmsy","SB/SBMSY",2005,1.522,"annual"
"Diagnostic model","Diagnostic model",2,2,"Seed 2",FALSE,FALSE,"annual_sb_sbmsy","SB/SBMSY",2006,1.4835,"annual"
"Diagnostic model","Diagnostic model",2,2,"Seed 2",FALSE,FALSE,"annual_sb_sbmsy","SB/SBMSY",2007,1.4725,"annual"
"Diagnostic model","Diagnostic model",2,2,"Seed 2",FALSE,FALSE,"annual_sb_sbmsy","SB/SBMSY",2008,1.41675,"annual"
"Diagnostic model","Diagnostic model",2,2,"Seed 2",FALSE,FALSE,"annual_sb_sbmsy","SB/SBMSY",2009,1.30575,"annual"
"Diagnostic model","Diagnostic model",2,2,"Seed 2",FALSE,FALSE,"annual_sb_sbmsy","SB/SBMSY",2010,1.1975,"annual"
"Diagnostic model","Diagnostic model",2,2,"Seed 2",FALSE,FALSE,"annual_sb_sbmsy","SB/SBMSY",2011,1.179,"annual"
"Diagnostic model","Diagnostic model",2,2,"Seed 2",FALSE,FALSE,"annual_sb_sbmsy","SB/SBMSY",2012,1.143,"annual"
"Diagnostic model","Diagnostic model",2,2,"Seed 2",FALSE,FALSE,"annual_sb_sbmsy","SB/SBMSY",2013,1.064,"annual"
"Diagnostic model","Diagnostic model",2,2,"Seed 2",FALSE,FALSE,"annual_sb_sbmsy","SB/SBMSY",2014,1.0805,"annual"
"Diagnostic model","Diagnostic model",2,2,"Seed 2",FALSE,FALSE,"annual_sb_sbmsy","SB/SBMSY",2015,1.163,"annual"
"Diagnostic model","Diagnostic model",2,2,"Seed 2",FALSE,FALSE,"annual_sb_sbmsy","SB/SBMSY",2016,1.20275,"annual"
"Diagnostic model","Diagnostic model",2,2,"Seed 2",FALSE,FALSE,"annual_sb_sbmsy","SB/SBMSY",2017,1.17775,"annual"
"Diagnostic model","Diagnostic model",2,2,"Seed 2",FALSE,FALSE,"annual_sb_sbmsy","SB/SBMSY",2018,1.16125,"annual"
"Diagnostic model","Diagnostic model",2,2,"Seed 2",FALSE,FALSE,"annual_sb_sbmsy","SB/SBMSY",2019,1.153,"annual"
"Diagnostic model","Diagnostic model",2,2,"Seed 2",FALSE,FALSE,"annual_sb_sbmsy","SB/SBMSY",2020,1.1715,"annual"
"Diagnostic model","Diagnostic model",2,2,"Seed 2",FALSE,FALSE,"annual_sb_sbmsy","SB/SBMSY",2021,1.19025,"annual"
"Diagnostic model","Diagnostic model",2,2,"Seed 2",FALSE,FALSE,"annual_sb_sbmsy","SB/SBMSY",2022,1.1875,"annual"
"Diagnostic model","Diagnostic model",2,2,"Seed 2",FALSE,FALSE,"annual_sb_sbmsy","SB/SBMSY",2023,1.118,"annual"
"Diagnostic model","Diagnostic model",2,2,"Seed 2",FALSE,FALSE,"annual_sb_sbmsy","SB/SBMSY",2024,0.968725,"annual"
"Diagnostic model","Diagnostic model",2,2,"Seed 2",FALSE,FALSE,"annual_f_fmsy","F/FMSY",1952,0.0674675,"annual"
"Diagnostic model","Diagnostic model",2,2,"Seed 2",FALSE,FALSE,"annual_f_fmsy","F/FMSY",1953,0.0622525,"annual"
"Diagnostic model","Diagnostic model",2,2,"Seed 2",FALSE,FALSE,"annual_f_fmsy","F/FMSY",1954,0.0413675,"annual"
"Diagnostic model","Diagnostic model",2,2,"Seed 2",FALSE,FALSE,"annual_f_fmsy","F/FMSY",1955,0.065635,"annual"
"Diagnostic model","Diagnostic model",2,2,"Seed 2",FALSE,FALSE,"annual_f_fmsy","F/FMSY",1956,0.0731,"annual"
"Diagnostic model","Diagnostic model",2,2,"Seed 2",FALSE,FALSE,"annual_f_fmsy","F/FMSY",1957,0.0988825,"annual"
"Diagnostic model","Diagnostic model",2,2,"Seed 2",FALSE,FALSE,"annual_f_fmsy","F/FMSY",1958,0.14631,"annual"
"Diagnostic model","Diagnostic model",2,2,"Seed 2",FALSE,FALSE,"annual_f_fmsy","F/FMSY",1959,0.1335125,"annual"
"Diagnostic model","Diagnostic model",2,2,"Seed 2",FALSE,FALSE,"annual_f_fmsy","F/FMSY",1960,0.1319075,"annual"
"Diagnostic model","Diagnostic model",2,2,"Seed 2",FALSE,FALSE,"annual_f_fmsy","F/FMSY",1961,0.1292625,"annual"
"Diagnostic model","Diagnostic model",2,2,"Seed 2",FALSE,FALSE,"annual_f_fmsy","F/FMSY",1962,0.1256675,"annual"
"Diagnostic model","Diagnostic model",2,2,"Seed 2",FALSE,FALSE,"annual_f_fmsy","F/FMSY",1963,0.162025,"annual"
"Diagnostic model","Diagnostic model",2,2,"Seed 2",FALSE,FALSE,"annual_f_fmsy","F/FMSY",1964,0.1211575,"annual"
"Diagnostic model","Diagnostic model",2,2,"Seed 2",FALSE,FALSE,"annual_f_fmsy","F/FMSY",1965,0.1138525,"annual"
"Diagnostic model","Diagnostic model",2,2,"Seed 2",FALSE,FALSE,"annual_f_fmsy","F/FMSY",1966,0.128725,"annual"
"Diagnostic model","Diagnostic model",2,2,"Seed 2",FALSE,FALSE,"annual_f_fmsy","F/FMSY",1967,0.14085,"annual"
"Diagnostic model","Diagnostic model",2,2,"Seed 2",FALSE,FALSE,"annual_f_fmsy","F/FMSY",1968,0.1154975,"annual"
"Diagnostic model","Diagnostic model",2,2,"Seed 2",FALSE,FALSE,"annual_f_fmsy","F/FMSY",1969,0.145065,"annual"
"Diagnostic model","Diagnostic model",2,2,"Seed 2",FALSE,FALSE,"annual_f_fmsy","F/FMSY",1970,0.140075,"annual"
"Diagnostic model","Diagnostic model",2,2,"Seed 2",FALSE,FALSE,"annual_f_fmsy","F/FMSY",1971,0.143275,"annual"
"Diagnostic model","Diagnostic model",2,2,"Seed 2",FALSE,FALSE,"annual_f_fmsy","F/FMSY",1972,0.19875,"annual"
"Diagnostic model","Diagnostic model",2,2,"Seed 2",FALSE,FALSE,"annual_f_fmsy","F/FMSY",1973,0.168525,"annual"
"Diagnostic model","Diagnostic model",2,2,"Seed 2",FALSE,FALSE,"annual_f_fmsy","F/FMSY",1974,0.18805,"annual"
"Diagnostic model","Diagnostic model",2,2,"Seed 2",FALSE,FALSE,"annual_f_fmsy","F/FMSY",1975,0.241825,"annual"
"Diagnostic model","Diagnostic model",2,2,"Seed 2",FALSE,FALSE,"annual_f_fmsy","F/FMSY",1976,0.2549,"annual"
"Diagnostic model","Diagnostic model",2,2,"Seed 2",FALSE,FALSE,"annual_f_fmsy","F/FMSY",1977,0.2833,"annual"
"Diagnostic model","Diagnostic model",2,2,"Seed 2",FALSE,FALSE,"annual_f_fmsy","F/FMSY",1978,0.23585,"annual"
"Diagnostic model","Diagnostic model",2,2,"Seed 2",FALSE,FALSE,"annual_f_fmsy","F/FMSY",1979,0.3057,"annual"
"Diagnostic model","Diagnostic model",2,2,"Seed 2",FALSE,FALSE,"annual_f_fmsy","F/FMSY",1980,0.310425,"annual"
"Diagnostic model","Diagnostic model",2,2,"Seed 2",FALSE,FALSE,"annual_f_fmsy","F/FMSY",1981,0.296525,"annual"
"Diagnostic model","Diagnostic model",2,2,"Seed 2",FALSE,FALSE,"annual_f_fmsy","F/FMSY",1982,0.3441,"annual"
"Diagnostic model","Diagnostic model",2,2,"Seed 2",FALSE,FALSE,"annual_f_fmsy","F/FMSY",1983,0.339475,"annual"
"Diagnostic model","Diagnostic model",2,2,"Seed 2",FALSE,FALSE,"annual_f_fmsy","F/FMSY",1984,0.3658,"annual"
"Diagnostic model","Diagnostic model",2,2,"Seed 2",FALSE,FALSE,"annual_f_fmsy","F/FMSY",1985,0.38445,"annual"
"Diagnostic model","Diagnostic model",2,2,"Seed 2",FALSE,FALSE,"annual_f_fmsy","F/FMSY",1986,0.35475,"annual"
"Diagnostic model","Diagnostic model",2,2,"Seed 2",FALSE,FALSE,"annual_f_fmsy","F/FMSY",1987,0.45495,"annual"
"Diagnostic model","Diagnostic model",2,2,"Seed 2",FALSE,FALSE,"annual_f_fmsy","F/FMSY",1988,0.3986,"annual"
"Diagnostic model","Diagnostic model",2,2,"Seed 2",FALSE,FALSE,"annual_f_fmsy","F/FMSY",1989,0.390925,"annual"
"Diagnostic model","Diagnostic model",2,2,"Seed 2",FALSE,FALSE,"annual_f_fmsy","F/FMSY",1990,0.476025,"annual"
"Diagnostic model","Diagnostic model",2,2,"Seed 2",FALSE,FALSE,"annual_f_fmsy","F/FMSY",1991,0.439775,"annual"
"Diagnostic model","Diagnostic model",2,2,"Seed 2",FALSE,FALSE,"annual_f_fmsy","F/FMSY",1992,0.5539,"annual"
"Diagnostic model","Diagnostic model",2,2,"Seed 2",FALSE,FALSE,"annual_f_fmsy","F/FMSY",1993,0.497275,"annual"
"Diagnostic model","Diagnostic model",2,2,"Seed 2",FALSE,FALSE,"annual_f_fmsy","F/FMSY",1994,0.5821,"annual"
"Diagnostic model","Diagnostic model",2,2,"Seed 2",FALSE,FALSE,"annual_f_fmsy","F/FMSY",1995,0.51985,"annual"
"Diagnostic model","Diagnostic model",2,2,"Seed 2",FALSE,FALSE,"annual_f_fmsy","F/FMSY",1996,0.483975,"annual"
"Diagnostic model","Diagnostic model",2,2,"Seed 2",FALSE,FALSE,"annual_f_fmsy","F/FMSY",1997,0.611275,"annual"
"Diagnostic model","Diagnostic model",2,2,"Seed 2",FALSE,FALSE,"annual_f_fmsy","F/FMSY",1998,0.727575,"annual"
"Diagnostic model","Diagnostic model",2,2,"Seed 2",FALSE,FALSE,"annual_f_fmsy","F/FMSY",1999,0.7941,"annual"
"Diagnostic model","Diagnostic model",2,2,"Seed 2",FALSE,FALSE,"annual_f_fmsy","F/FMSY",2000,0.777975,"annual"
"Diagnostic model","Diagnostic model",2,2,"Seed 2",FALSE,FALSE,"annual_f_fmsy","F/FMSY",2001,0.676725,"annual"
"Diagnostic model","Diagnostic model",2,2,"Seed 2",FALSE,FALSE,"annual_f_fmsy","F/FMSY",2002,0.8446,"annual"
"Diagnostic model","Diagnostic model",2,2,"Seed 2",FALSE,FALSE,"annual_f_fmsy","F/FMSY",2003,0.777825,"annual"
"Diagnostic model","Diagnostic model",2,2,"Seed 2",FALSE,FALSE,"annual_f_fmsy","F/FMSY",2004,1.079725,"annual"
"Diagnostic model","Diagnostic model",2,2,"Seed 2",FALSE,FALSE,"annual_f_fmsy","F/FMSY",2005,0.8731,"annual"
"Diagnostic model","Diagnostic model",2,2,"Seed 2",FALSE,FALSE,"annual_f_fmsy","F/FMSY",2006,0.932175,"annual"
"Diagnostic model","Diagnostic model",2,2,"Seed 2",FALSE,FALSE,"annual_f_fmsy","F/FMSY",2007,0.951875,"annual"
"Diagnostic model","Diagnostic model",2,2,"Seed 2",FALSE,FALSE,"annual_f_fmsy","F/FMSY",2008,1.0347,"annual"
"Diagnostic model","Diagnostic model",2,2,"Seed 2",FALSE,FALSE,"annual_f_fmsy","F/FMSY",2009,1.06695,"annual"
"Diagnostic model","Diagnostic model",2,2,"Seed 2",FALSE,FALSE,"annual_f_fmsy","F/FMSY",2010,0.89425,"annual"
"Diagnostic model","Diagnostic model",2,2,"Seed 2",FALSE,FALSE,"annual_f_fmsy","F/FMSY",2011,1.111,"annual"
"Diagnostic model","Diagnostic model",2,2,"Seed 2",FALSE,FALSE,"annual_f_fmsy","F/FMSY",2012,1.147775,"annual"
"Diagnostic model","Diagnostic model",2,2,"Seed 2",FALSE,FALSE,"annual_f_fmsy","F/FMSY",2013,1.044875,"annual"
"Diagnostic model","Diagnostic model",2,2,"Seed 2",FALSE,FALSE,"annual_f_fmsy","F/FMSY",2014,1.117325,"annual"
"Diagnostic model","Diagnostic model",2,2,"Seed 2",FALSE,FALSE,"annual_f_fmsy","F/FMSY",2015,1.007225,"annual"
"Diagnostic model","Diagnostic model",2,2,"Seed 2",FALSE,FALSE,"annual_f_fmsy","F/FMSY",2016,1.055825,"annual"
"Diagnostic model","Diagnostic model",2,2,"Seed 2",FALSE,FALSE,"annual_f_fmsy","F/FMSY",2017,0.893525,"annual"
"Diagnostic model","Diagnostic model",2,2,"Seed 2",FALSE,FALSE,"annual_f_fmsy","F/FMSY",2018,1.03385,"annual"
"Diagnostic model","Diagnostic model",2,2,"Seed 2",FALSE,FALSE,"annual_f_fmsy","F/FMSY",2019,0.919,"annual"
"Diagnostic model","Diagnostic model",2,2,"Seed 2",FALSE,FALSE,"annual_f_fmsy","F/FMSY",2020,0.981175,"annual"
"Diagnostic model","Diagnostic model",2,2,"Seed 2",FALSE,FALSE,"annual_f_fmsy","F/FMSY",2021,0.958775,"annual"
"Diagnostic model","Diagnostic model",2,2,"Seed 2",FALSE,FALSE,"annual_f_fmsy","F/FMSY",2022,1.049475,"annual"
"Diagnostic model","Diagnostic model",2,2,"Seed 2",FALSE,FALSE,"annual_f_fmsy","F/FMSY",2023,1.1483,"annual"
"Diagnostic model","Diagnostic model",2,2,"Seed 2",FALSE,FALSE,"annual_f_fmsy","F/FMSY",2024,1.29975,"annual"
"Diagnostic model","Diagnostic model",3,3,"Seed 3",FALSE,FALSE,"annual_depletion","SB/SBF=0",1952,0.993092882747564,"annual"
"Diagnostic model","Diagnostic model",3,3,"Seed 3",FALSE,FALSE,"annual_depletion","SB/SBF=0",1953,0.971660710858459,"annual"
"Diagnostic model","Diagnostic model",3,3,"Seed 3",FALSE,FALSE,"annual_depletion","SB/SBF=0",1954,0.958783675800112,"annual"
"Diagnostic model","Diagnostic model",3,3,"Seed 3",FALSE,FALSE,"annual_depletion","SB/SBF=0",1955,0.948014645260237,"annual"
"Diagnostic model","Diagnostic model",3,3,"Seed 3",FALSE,FALSE,"annual_depletion","SB/SBF=0",1956,0.933886240953538,"annual"
"Diagnostic model","Diagnostic model",3,3,"Seed 3",FALSE,FALSE,"annual_depletion","SB/SBF=0",1957,0.920838252359033,"annual"
"Diagnostic model","Diagnostic model",3,3,"Seed 3",FALSE,FALSE,"annual_depletion","SB/SBF=0",1958,0.897244949017416,"annual"
"Diagnostic model","Diagnostic model",3,3,"Seed 3",FALSE,FALSE,"annual_depletion","SB/SBF=0",1959,0.86670255102491,"annual"
"Diagnostic model","Diagnostic model",3,3,"Seed 3",FALSE,FALSE,"annual_depletion","SB/SBF=0",1960,0.84188677020677,"annual"
"Diagnostic model","Diagnostic model",3,3,"Seed 3",FALSE,FALSE,"annual_depletion","SB/SBF=0",1961,0.830222953337478,"annual"
"Diagnostic model","Diagnostic model",3,3,"Seed 3",FALSE,FALSE,"annual_depletion","SB/SBF=0",1962,0.818144803231126,"annual"
"Diagnostic model","Diagnostic model",3,3,"Seed 3",FALSE,FALSE,"annual_depletion","SB/SBF=0",1963,0.806869129577833,"annual"
"Diagnostic model","Diagnostic model",3,3,"Seed 3",FALSE,FALSE,"annual_depletion","SB/SBF=0",1964,0.792947564892198,"annual"
"Diagnostic model","Diagnostic model",3,3,"Seed 3",FALSE,FALSE,"annual_depletion","SB/SBF=0",1965,0.797487592979806,"annual"
"Diagnostic model","Diagnostic model",3,3,"Seed 3",FALSE,FALSE,"annual_depletion","SB/SBF=0",1966,0.802533569080232,"annual"
"Diagnostic model","Diagnostic model",3,3,"Seed 3",FALSE,FALSE,"annual_depletion","SB/SBF=0",1967,0.797510220618025,"annual"
"Diagnostic model","Diagnostic model",3,3,"Seed 3",FALSE,FALSE,"annual_depletion","SB/SBF=0",1968,0.79428540680155,"annual"
"Diagnostic model","Diagnostic model",3,3,"Seed 3",FALSE,FALSE,"annual_depletion","SB/SBF=0",1969,0.798448439463493,"annual"
"Diagnostic model","Diagnostic model",3,3,"Seed 3",FALSE,FALSE,"annual_depletion","SB/SBF=0",1970,0.793881300718574,"annual"
"Diagnostic model","Diagnostic model",3,3,"Seed 3",FALSE,FALSE,"annual_depletion","SB/SBF=0",1971,0.790869502851251,"annual"
"Diagnostic model","Diagnostic model",3,3,"Seed 3",FALSE,FALSE,"annual_depletion","SB/SBF=0",1972,0.786216733119388,"annual"
"Diagnostic model","Diagnostic model",3,3,"Seed 3",FALSE,FALSE,"annual_depletion","SB/SBF=0",1973,0.765671010346943,"annual"
"Diagnostic model","Diagnostic model",3,3,"Seed 3",FALSE,FALSE,"annual_depletion","SB/SBF=0",1974,0.752947805525789,"annual"
"Diagnostic model","Diagnostic model",3,3,"Seed 3",FALSE,FALSE,"annual_depletion","SB/SBF=0",1975,0.73904134726374,"annual"
"Diagnostic model","Diagnostic model",3,3,"Seed 3",FALSE,FALSE,"annual_depletion","SB/SBF=0",1976,0.712961919134983,"annual"
"Diagnostic model","Diagnostic model",3,3,"Seed 3",FALSE,FALSE,"annual_depletion","SB/SBF=0",1977,0.693075294195168,"annual"
"Diagnostic model","Diagnostic model",3,3,"Seed 3",FALSE,FALSE,"annual_depletion","SB/SBF=0",1978,0.685030842018729,"annual"
"Diagnostic model","Diagnostic model",3,3,"Seed 3",FALSE,FALSE,"annual_depletion","SB/SBF=0",1979,0.668289611151661,"annual"
"Diagnostic model","Diagnostic model",3,3,"Seed 3",FALSE,FALSE,"annual_depletion","SB/SBF=0",1980,0.642274215007601,"annual"
"Diagnostic model","Diagnostic model",3,3,"Seed 3",FALSE,FALSE,"annual_depletion","SB/SBF=0",1981,0.619607386035077,"annual"
"Diagnostic model","Diagnostic model",3,3,"Seed 3",FALSE,FALSE,"annual_depletion","SB/SBF=0",1982,0.608159654504208,"annual"
"Diagnostic model","Diagnostic model",3,3,"Seed 3",FALSE,FALSE,"annual_depletion","SB/SBF=0",1983,0.600668848159519,"annual"
"Diagnostic model","Diagnostic model",3,3,"Seed 3",FALSE,FALSE,"annual_depletion","SB/SBF=0",1984,0.596613752995449,"annual"
"Diagnostic model","Diagnostic model",3,3,"Seed 3",FALSE,FALSE,"annual_depletion","SB/SBF=0",1985,0.575587242964792,"annual"
"Diagnostic model","Diagnostic model",3,3,"Seed 3",FALSE,FALSE,"annual_depletion","SB/SBF=0",1986,0.549464759427828,"annual"
"Diagnostic model","Diagnostic model",3,3,"Seed 3",FALSE,FALSE,"annual_depletion","SB/SBF=0",1987,0.532460868820498,"annual"
"Diagnostic model","Diagnostic model",3,3,"Seed 3",FALSE,FALSE,"annual_depletion","SB/SBF=0",1988,0.512030547203848,"annual"
"Diagnostic model","Diagnostic model",3,3,"Seed 3",FALSE,FALSE,"annual_depletion","SB/SBF=0",1989,0.497889674402884,"annual"
"Diagnostic model","Diagnostic model",3,3,"Seed 3",FALSE,FALSE,"annual_depletion","SB/SBF=0",1990,0.492040859198571,"annual"
"Diagnostic model","Diagnostic model",3,3,"Seed 3",FALSE,FALSE,"annual_depletion","SB/SBF=0",1991,0.48165521835061,"annual"
"Diagnostic model","Diagnostic model",3,3,"Seed 3",FALSE,FALSE,"annual_depletion","SB/SBF=0",1992,0.463845613749453,"annual"
"Diagnostic model","Diagnostic model",3,3,"Seed 3",FALSE,FALSE,"annual_depletion","SB/SBF=0",1993,0.435139022735469,"annual"
"Diagnostic model","Diagnostic model",3,3,"Seed 3",FALSE,FALSE,"annual_depletion","SB/SBF=0",1994,0.411483443893918,"annual"
"Diagnostic model","Diagnostic model",3,3,"Seed 3",FALSE,FALSE,"annual_depletion","SB/SBF=0",1995,0.38462413521376,"annual"
"Diagnostic model","Diagnostic model",3,3,"Seed 3",FALSE,FALSE,"annual_depletion","SB/SBF=0",1996,0.377250746863175,"annual"
"Diagnostic model","Diagnostic model",3,3,"Seed 3",FALSE,FALSE,"annual_depletion","SB/SBF=0",1997,0.392761678533886,"annual"
"Diagnostic model","Diagnostic model",3,3,"Seed 3",FALSE,FALSE,"annual_depletion","SB/SBF=0",1998,0.377166945028857,"annual"
"Diagnostic model","Diagnostic model",3,3,"Seed 3",FALSE,FALSE,"annual_depletion","SB/SBF=0",1999,0.352563205138763,"annual"
"Diagnostic model","Diagnostic model",3,3,"Seed 3",FALSE,FALSE,"annual_depletion","SB/SBF=0",2000,0.321596656565937,"annual"
"Diagnostic model","Diagnostic model",3,3,"Seed 3",FALSE,FALSE,"annual_depletion","SB/SBF=0",2001,0.298735803323462,"annual"
"Diagnostic model","Diagnostic model",3,3,"Seed 3",FALSE,FALSE,"annual_depletion","SB/SBF=0",2002,0.28531892259143,"annual"
"Diagnostic model","Diagnostic model",3,3,"Seed 3",FALSE,FALSE,"annual_depletion","SB/SBF=0",2003,0.270031204272189,"annual"
"Diagnostic model","Diagnostic model",3,3,"Seed 3",FALSE,FALSE,"annual_depletion","SB/SBF=0",2004,0.260775135016724,"annual"
"Diagnostic model","Diagnostic model",3,3,"Seed 3",FALSE,FALSE,"annual_depletion","SB/SBF=0",2005,0.238498701561499,"annual"
"Diagnostic model","Diagnostic model",3,3,"Seed 3",FALSE,FALSE,"annual_depletion","SB/SBF=0",2006,0.232580868071746,"annual"
"Diagnostic model","Diagnostic model",3,3,"Seed 3",FALSE,FALSE,"annual_depletion","SB/SBF=0",2007,0.226377674498297,"annual"
"Diagnostic model","Diagnostic model",3,3,"Seed 3",FALSE,FALSE,"annual_depletion","SB/SBF=0",2008,0.217118518774624,"annual"
"Diagnostic model","Diagnostic model",3,3,"Seed 3",FALSE,FALSE,"annual_depletion","SB/SBF=0",2009,0.20525197059605,"annual"
"Diagnostic model","Diagnostic model",3,3,"Seed 3",FALSE,FALSE,"annual_depletion","SB/SBF=0",2010,0.191291379952426,"annual"
"Diagnostic model","Diagnostic model",3,3,"Seed 3",FALSE,FALSE,"annual_depletion","SB/SBF=0",2011,0.189600417065829,"annual"
"Diagnostic model","Diagnostic model",3,3,"Seed 3",FALSE,FALSE,"annual_depletion","SB/SBF=0",2012,0.183621111765445,"annual"
"Diagnostic model","Diagnostic model",3,3,"Seed 3",FALSE,FALSE,"annual_depletion","SB/SBF=0",2013,0.17618336520849,"annual"
"Diagnostic model","Diagnostic model",3,3,"Seed 3",FALSE,FALSE,"annual_depletion","SB/SBF=0",2014,0.180277132398415,"annual"
"Diagnostic model","Diagnostic model",3,3,"Seed 3",FALSE,FALSE,"annual_depletion","SB/SBF=0",2015,0.186821720388599,"annual"
"Diagnostic model","Diagnostic model",3,3,"Seed 3",FALSE,FALSE,"annual_depletion","SB/SBF=0",2016,0.188170769965649,"annual"
"Diagnostic model","Diagnostic model",3,3,"Seed 3",FALSE,FALSE,"annual_depletion","SB/SBF=0",2017,0.185858343644392,"annual"
"Diagnostic model","Diagnostic model",3,3,"Seed 3",FALSE,FALSE,"annual_depletion","SB/SBF=0",2018,0.185964986139537,"annual"
"Diagnostic model","Diagnostic model",3,3,"Seed 3",FALSE,FALSE,"annual_depletion","SB/SBF=0",2019,0.185095703582299,"annual"
"Diagnostic model","Diagnostic model",3,3,"Seed 3",FALSE,FALSE,"annual_depletion","SB/SBF=0",2020,0.188754778006469,"annual"
"Diagnostic model","Diagnostic model",3,3,"Seed 3",FALSE,FALSE,"annual_depletion","SB/SBF=0",2021,0.195973159924877,"annual"
"Diagnostic model","Diagnostic model",3,3,"Seed 3",FALSE,FALSE,"annual_depletion","SB/SBF=0",2022,0.198405367357545,"annual"
"Diagnostic model","Diagnostic model",3,3,"Seed 3",FALSE,FALSE,"annual_depletion","SB/SBF=0",2023,0.191253781675034,"annual"
"Diagnostic model","Diagnostic model",3,3,"Seed 3",FALSE,FALSE,"annual_depletion","SB/SBF=0",2024,0.168697301296642,"annual"
"Diagnostic model","Diagnostic model",3,3,"Seed 3",FALSE,FALSE,"annual_sb_sbmsy","SB/SBMSY",1952,5.1225,"annual"
"Diagnostic model","Diagnostic model",3,3,"Seed 3",FALSE,FALSE,"annual_sb_sbmsy","SB/SBMSY",1953,5.1355,"annual"
"Diagnostic model","Diagnostic model",3,3,"Seed 3",FALSE,FALSE,"annual_sb_sbmsy","SB/SBMSY",1954,5.15825,"annual"
"Diagnostic model","Diagnostic model",3,3,"Seed 3",FALSE,FALSE,"annual_sb_sbmsy","SB/SBMSY",1955,5.1655,"annual"
"Diagnostic model","Diagnostic model",3,3,"Seed 3",FALSE,FALSE,"annual_sb_sbmsy","SB/SBMSY",1956,5.141,"annual"
"Diagnostic model","Diagnostic model",3,3,"Seed 3",FALSE,FALSE,"annual_sb_sbmsy","SB/SBMSY",1957,5.29725,"annual"
"Diagnostic model","Diagnostic model",3,3,"Seed 3",FALSE,FALSE,"annual_sb_sbmsy","SB/SBMSY",1958,5.1795,"annual"
"Diagnostic model","Diagnostic model",3,3,"Seed 3",FALSE,FALSE,"annual_sb_sbmsy","SB/SBMSY",1959,4.74425,"annual"
"Diagnostic model","Diagnostic model",3,3,"Seed 3",FALSE,FALSE,"annual_sb_sbmsy","SB/SBMSY",1960,4.27675,"annual"
"Diagnostic model","Diagnostic model",3,3,"Seed 3",FALSE,FALSE,"annual_sb_sbmsy","SB/SBMSY",1961,4.115,"annual"
"Diagnostic model","Diagnostic model",3,3,"Seed 3",FALSE,FALSE,"annual_sb_sbmsy","SB/SBMSY",1962,3.863,"annual"
"Diagnostic model","Diagnostic model",3,3,"Seed 3",FALSE,FALSE,"annual_sb_sbmsy","SB/SBMSY",1963,3.6425,"annual"
"Diagnostic model","Diagnostic model",3,3,"Seed 3",FALSE,FALSE,"annual_sb_sbmsy","SB/SBMSY",1964,3.39425,"annual"
"Diagnostic model","Diagnostic model",3,3,"Seed 3",FALSE,FALSE,"annual_sb_sbmsy","SB/SBMSY",1965,3.305,"annual"
"Diagnostic model","Diagnostic model",3,3,"Seed 3",FALSE,FALSE,"annual_sb_sbmsy","SB/SBMSY",1966,3.2755,"annual"
"Diagnostic model","Diagnostic model",3,3,"Seed 3",FALSE,FALSE,"annual_sb_sbmsy","SB/SBMSY",1967,3.1375,"annual"
"Diagnostic model","Diagnostic model",3,3,"Seed 3",FALSE,FALSE,"annual_sb_sbmsy","SB/SBMSY",1968,2.99475,"annual"
"Diagnostic model","Diagnostic model",3,3,"Seed 3",FALSE,FALSE,"annual_sb_sbmsy","SB/SBMSY",1969,3.0075,"annual"
"Diagnostic model","Diagnostic model",3,3,"Seed 3",FALSE,FALSE,"annual_sb_sbmsy","SB/SBMSY",1970,2.90525,"annual"
"Diagnostic model","Diagnostic model",3,3,"Seed 3",FALSE,FALSE,"annual_sb_sbmsy","SB/SBMSY",1971,2.823,"annual"
"Diagnostic model","Diagnostic model",3,3,"Seed 3",FALSE,FALSE,"annual_sb_sbmsy","SB/SBMSY",1972,2.81175,"annual"
"Diagnostic model","Diagnostic model",3,3,"Seed 3",FALSE,FALSE,"annual_sb_sbmsy","SB/SBMSY",1973,2.64,"annual"
"Diagnostic model","Diagnostic model",3,3,"Seed 3",FALSE,FALSE,"annual_sb_sbmsy","SB/SBMSY",1974,2.498,"annual"
"Diagnostic model","Diagnostic model",3,3,"Seed 3",FALSE,FALSE,"annual_sb_sbmsy","SB/SBMSY",1975,2.41225,"annual"
"Diagnostic model","Diagnostic model",3,3,"Seed 3",FALSE,FALSE,"annual_sb_sbmsy","SB/SBMSY",1976,2.273,"annual"
"Diagnostic model","Diagnostic model",3,3,"Seed 3",FALSE,FALSE,"annual_sb_sbmsy","SB/SBMSY",1977,2.2355,"annual"
"Diagnostic model","Diagnostic model",3,3,"Seed 3",FALSE,FALSE,"annual_sb_sbmsy","SB/SBMSY",1978,2.30225,"annual"
"Diagnostic model","Diagnostic model",3,3,"Seed 3",FALSE,FALSE,"annual_sb_sbmsy","SB/SBMSY",1979,2.2555,"annual"
"Diagnostic model","Diagnostic model",3,3,"Seed 3",FALSE,FALSE,"annual_sb_sbmsy","SB/SBMSY",1980,2.159,"annual"
"Diagnostic model","Diagnostic model",3,3,"Seed 3",FALSE,FALSE,"annual_sb_sbmsy","SB/SBMSY",1981,1.977,"annual"
"Diagnostic model","Diagnostic model",3,3,"Seed 3",FALSE,FALSE,"annual_sb_sbmsy","SB/SBMSY",1982,1.88275,"annual"
"Diagnostic model","Diagnostic model",3,3,"Seed 3",FALSE,FALSE,"annual_sb_sbmsy","SB/SBMSY",1983,1.89375,"annual"
"Diagnostic model","Diagnostic model",3,3,"Seed 3",FALSE,FALSE,"annual_sb_sbmsy","SB/SBMSY",1984,2.02275,"annual"
"Diagnostic model","Diagnostic model",3,3,"Seed 3",FALSE,FALSE,"annual_sb_sbmsy","SB/SBMSY",1985,2.08975,"annual"
"Diagnostic model","Diagnostic model",3,3,"Seed 3",FALSE,FALSE,"annual_sb_sbmsy","SB/SBMSY",1986,2.04125,"annual"
"Diagnostic model","Diagnostic model",3,3,"Seed 3",FALSE,FALSE,"annual_sb_sbmsy","SB/SBMSY",1987,2.04225,"annual"
"Diagnostic model","Diagnostic model",3,3,"Seed 3",FALSE,FALSE,"annual_sb_sbmsy","SB/SBMSY",1988,2.0565,"annual"
"Diagnostic model","Diagnostic model",3,3,"Seed 3",FALSE,FALSE,"annual_sb_sbmsy","SB/SBMSY",1989,2.04925,"annual"
"Diagnostic model","Diagnostic model",3,3,"Seed 3",FALSE,FALSE,"annual_sb_sbmsy","SB/SBMSY",1990,2.17225,"annual"
"Diagnostic model","Diagnostic model",3,3,"Seed 3",FALSE,FALSE,"annual_sb_sbmsy","SB/SBMSY",1991,2.2355,"annual"
"Diagnostic model","Diagnostic model",3,3,"Seed 3",FALSE,FALSE,"annual_sb_sbmsy","SB/SBMSY",1992,2.20175,"annual"
"Diagnostic model","Diagnostic model",3,3,"Seed 3",FALSE,FALSE,"annual_sb_sbmsy","SB/SBMSY",1993,2.06325,"annual"
"Diagnostic model","Diagnostic model",3,3,"Seed 3",FALSE,FALSE,"annual_sb_sbmsy","SB/SBMSY",1994,1.989,"annual"
"Diagnostic model","Diagnostic model",3,3,"Seed 3",FALSE,FALSE,"annual_sb_sbmsy","SB/SBMSY",1995,1.88175,"annual"
"Diagnostic model","Diagnostic model",3,3,"Seed 3",FALSE,FALSE,"annual_sb_sbmsy","SB/SBMSY",1996,1.83,"annual"
"Diagnostic model","Diagnostic model",3,3,"Seed 3",FALSE,FALSE,"annual_sb_sbmsy","SB/SBMSY",1997,1.9455,"annual"
"Diagnostic model","Diagnostic model",3,3,"Seed 3",FALSE,FALSE,"annual_sb_sbmsy","SB/SBMSY",1998,1.9155,"annual"
"Diagnostic model","Diagnostic model",3,3,"Seed 3",FALSE,FALSE,"annual_sb_sbmsy","SB/SBMSY",1999,1.81975,"annual"
"Diagnostic model","Diagnostic model",3,3,"Seed 3",FALSE,FALSE,"annual_sb_sbmsy","SB/SBMSY",2000,1.67625,"annual"
"Diagnostic model","Diagnostic model",3,3,"Seed 3",FALSE,FALSE,"annual_sb_sbmsy","SB/SBMSY",2001,1.56825,"annual"
"Diagnostic model","Diagnostic model",3,3,"Seed 3",FALSE,FALSE,"annual_sb_sbmsy","SB/SBMSY",2002,1.5415,"annual"
"Diagnostic model","Diagnostic model",3,3,"Seed 3",FALSE,FALSE,"annual_sb_sbmsy","SB/SBMSY",2003,1.5205,"annual"
"Diagnostic model","Diagnostic model",3,3,"Seed 3",FALSE,FALSE,"annual_sb_sbmsy","SB/SBMSY",2004,1.49525,"annual"
"Diagnostic model","Diagnostic model",3,3,"Seed 3",FALSE,FALSE,"annual_sb_sbmsy","SB/SBMSY",2005,1.36625,"annual"
"Diagnostic model","Diagnostic model",3,3,"Seed 3",FALSE,FALSE,"annual_sb_sbmsy","SB/SBMSY",2006,1.33975,"annual"
"Diagnostic model","Diagnostic model",3,3,"Seed 3",FALSE,FALSE,"annual_sb_sbmsy","SB/SBMSY",2007,1.3275,"annual"
"Diagnostic model","Diagnostic model",3,3,"Seed 3",FALSE,FALSE,"annual_sb_sbmsy","SB/SBMSY",2008,1.274,"annual"
"Diagnostic model","Diagnostic model",3,3,"Seed 3",FALSE,FALSE,"annual_sb_sbmsy","SB/SBMSY",2009,1.18625,"annual"
"Diagnostic model","Diagnostic model",3,3,"Seed 3",FALSE,FALSE,"annual_sb_sbmsy","SB/SBMSY",2010,1.10175,"annual"
"Diagnostic model","Diagnostic model",3,3,"Seed 3",FALSE,FALSE,"annual_sb_sbmsy","SB/SBMSY",2011,1.10325,"annual"
"Diagnostic model","Diagnostic model",3,3,"Seed 3",FALSE,FALSE,"annual_sb_sbmsy","SB/SBMSY",2012,1.07225,"annual"
"Diagnostic model","Diagnostic model",3,3,"Seed 3",FALSE,FALSE,"annual_sb_sbmsy","SB/SBMSY",2013,1.01075,"annual"
"Diagnostic model","Diagnostic model",3,3,"Seed 3",FALSE,FALSE,"annual_sb_sbmsy","SB/SBMSY",2014,1.04175,"annual"
"Diagnostic model","Diagnostic model",3,3,"Seed 3",FALSE,FALSE,"annual_sb_sbmsy","SB/SBMSY",2015,1.12225,"annual"
"Diagnostic model","Diagnostic model",3,3,"Seed 3",FALSE,FALSE,"annual_sb_sbmsy","SB/SBMSY",2016,1.153,"annual"
"Diagnostic model","Diagnostic model",3,3,"Seed 3",FALSE,FALSE,"annual_sb_sbmsy","SB/SBMSY",2017,1.123,"annual"
"Diagnostic model","Diagnostic model",3,3,"Seed 3",FALSE,FALSE,"annual_sb_sbmsy","SB/SBMSY",2018,1.10925,"annual"
"Diagnostic model","Diagnostic model",3,3,"Seed 3",FALSE,FALSE,"annual_sb_sbmsy","SB/SBMSY",2019,1.1,"annual"
"Diagnostic model","Diagnostic model",3,3,"Seed 3",FALSE,FALSE,"annual_sb_sbmsy","SB/SBMSY",2020,1.11625,"annual"
"Diagnostic model","Diagnostic model",3,3,"Seed 3",FALSE,FALSE,"annual_sb_sbmsy","SB/SBMSY",2021,1.142,"annual"
"Diagnostic model","Diagnostic model",3,3,"Seed 3",FALSE,FALSE,"annual_sb_sbmsy","SB/SBMSY",2022,1.1395,"annual"
"Diagnostic model","Diagnostic model",3,3,"Seed 3",FALSE,FALSE,"annual_sb_sbmsy","SB/SBMSY",2023,1.0705,"annual"
"Diagnostic model","Diagnostic model",3,3,"Seed 3",FALSE,FALSE,"annual_sb_sbmsy","SB/SBMSY",2024,0.922875,"annual"
"Diagnostic model","Diagnostic model",3,3,"Seed 3",FALSE,FALSE,"annual_f_fmsy","F/FMSY",1952,0.076335,"annual"
"Diagnostic model","Diagnostic model",3,3,"Seed 3",FALSE,FALSE,"annual_f_fmsy","F/FMSY",1953,0.071035,"annual"
"Diagnostic model","Diagnostic model",3,3,"Seed 3",FALSE,FALSE,"annual_f_fmsy","F/FMSY",1954,0.048475,"annual"
"Diagnostic model","Diagnostic model",3,3,"Seed 3",FALSE,FALSE,"annual_f_fmsy","F/FMSY",1955,0.0775525,"annual"
"Diagnostic model","Diagnostic model",3,3,"Seed 3",FALSE,FALSE,"annual_f_fmsy","F/FMSY",1956,0.08578,"annual"
"Diagnostic model","Diagnostic model",3,3,"Seed 3",FALSE,FALSE,"annual_f_fmsy","F/FMSY",1957,0.115755,"annual"
"Diagnostic model","Diagnostic model",3,3,"Seed 3",FALSE,FALSE,"annual_f_fmsy","F/FMSY",1958,0.17142,"annual"
"Diagnostic model","Diagnostic model",3,3,"Seed 3",FALSE,FALSE,"annual_f_fmsy","F/FMSY",1959,0.15839,"annual"
"Diagnostic model","Diagnostic model",3,3,"Seed 3",FALSE,FALSE,"annual_f_fmsy","F/FMSY",1960,0.1598125,"annual"
"Diagnostic model","Diagnostic model",3,3,"Seed 3",FALSE,FALSE,"annual_f_fmsy","F/FMSY",1961,0.15915,"annual"
"Diagnostic model","Diagnostic model",3,3,"Seed 3",FALSE,FALSE,"annual_f_fmsy","F/FMSY",1962,0.153925,"annual"
"Diagnostic model","Diagnostic model",3,3,"Seed 3",FALSE,FALSE,"annual_f_fmsy","F/FMSY",1963,0.197825,"annual"
"Diagnostic model","Diagnostic model",3,3,"Seed 3",FALSE,FALSE,"annual_f_fmsy","F/FMSY",1964,0.147185,"annual"
"Diagnostic model","Diagnostic model",3,3,"Seed 3",FALSE,FALSE,"annual_f_fmsy","F/FMSY",1965,0.13735,"annual"
"Diagnostic model","Diagnostic model",3,3,"Seed 3",FALSE,FALSE,"annual_f_fmsy","F/FMSY",1966,0.15565,"annual"
"Diagnostic model","Diagnostic model",3,3,"Seed 3",FALSE,FALSE,"annual_f_fmsy","F/FMSY",1967,0.169,"annual"
"Diagnostic model","Diagnostic model",3,3,"Seed 3",FALSE,FALSE,"annual_f_fmsy","F/FMSY",1968,0.1386,"annual"
"Diagnostic model","Diagnostic model",3,3,"Seed 3",FALSE,FALSE,"annual_f_fmsy","F/FMSY",1969,0.174025,"annual"
"Diagnostic model","Diagnostic model",3,3,"Seed 3",FALSE,FALSE,"annual_f_fmsy","F/FMSY",1970,0.165725,"annual"
"Diagnostic model","Diagnostic model",3,3,"Seed 3",FALSE,FALSE,"annual_f_fmsy","F/FMSY",1971,0.16935,"annual"
"Diagnostic model","Diagnostic model",3,3,"Seed 3",FALSE,FALSE,"annual_f_fmsy","F/FMSY",1972,0.2348,"annual"
"Diagnostic model","Diagnostic model",3,3,"Seed 3",FALSE,FALSE,"annual_f_fmsy","F/FMSY",1973,0.1986,"annual"
"Diagnostic model","Diagnostic model",3,3,"Seed 3",FALSE,FALSE,"annual_f_fmsy","F/FMSY",1974,0.222975,"annual"
"Diagnostic model","Diagnostic model",3,3,"Seed 3",FALSE,FALSE,"annual_f_fmsy","F/FMSY",1975,0.285525,"annual"
"Diagnostic model","Diagnostic model",3,3,"Seed 3",FALSE,FALSE,"annual_f_fmsy","F/FMSY",1976,0.3011,"annual"
"Diagnostic model","Diagnostic model",3,3,"Seed 3",FALSE,FALSE,"annual_f_fmsy","F/FMSY",1977,0.33475,"annual"
"Diagnostic model","Diagnostic model",3,3,"Seed 3",FALSE,FALSE,"annual_f_fmsy","F/FMSY",1978,0.28015,"annual"
"Diagnostic model","Diagnostic model",3,3,"Seed 3",FALSE,FALSE,"annual_f_fmsy","F/FMSY",1979,0.363075,"annual"
"Diagnostic model","Diagnostic model",3,3,"Seed 3",FALSE,FALSE,"annual_f_fmsy","F/FMSY",1980,0.3694,"annual"
"Diagnostic model","Diagnostic model",3,3,"Seed 3",FALSE,FALSE,"annual_f_fmsy","F/FMSY",1981,0.349425,"annual"
"Diagnostic model","Diagnostic model",3,3,"Seed 3",FALSE,FALSE,"annual_f_fmsy","F/FMSY",1982,0.4037,"annual"
"Diagnostic model","Diagnostic model",3,3,"Seed 3",FALSE,FALSE,"annual_f_fmsy","F/FMSY",1983,0.3969,"annual"
"Diagnostic model","Diagnostic model",3,3,"Seed 3",FALSE,FALSE,"annual_f_fmsy","F/FMSY",1984,0.43045,"annual"
"Diagnostic model","Diagnostic model",3,3,"Seed 3",FALSE,FALSE,"annual_f_fmsy","F/FMSY",1985,0.4489,"annual"
"Diagnostic model","Diagnostic model",3,3,"Seed 3",FALSE,FALSE,"annual_f_fmsy","F/FMSY",1986,0.412325,"annual"
"Diagnostic model","Diagnostic model",3,3,"Seed 3",FALSE,FALSE,"annual_f_fmsy","F/FMSY",1987,0.5269,"annual"
"Diagnostic model","Diagnostic model",3,3,"Seed 3",FALSE,FALSE,"annual_f_fmsy","F/FMSY",1988,0.454775,"annual"
"Diagnostic model","Diagnostic model",3,3,"Seed 3",FALSE,FALSE,"annual_f_fmsy","F/FMSY",1989,0.445325,"annual"
"Diagnostic model","Diagnostic model",3,3,"Seed 3",FALSE,FALSE,"annual_f_fmsy","F/FMSY",1990,0.5465,"annual"
"Diagnostic model","Diagnostic model",3,3,"Seed 3",FALSE,FALSE,"annual_f_fmsy","F/FMSY",1991,0.507,"annual"
"Diagnostic model","Diagnostic model",3,3,"Seed 3",FALSE,FALSE,"annual_f_fmsy","F/FMSY",1992,0.63805,"annual"
"Diagnostic model","Diagnostic model",3,3,"Seed 3",FALSE,FALSE,"annual_f_fmsy","F/FMSY",1993,0.570775,"annual"
"Diagnostic model","Diagnostic model",3,3,"Seed 3",FALSE,FALSE,"annual_f_fmsy","F/FMSY",1994,0.660675,"annual"
"Diagnostic model","Diagnostic model",3,3,"Seed 3",FALSE,FALSE,"annual_f_fmsy","F/FMSY",1995,0.588575,"annual"
"Diagnostic model","Diagnostic model",3,3,"Seed 3",FALSE,FALSE,"annual_f_fmsy","F/FMSY",1996,0.54725,"annual"
"Diagnostic model","Diagnostic model",3,3,"Seed 3",FALSE,FALSE,"annual_f_fmsy","F/FMSY",1997,0.69085,"annual"
"Diagnostic model","Diagnostic model",3,3,"Seed 3",FALSE,FALSE,"annual_f_fmsy","F/FMSY",1998,0.820375,"annual"
"Diagnostic model","Diagnostic model",3,3,"Seed 3",FALSE,FALSE,"annual_f_fmsy","F/FMSY",1999,0.900875,"annual"
"Diagnostic model","Diagnostic model",3,3,"Seed 3",FALSE,FALSE,"annual_f_fmsy","F/FMSY",2000,0.87905,"annual"
"Diagnostic model","Diagnostic model",3,3,"Seed 3",FALSE,FALSE,"annual_f_fmsy","F/FMSY",2001,0.751725,"annual"
"Diagnostic model","Diagnostic model",3,3,"Seed 3",FALSE,FALSE,"annual_f_fmsy","F/FMSY",2002,0.935625,"annual"
"Diagnostic model","Diagnostic model",3,3,"Seed 3",FALSE,FALSE,"annual_f_fmsy","F/FMSY",2003,0.850625,"annual"
"Diagnostic model","Diagnostic model",3,3,"Seed 3",FALSE,FALSE,"annual_f_fmsy","F/FMSY",2004,1.188,"annual"
"Diagnostic model","Diagnostic model",3,3,"Seed 3",FALSE,FALSE,"annual_f_fmsy","F/FMSY",2005,0.95835,"annual"
"Diagnostic model","Diagnostic model",3,3,"Seed 3",FALSE,FALSE,"annual_f_fmsy","F/FMSY",2006,1.0266,"annual"
"Diagnostic model","Diagnostic model",3,3,"Seed 3",FALSE,FALSE,"annual_f_fmsy","F/FMSY",2007,1.051675,"annual"
"Diagnostic model","Diagnostic model",3,3,"Seed 3",FALSE,FALSE,"annual_f_fmsy","F/FMSY",2008,1.12875,"annual"
"Diagnostic model","Diagnostic model",3,3,"Seed 3",FALSE,FALSE,"annual_f_fmsy","F/FMSY",2009,1.15155,"annual"
"Diagnostic model","Diagnostic model",3,3,"Seed 3",FALSE,FALSE,"annual_f_fmsy","F/FMSY",2010,0.954925,"annual"
"Diagnostic model","Diagnostic model",3,3,"Seed 3",FALSE,FALSE,"annual_f_fmsy","F/FMSY",2011,1.18505,"annual"
"Diagnostic model","Diagnostic model",3,3,"Seed 3",FALSE,FALSE,"annual_f_fmsy","F/FMSY",2012,1.209325,"annual"
"Diagnostic model","Diagnostic model",3,3,"Seed 3",FALSE,FALSE,"annual_f_fmsy","F/FMSY",2013,1.093925,"annual"
"Diagnostic model","Diagnostic model",3,3,"Seed 3",FALSE,FALSE,"annual_f_fmsy","F/FMSY",2014,1.1782,"annual"
"Diagnostic model","Diagnostic model",3,3,"Seed 3",FALSE,FALSE,"annual_f_fmsy","F/FMSY",2015,1.06995,"annual"
"Diagnostic model","Diagnostic model",3,3,"Seed 3",FALSE,FALSE,"annual_f_fmsy","F/FMSY",2016,1.1185,"annual"
"Diagnostic model","Diagnostic model",3,3,"Seed 3",FALSE,FALSE,"annual_f_fmsy","F/FMSY",2017,0.94565,"annual"
"Diagnostic model","Diagnostic model",3,3,"Seed 3",FALSE,FALSE,"annual_f_fmsy","F/FMSY",2018,1.0962,"annual"
"Diagnostic model","Diagnostic model",3,3,"Seed 3",FALSE,FALSE,"annual_f_fmsy","F/FMSY",2019,0.96955,"annual"
"Diagnostic model","Diagnostic model",3,3,"Seed 3",FALSE,FALSE,"annual_f_fmsy","F/FMSY",2020,1.024625,"annual"
"Diagnostic model","Diagnostic model",3,3,"Seed 3",FALSE,FALSE,"annual_f_fmsy","F/FMSY",2021,1.019575,"annual"
"Diagnostic model","Diagnostic model",3,3,"Seed 3",FALSE,FALSE,"annual_f_fmsy","F/FMSY",2022,1.11495,"annual"
"Diagnostic model","Diagnostic model",3,3,"Seed 3",FALSE,FALSE,"annual_f_fmsy","F/FMSY",2023,1.224,"annual"
"Diagnostic model","Diagnostic model",3,3,"Seed 3",FALSE,FALSE,"annual_f_fmsy","F/FMSY",2024,1.396,"annual"
"Diagnostic model","Diagnostic model",5,5,"Seed 5",FALSE,FALSE,"annual_depletion","SB/SBF=0",1952,0.993218003051991,"annual"
"Diagnostic model","Diagnostic model",5,5,"Seed 5",FALSE,FALSE,"annual_depletion","SB/SBF=0",1953,0.972259340231881,"annual"
"Diagnostic model","Diagnostic model",5,5,"Seed 5",FALSE,FALSE,"annual_depletion","SB/SBF=0",1954,0.959672385654141,"annual"
"Diagnostic model","Diagnostic model",5,5,"Seed 5",FALSE,FALSE,"annual_depletion","SB/SBF=0",1955,0.948567232559447,"annual"
"Diagnostic model","Diagnostic model",5,5,"Seed 5",FALSE,FALSE,"annual_depletion","SB/SBF=0",1956,0.935097725377037,"annual"
"Diagnostic model","Diagnostic model",5,5,"Seed 5",FALSE,FALSE,"annual_depletion","SB/SBF=0",1957,0.922414878947787,"annual"
"Diagnostic model","Diagnostic model",5,5,"Seed 5",FALSE,FALSE,"annual_depletion","SB/SBF=0",1958,0.899056717721827,"annual"
"Diagnostic model","Diagnostic model",5,5,"Seed 5",FALSE,FALSE,"annual_depletion","SB/SBF=0",1959,0.868394321401926,"annual"
"Diagnostic model","Diagnostic model",5,5,"Seed 5",FALSE,FALSE,"annual_depletion","SB/SBF=0",1960,0.842869801646508,"annual"
"Diagnostic model","Diagnostic model",5,5,"Seed 5",FALSE,FALSE,"annual_depletion","SB/SBF=0",1961,0.831690738013323,"annual"
"Diagnostic model","Diagnostic model",5,5,"Seed 5",FALSE,FALSE,"annual_depletion","SB/SBF=0",1962,0.82085781600386,"annual"
"Diagnostic model","Diagnostic model",5,5,"Seed 5",FALSE,FALSE,"annual_depletion","SB/SBF=0",1963,0.810032412474675,"annual"
"Diagnostic model","Diagnostic model",5,5,"Seed 5",FALSE,FALSE,"annual_depletion","SB/SBF=0",1964,0.796552754585028,"annual"
"Diagnostic model","Diagnostic model",5,5,"Seed 5",FALSE,FALSE,"annual_depletion","SB/SBF=0",1965,0.801053426746077,"annual"
"Diagnostic model","Diagnostic model",5,5,"Seed 5",FALSE,FALSE,"annual_depletion","SB/SBF=0",1966,0.805731910223318,"annual"
"Diagnostic model","Diagnostic model",5,5,"Seed 5",FALSE,FALSE,"annual_depletion","SB/SBF=0",1967,0.800128038791372,"annual"
"Diagnostic model","Diagnostic model",5,5,"Seed 5",FALSE,FALSE,"annual_depletion","SB/SBF=0",1968,0.79682507377633,"annual"
"Diagnostic model","Diagnostic model",5,5,"Seed 5",FALSE,FALSE,"annual_depletion","SB/SBF=0",1969,0.801252863306207,"annual"
"Diagnostic model","Diagnostic model",5,5,"Seed 5",FALSE,FALSE,"annual_depletion","SB/SBF=0",1970,0.796807917078141,"annual"
"Diagnostic model","Diagnostic model",5,5,"Seed 5",FALSE,FALSE,"annual_depletion","SB/SBF=0",1971,0.794508984202275,"annual"
"Diagnostic model","Diagnostic model",5,5,"Seed 5",FALSE,FALSE,"annual_depletion","SB/SBF=0",1972,0.789613961997089,"annual"
"Diagnostic model","Diagnostic model",5,5,"Seed 5",FALSE,FALSE,"annual_depletion","SB/SBF=0",1973,0.769297622088697,"annual"
"Diagnostic model","Diagnostic model",5,5,"Seed 5",FALSE,FALSE,"annual_depletion","SB/SBF=0",1974,0.756969391946223,"annual"
"Diagnostic model","Diagnostic model",5,5,"Seed 5",FALSE,FALSE,"annual_depletion","SB/SBF=0",1975,0.743500063233248,"annual"
"Diagnostic model","Diagnostic model",5,5,"Seed 5",FALSE,FALSE,"annual_depletion","SB/SBF=0",1976,0.717823191622834,"annual"
"Diagnostic model","Diagnostic model",5,5,"Seed 5",FALSE,FALSE,"annual_depletion","SB/SBF=0",1977,0.69814498653884,"annual"
"Diagnostic model","Diagnostic model",5,5,"Seed 5",FALSE,FALSE,"annual_depletion","SB/SBF=0",1978,0.690563841772279,"annual"
"Diagnostic model","Diagnostic model",5,5,"Seed 5",FALSE,FALSE,"annual_depletion","SB/SBF=0",1979,0.675939138632784,"annual"
"Diagnostic model","Diagnostic model",5,5,"Seed 5",FALSE,FALSE,"annual_depletion","SB/SBF=0",1980,0.650597154340331,"annual"
"Diagnostic model","Diagnostic model",5,5,"Seed 5",FALSE,FALSE,"annual_depletion","SB/SBF=0",1981,0.628500498612296,"annual"
"Diagnostic model","Diagnostic model",5,5,"Seed 5",FALSE,FALSE,"annual_depletion","SB/SBF=0",1982,0.618412963220415,"annual"
"Diagnostic model","Diagnostic model",5,5,"Seed 5",FALSE,FALSE,"annual_depletion","SB/SBF=0",1983,0.612149566681913,"annual"
"Diagnostic model","Diagnostic model",5,5,"Seed 5",FALSE,FALSE,"annual_depletion","SB/SBF=0",1984,0.6089350030554,"annual"
"Diagnostic model","Diagnostic model",5,5,"Seed 5",FALSE,FALSE,"annual_depletion","SB/SBF=0",1985,0.588456148853675,"annual"
"Diagnostic model","Diagnostic model",5,5,"Seed 5",FALSE,FALSE,"annual_depletion","SB/SBF=0",1986,0.562671770078586,"annual"
"Diagnostic model","Diagnostic model",5,5,"Seed 5",FALSE,FALSE,"annual_depletion","SB/SBF=0",1987,0.544390347586897,"annual"
"Diagnostic model","Diagnostic model",5,5,"Seed 5",FALSE,FALSE,"annual_depletion","SB/SBF=0",1988,0.523915923384108,"annual"
"Diagnostic model","Diagnostic model",5,5,"Seed 5",FALSE,FALSE,"annual_depletion","SB/SBF=0",1989,0.51039960322752,"annual"
"Diagnostic model","Diagnostic model",5,5,"Seed 5",FALSE,FALSE,"annual_depletion","SB/SBF=0",1990,0.502518718133239,"annual"
"Diagnostic model","Diagnostic model",5,5,"Seed 5",FALSE,FALSE,"annual_depletion","SB/SBF=0",1991,0.489997997179361,"annual"
"Diagnostic model","Diagnostic model",5,5,"Seed 5",FALSE,FALSE,"annual_depletion","SB/SBF=0",1992,0.471263664528909,"annual"
"Diagnostic model","Diagnostic model",5,5,"Seed 5",FALSE,FALSE,"annual_depletion","SB/SBF=0",1993,0.442918853219674,"annual"
"Diagnostic model","Diagnostic model",5,5,"Seed 5",FALSE,FALSE,"annual_depletion","SB/SBF=0",1994,0.419881731622999,"annual"
"Diagnostic model","Diagnostic model",5,5,"Seed 5",FALSE,FALSE,"annual_depletion","SB/SBF=0",1995,0.392462287550214,"annual"
"Diagnostic model","Diagnostic model",5,5,"Seed 5",FALSE,FALSE,"annual_depletion","SB/SBF=0",1996,0.384997935615247,"annual"
"Diagnostic model","Diagnostic model",5,5,"Seed 5",FALSE,FALSE,"annual_depletion","SB/SBF=0",1997,0.401160395938908,"annual"
"Diagnostic model","Diagnostic model",5,5,"Seed 5",FALSE,FALSE,"annual_depletion","SB/SBF=0",1998,0.385006375100597,"annual"
"Diagnostic model","Diagnostic model",5,5,"Seed 5",FALSE,FALSE,"annual_depletion","SB/SBF=0",1999,0.359866323033787,"annual"
"Diagnostic model","Diagnostic model",5,5,"Seed 5",FALSE,FALSE,"annual_depletion","SB/SBF=0",2000,0.327598634971255,"annual"
"Diagnostic model","Diagnostic model",5,5,"Seed 5",FALSE,FALSE,"annual_depletion","SB/SBF=0",2001,0.305505254361185,"annual"
"Diagnostic model","Diagnostic model",5,5,"Seed 5",FALSE,FALSE,"annual_depletion","SB/SBF=0",2002,0.29267553588655,"annual"
"Diagnostic model","Diagnostic model",5,5,"Seed 5",FALSE,FALSE,"annual_depletion","SB/SBF=0",2003,0.276557541689043,"annual"
"Diagnostic model","Diagnostic model",5,5,"Seed 5",FALSE,FALSE,"annual_depletion","SB/SBF=0",2004,0.266362069615331,"annual"
"Diagnostic model","Diagnostic model",5,5,"Seed 5",FALSE,FALSE,"annual_depletion","SB/SBF=0",2005,0.24443247925876,"annual"
"Diagnostic model","Diagnostic model",5,5,"Seed 5",FALSE,FALSE,"annual_depletion","SB/SBF=0",2006,0.237891256742133,"annual"
"Diagnostic model","Diagnostic model",5,5,"Seed 5",FALSE,FALSE,"annual_depletion","SB/SBF=0",2007,0.230979981928246,"annual"
"Diagnostic model","Diagnostic model",5,5,"Seed 5",FALSE,FALSE,"annual_depletion","SB/SBF=0",2008,0.221885236955883,"annual"
"Diagnostic model","Diagnostic model",5,5,"Seed 5",FALSE,FALSE,"annual_depletion","SB/SBF=0",2009,0.210521556854618,"annual"
"Diagnostic model","Diagnostic model",5,5,"Seed 5",FALSE,FALSE,"annual_depletion","SB/SBF=0",2010,0.197420786054306,"annual"
"Diagnostic model","Diagnostic model",5,5,"Seed 5",FALSE,FALSE,"annual_depletion","SB/SBF=0",2011,0.195993471042582,"annual"
"Diagnostic model","Diagnostic model",5,5,"Seed 5",FALSE,FALSE,"annual_depletion","SB/SBF=0",2012,0.189096990643859,"annual"
"Diagnostic model","Diagnostic model",5,5,"Seed 5",FALSE,FALSE,"annual_depletion","SB/SBF=0",2013,0.180910920718702,"annual"
"Diagnostic model","Diagnostic model",5,5,"Seed 5",FALSE,FALSE,"annual_depletion","SB/SBF=0",2014,0.185022652904977,"annual"
"Diagnostic model","Diagnostic model",5,5,"Seed 5",FALSE,FALSE,"annual_depletion","SB/SBF=0",2015,0.192829267493488,"annual"
"Diagnostic model","Diagnostic model",5,5,"Seed 5",FALSE,FALSE,"annual_depletion","SB/SBF=0",2016,0.195261911576362,"annual"
"Diagnostic model","Diagnostic model",5,5,"Seed 5",FALSE,FALSE,"annual_depletion","SB/SBF=0",2017,0.193336930045034,"annual"
"Diagnostic model","Diagnostic model",5,5,"Seed 5",FALSE,FALSE,"annual_depletion","SB/SBF=0",2018,0.192457091680476,"annual"
"Diagnostic model","Diagnostic model",5,5,"Seed 5",FALSE,FALSE,"annual_depletion","SB/SBF=0",2019,0.190943458170208,"annual"
"Diagnostic model","Diagnostic model",5,5,"Seed 5",FALSE,FALSE,"annual_depletion","SB/SBF=0",2020,0.194506248258419,"annual"
"Diagnostic model","Diagnostic model",5,5,"Seed 5",FALSE,FALSE,"annual_depletion","SB/SBF=0",2021,0.20202491118664,"annual"
"Diagnostic model","Diagnostic model",5,5,"Seed 5",FALSE,FALSE,"annual_depletion","SB/SBF=0",2022,0.203757577199895,"annual"
"Diagnostic model","Diagnostic model",5,5,"Seed 5",FALSE,FALSE,"annual_depletion","SB/SBF=0",2023,0.195804778226123,"annual"
"Diagnostic model","Diagnostic model",5,5,"Seed 5",FALSE,FALSE,"annual_depletion","SB/SBF=0",2024,0.174410024887132,"annual"
"Diagnostic model","Diagnostic model",5,5,"Seed 5",FALSE,FALSE,"annual_sb_sbmsy","SB/SBMSY",1952,5.2885,"annual"
"Diagnostic model","Diagnostic model",5,5,"Seed 5",FALSE,FALSE,"annual_sb_sbmsy","SB/SBMSY",1953,5.3105,"annual"
"Diagnostic model","Diagnostic model",5,5,"Seed 5",FALSE,FALSE,"annual_sb_sbmsy","SB/SBMSY",1954,5.33875,"annual"
"Diagnostic model","Diagnostic model",5,5,"Seed 5",FALSE,FALSE,"annual_sb_sbmsy","SB/SBMSY",1955,5.31175,"annual"
"Diagnostic model","Diagnostic model",5,5,"Seed 5",FALSE,FALSE,"annual_sb_sbmsy","SB/SBMSY",1956,5.30425,"annual"
"Diagnostic model","Diagnostic model",5,5,"Seed 5",FALSE,FALSE,"annual_sb_sbmsy","SB/SBMSY",1957,5.475,"annual"
"Diagnostic model","Diagnostic model",5,5,"Seed 5",FALSE,FALSE,"annual_sb_sbmsy","SB/SBMSY",1958,5.34475,"annual"
"Diagnostic model","Diagnostic model",5,5,"Seed 5",FALSE,FALSE,"annual_sb_sbmsy","SB/SBMSY",1959,4.87725,"annual"
"Diagnostic model","Diagnostic model",5,5,"Seed 5",FALSE,FALSE,"annual_sb_sbmsy","SB/SBMSY",1960,4.37875,"annual"
"Diagnostic model","Diagnostic model",5,5,"Seed 5",FALSE,FALSE,"annual_sb_sbmsy","SB/SBMSY",1961,4.21625,"annual"
"Diagnostic model","Diagnostic model",5,5,"Seed 5",FALSE,FALSE,"annual_sb_sbmsy","SB/SBMSY",1962,3.9825,"annual"
"Diagnostic model","Diagnostic model",5,5,"Seed 5",FALSE,FALSE,"annual_sb_sbmsy","SB/SBMSY",1963,3.76375,"annual"
"Diagnostic model","Diagnostic model",5,5,"Seed 5",FALSE,FALSE,"annual_sb_sbmsy","SB/SBMSY",1964,3.51375,"annual"
"Diagnostic model","Diagnostic model",5,5,"Seed 5",FALSE,FALSE,"annual_sb_sbmsy","SB/SBMSY",1965,3.42125,"annual"
"Diagnostic model","Diagnostic model",5,5,"Seed 5",FALSE,FALSE,"annual_sb_sbmsy","SB/SBMSY",1966,3.387,"annual"
"Diagnostic model","Diagnostic model",5,5,"Seed 5",FALSE,FALSE,"annual_sb_sbmsy","SB/SBMSY",1967,3.23325,"annual"
"Diagnostic model","Diagnostic model",5,5,"Seed 5",FALSE,FALSE,"annual_sb_sbmsy","SB/SBMSY",1968,3.08125,"annual"
"Diagnostic model","Diagnostic model",5,5,"Seed 5",FALSE,FALSE,"annual_sb_sbmsy","SB/SBMSY",1969,3.10025,"annual"
"Diagnostic model","Diagnostic model",5,5,"Seed 5",FALSE,FALSE,"annual_sb_sbmsy","SB/SBMSY",1970,2.99225,"annual"
"Diagnostic model","Diagnostic model",5,5,"Seed 5",FALSE,FALSE,"annual_sb_sbmsy","SB/SBMSY",1971,2.91625,"annual"
"Diagnostic model","Diagnostic model",5,5,"Seed 5",FALSE,FALSE,"annual_sb_sbmsy","SB/SBMSY",1972,2.9085,"annual"
"Diagnostic model","Diagnostic model",5,5,"Seed 5",FALSE,FALSE,"annual_sb_sbmsy","SB/SBMSY",1973,2.72525,"annual"
"Diagnostic model","Diagnostic model",5,5,"Seed 5",FALSE,FALSE,"annual_sb_sbmsy","SB/SBMSY",1974,2.5745,"annual"
"Diagnostic model","Diagnostic model",5,5,"Seed 5",FALSE,FALSE,"annual_sb_sbmsy","SB/SBMSY",1975,2.487,"annual"
"Diagnostic model","Diagnostic model",5,5,"Seed 5",FALSE,FALSE,"annual_sb_sbmsy","SB/SBMSY",1976,2.3415,"annual"
"Diagnostic model","Diagnostic model",5,5,"Seed 5",FALSE,FALSE,"annual_sb_sbmsy","SB/SBMSY",1977,2.30075,"annual"
"Diagnostic model","Diagnostic model",5,5,"Seed 5",FALSE,FALSE,"annual_sb_sbmsy","SB/SBMSY",1978,2.36975,"annual"
"Diagnostic model","Diagnostic model",5,5,"Seed 5",FALSE,FALSE,"annual_sb_sbmsy","SB/SBMSY",1979,2.3345,"annual"
"Diagnostic model","Diagnostic model",5,5,"Seed 5",FALSE,FALSE,"annual_sb_sbmsy","SB/SBMSY",1980,2.2405,"annual"
"Diagnostic model","Diagnostic model",5,5,"Seed 5",FALSE,FALSE,"annual_sb_sbmsy","SB/SBMSY",1981,2.05825,"annual"
"Diagnostic model","Diagnostic model",5,5,"Seed 5",FALSE,FALSE,"annual_sb_sbmsy","SB/SBMSY",1982,1.96925,"annual"
"Diagnostic model","Diagnostic model",5,5,"Seed 5",FALSE,FALSE,"annual_sb_sbmsy","SB/SBMSY",1983,1.988,"annual"
"Diagnostic model","Diagnostic model",5,5,"Seed 5",FALSE,FALSE,"annual_sb_sbmsy","SB/SBMSY",1984,2.12725,"annual"
"Diagnostic model","Diagnostic model",5,5,"Seed 5",FALSE,FALSE,"annual_sb_sbmsy","SB/SBMSY",1985,2.19775,"annual"
"Diagnostic model","Diagnostic model",5,5,"Seed 5",FALSE,FALSE,"annual_sb_sbmsy","SB/SBMSY",1986,2.14875,"annual"
"Diagnostic model","Diagnostic model",5,5,"Seed 5",FALSE,FALSE,"annual_sb_sbmsy","SB/SBMSY",1987,2.1415,"annual"
"Diagnostic model","Diagnostic model",5,5,"Seed 5",FALSE,FALSE,"annual_sb_sbmsy","SB/SBMSY",1988,2.15525,"annual"
"Diagnostic model","Diagnostic model",5,5,"Seed 5",FALSE,FALSE,"annual_sb_sbmsy","SB/SBMSY",1989,2.146,"annual"
"Diagnostic model","Diagnostic model",5,5,"Seed 5",FALSE,FALSE,"annual_sb_sbmsy","SB/SBMSY",1990,2.26025,"annual"
"Diagnostic model","Diagnostic model",5,5,"Seed 5",FALSE,FALSE,"annual_sb_sbmsy","SB/SBMSY",1991,2.31025,"annual"
"Diagnostic model","Diagnostic model",5,5,"Seed 5",FALSE,FALSE,"annual_sb_sbmsy","SB/SBMSY",1992,2.2655,"annual"
"Diagnostic model","Diagnostic model",5,5,"Seed 5",FALSE,FALSE,"annual_sb_sbmsy","SB/SBMSY",1993,2.12225,"annual"
"Diagnostic model","Diagnostic model",5,5,"Seed 5",FALSE,FALSE,"annual_sb_sbmsy","SB/SBMSY",1994,2.05125,"annual"
"Diagnostic model","Diagnostic model",5,5,"Seed 5",FALSE,FALSE,"annual_sb_sbmsy","SB/SBMSY",1995,1.93925,"annual"
"Diagnostic model","Diagnostic model",5,5,"Seed 5",FALSE,FALSE,"annual_sb_sbmsy","SB/SBMSY",1996,1.88975,"annual"
"Diagnostic model","Diagnostic model",5,5,"Seed 5",FALSE,FALSE,"annual_sb_sbmsy","SB/SBMSY",1997,2.0175,"annual"
"Diagnostic model","Diagnostic model",5,5,"Seed 5",FALSE,FALSE,"annual_sb_sbmsy","SB/SBMSY",1998,1.981,"annual"
"Diagnostic model","Diagnostic model",5,5,"Seed 5",FALSE,FALSE,"annual_sb_sbmsy","SB/SBMSY",1999,1.875,"annual"
"Diagnostic model","Diagnostic model",5,5,"Seed 5",FALSE,FALSE,"annual_sb_sbmsy","SB/SBMSY",2000,1.7155,"annual"
"Diagnostic model","Diagnostic model",5,5,"Seed 5",FALSE,FALSE,"annual_sb_sbmsy","SB/SBMSY",2001,1.6075,"annual"
"Diagnostic model","Diagnostic model",5,5,"Seed 5",FALSE,FALSE,"annual_sb_sbmsy","SB/SBMSY",2002,1.585,"annual"
"Diagnostic model","Diagnostic model",5,5,"Seed 5",FALSE,FALSE,"annual_sb_sbmsy","SB/SBMSY",2003,1.56025,"annual"
"Diagnostic model","Diagnostic model",5,5,"Seed 5",FALSE,FALSE,"annual_sb_sbmsy","SB/SBMSY",2004,1.5295,"annual"
"Diagnostic model","Diagnostic model",5,5,"Seed 5",FALSE,FALSE,"annual_sb_sbmsy","SB/SBMSY",2005,1.40425,"annual"
"Diagnostic model","Diagnostic model",5,5,"Seed 5",FALSE,FALSE,"annual_sb_sbmsy","SB/SBMSY",2006,1.3735,"annual"
"Diagnostic model","Diagnostic model",5,5,"Seed 5",FALSE,FALSE,"annual_sb_sbmsy","SB/SBMSY",2007,1.35525,"annual"
"Diagnostic model","Diagnostic model",5,5,"Seed 5",FALSE,FALSE,"annual_sb_sbmsy","SB/SBMSY",2008,1.3,"annual"
"Diagnostic model","Diagnostic model",5,5,"Seed 5",FALSE,FALSE,"annual_sb_sbmsy","SB/SBMSY",2009,1.2165,"annual"
"Diagnostic model","Diagnostic model",5,5,"Seed 5",FALSE,FALSE,"annual_sb_sbmsy","SB/SBMSY",2010,1.1345,"annual"
"Diagnostic model","Diagnostic model",5,5,"Seed 5",FALSE,FALSE,"annual_sb_sbmsy","SB/SBMSY",2011,1.1375,"annual"
"Diagnostic model","Diagnostic model",5,5,"Seed 5",FALSE,FALSE,"annual_sb_sbmsy","SB/SBMSY",2012,1.10225,"annual"
"Diagnostic model","Diagnostic model",5,5,"Seed 5",FALSE,FALSE,"annual_sb_sbmsy","SB/SBMSY",2013,1.03675,"annual"
"Diagnostic model","Diagnostic model",5,5,"Seed 5",FALSE,FALSE,"annual_sb_sbmsy","SB/SBMSY",2014,1.0675,"annual"
"Diagnostic model","Diagnostic model",5,5,"Seed 5",FALSE,FALSE,"annual_sb_sbmsy","SB/SBMSY",2015,1.15775,"annual"
"Diagnostic model","Diagnostic model",5,5,"Seed 5",FALSE,FALSE,"annual_sb_sbmsy","SB/SBMSY",2016,1.20125,"annual"
"Diagnostic model","Diagnostic model",5,5,"Seed 5",FALSE,FALSE,"annual_sb_sbmsy","SB/SBMSY",2017,1.17725,"annual"
"Diagnostic model","Diagnostic model",5,5,"Seed 5",FALSE,FALSE,"annual_sb_sbmsy","SB/SBMSY",2018,1.15825,"annual"
"Diagnostic model","Diagnostic model",5,5,"Seed 5",FALSE,FALSE,"annual_sb_sbmsy","SB/SBMSY",2019,1.14425,"annual"
"Diagnostic model","Diagnostic model",5,5,"Seed 5",FALSE,FALSE,"annual_sb_sbmsy","SB/SBMSY",2020,1.16025,"annual"
"Diagnostic model","Diagnostic model",5,5,"Seed 5",FALSE,FALSE,"annual_sb_sbmsy","SB/SBMSY",2021,1.189,"annual"
"Diagnostic model","Diagnostic model",5,5,"Seed 5",FALSE,FALSE,"annual_sb_sbmsy","SB/SBMSY",2022,1.179,"annual"
"Diagnostic model","Diagnostic model",5,5,"Seed 5",FALSE,FALSE,"annual_sb_sbmsy","SB/SBMSY",2023,1.103,"annual"
"Diagnostic model","Diagnostic model",5,5,"Seed 5",FALSE,FALSE,"annual_sb_sbmsy","SB/SBMSY",2024,0.96025,"annual"
"Diagnostic model","Diagnostic model",5,5,"Seed 5",FALSE,FALSE,"annual_f_fmsy","F/FMSY",1952,0.0746575,"annual"
"Diagnostic model","Diagnostic model",5,5,"Seed 5",FALSE,FALSE,"annual_f_fmsy","F/FMSY",1953,0.0698225,"annual"
"Diagnostic model","Diagnostic model",5,5,"Seed 5",FALSE,FALSE,"annual_f_fmsy","F/FMSY",1954,0.0480075,"annual"
"Diagnostic model","Diagnostic model",5,5,"Seed 5",FALSE,FALSE,"annual_f_fmsy","F/FMSY",1955,0.0762525,"annual"
"Diagnostic model","Diagnostic model",5,5,"Seed 5",FALSE,FALSE,"annual_f_fmsy","F/FMSY",1956,0.0839725,"annual"
"Diagnostic model","Diagnostic model",5,5,"Seed 5",FALSE,FALSE,"annual_f_fmsy","F/FMSY",1957,0.1148425,"annual"
"Diagnostic model","Diagnostic model",5,5,"Seed 5",FALSE,FALSE,"annual_f_fmsy","F/FMSY",1958,0.1701825,"annual"
"Diagnostic model","Diagnostic model",5,5,"Seed 5",FALSE,FALSE,"annual_f_fmsy","F/FMSY",1959,0.158035,"annual"
"Diagnostic model","Diagnostic model",5,5,"Seed 5",FALSE,FALSE,"annual_f_fmsy","F/FMSY",1960,0.1591225,"annual"
"Diagnostic model","Diagnostic model",5,5,"Seed 5",FALSE,FALSE,"annual_f_fmsy","F/FMSY",1961,0.156125,"annual"
"Diagnostic model","Diagnostic model",5,5,"Seed 5",FALSE,FALSE,"annual_f_fmsy","F/FMSY",1962,0.1507,"annual"
"Diagnostic model","Diagnostic model",5,5,"Seed 5",FALSE,FALSE,"annual_f_fmsy","F/FMSY",1963,0.1941,"annual"
"Diagnostic model","Diagnostic model",5,5,"Seed 5",FALSE,FALSE,"annual_f_fmsy","F/FMSY",1964,0.14444,"annual"
"Diagnostic model","Diagnostic model",5,5,"Seed 5",FALSE,FALSE,"annual_f_fmsy","F/FMSY",1965,0.1358,"annual"
"Diagnostic model","Diagnostic model",5,5,"Seed 5",FALSE,FALSE,"annual_f_fmsy","F/FMSY",1966,0.15395,"annual"
"Diagnostic model","Diagnostic model",5,5,"Seed 5",FALSE,FALSE,"annual_f_fmsy","F/FMSY",1967,0.166475,"annual"
"Diagnostic model","Diagnostic model",5,5,"Seed 5",FALSE,FALSE,"annual_f_fmsy","F/FMSY",1968,0.13675,"annual"
"Diagnostic model","Diagnostic model",5,5,"Seed 5",FALSE,FALSE,"annual_f_fmsy","F/FMSY",1969,0.171175,"annual"
"Diagnostic model","Diagnostic model",5,5,"Seed 5",FALSE,FALSE,"annual_f_fmsy","F/FMSY",1970,0.162025,"annual"
"Diagnostic model","Diagnostic model",5,5,"Seed 5",FALSE,FALSE,"annual_f_fmsy","F/FMSY",1971,0.166575,"annual"
"Diagnostic model","Diagnostic model",5,5,"Seed 5",FALSE,FALSE,"annual_f_fmsy","F/FMSY",1972,0.231625,"annual"
"Diagnostic model","Diagnostic model",5,5,"Seed 5",FALSE,FALSE,"annual_f_fmsy","F/FMSY",1973,0.195025,"annual"
"Diagnostic model","Diagnostic model",5,5,"Seed 5",FALSE,FALSE,"annual_f_fmsy","F/FMSY",1974,0.219925,"annual"
"Diagnostic model","Diagnostic model",5,5,"Seed 5",FALSE,FALSE,"annual_f_fmsy","F/FMSY",1975,0.28015,"annual"
"Diagnostic model","Diagnostic model",5,5,"Seed 5",FALSE,FALSE,"annual_f_fmsy","F/FMSY",1976,0.29545,"annual"
"Diagnostic model","Diagnostic model",5,5,"Seed 5",FALSE,FALSE,"annual_f_fmsy","F/FMSY",1977,0.329675,"annual"
"Diagnostic model","Diagnostic model",5,5,"Seed 5",FALSE,FALSE,"annual_f_fmsy","F/FMSY",1978,0.273525,"annual"
"Diagnostic model","Diagnostic model",5,5,"Seed 5",FALSE,FALSE,"annual_f_fmsy","F/FMSY",1979,0.354975,"annual"
"Diagnostic model","Diagnostic model",5,5,"Seed 5",FALSE,FALSE,"annual_f_fmsy","F/FMSY",1980,0.35905,"annual"
"Diagnostic model","Diagnostic model",5,5,"Seed 5",FALSE,FALSE,"annual_f_fmsy","F/FMSY",1981,0.33665,"annual"
"Diagnostic model","Diagnostic model",5,5,"Seed 5",FALSE,FALSE,"annual_f_fmsy","F/FMSY",1982,0.3874,"annual"
"Diagnostic model","Diagnostic model",5,5,"Seed 5",FALSE,FALSE,"annual_f_fmsy","F/FMSY",1983,0.38215,"annual"
"Diagnostic model","Diagnostic model",5,5,"Seed 5",FALSE,FALSE,"annual_f_fmsy","F/FMSY",1984,0.41575,"annual"
"Diagnostic model","Diagnostic model",5,5,"Seed 5",FALSE,FALSE,"annual_f_fmsy","F/FMSY",1985,0.432825,"annual"
"Diagnostic model","Diagnostic model",5,5,"Seed 5",FALSE,FALSE,"annual_f_fmsy","F/FMSY",1986,0.39805,"annual"
"Diagnostic model","Diagnostic model",5,5,"Seed 5",FALSE,FALSE,"annual_f_fmsy","F/FMSY",1987,0.510175,"annual"
"Diagnostic model","Diagnostic model",5,5,"Seed 5",FALSE,FALSE,"annual_f_fmsy","F/FMSY",1988,0.439925,"annual"
"Diagnostic model","Diagnostic model",5,5,"Seed 5",FALSE,FALSE,"annual_f_fmsy","F/FMSY",1989,0.434575,"annual"
"Diagnostic model","Diagnostic model",5,5,"Seed 5",FALSE,FALSE,"annual_f_fmsy","F/FMSY",1990,0.537425,"annual"
"Diagnostic model","Diagnostic model",5,5,"Seed 5",FALSE,FALSE,"annual_f_fmsy","F/FMSY",1991,0.49865,"annual"
"Diagnostic model","Diagnostic model",5,5,"Seed 5",FALSE,FALSE,"annual_f_fmsy","F/FMSY",1992,0.6251,"annual"
"Diagnostic model","Diagnostic model",5,5,"Seed 5",FALSE,FALSE,"annual_f_fmsy","F/FMSY",1993,0.559325,"annual"
"Diagnostic model","Diagnostic model",5,5,"Seed 5",FALSE,FALSE,"annual_f_fmsy","F/FMSY",1994,0.6493,"annual"
"Diagnostic model","Diagnostic model",5,5,"Seed 5",FALSE,FALSE,"annual_f_fmsy","F/FMSY",1995,0.571675,"annual"
"Diagnostic model","Diagnostic model",5,5,"Seed 5",FALSE,FALSE,"annual_f_fmsy","F/FMSY",1996,0.532875,"annual"
"Diagnostic model","Diagnostic model",5,5,"Seed 5",FALSE,FALSE,"annual_f_fmsy","F/FMSY",1997,0.676475,"annual"
"Diagnostic model","Diagnostic model",5,5,"Seed 5",FALSE,FALSE,"annual_f_fmsy","F/FMSY",1998,0.807575,"annual"
"Diagnostic model","Diagnostic model",5,5,"Seed 5",FALSE,FALSE,"annual_f_fmsy","F/FMSY",1999,0.88855,"annual"
"Diagnostic model","Diagnostic model",5,5,"Seed 5",FALSE,FALSE,"annual_f_fmsy","F/FMSY",2000,0.8617,"annual"
"Diagnostic model","Diagnostic model",5,5,"Seed 5",FALSE,FALSE,"annual_f_fmsy","F/FMSY",2001,0.735075,"annual"
"Diagnostic model","Diagnostic model",5,5,"Seed 5",FALSE,FALSE,"annual_f_fmsy","F/FMSY",2002,0.9198,"annual"
"Diagnostic model","Diagnostic model",5,5,"Seed 5",FALSE,FALSE,"annual_f_fmsy","F/FMSY",2003,0.836025,"annual"
"Diagnostic model","Diagnostic model",5,5,"Seed 5",FALSE,FALSE,"annual_f_fmsy","F/FMSY",2004,1.163875,"annual"
"Diagnostic model","Diagnostic model",5,5,"Seed 5",FALSE,FALSE,"annual_f_fmsy","F/FMSY",2005,0.9395,"annual"
"Diagnostic model","Diagnostic model",5,5,"Seed 5",FALSE,FALSE,"annual_f_fmsy","F/FMSY",2006,1.015025,"annual"
"Diagnostic model","Diagnostic model",5,5,"Seed 5",FALSE,FALSE,"annual_f_fmsy","F/FMSY",2007,1.034275,"annual"
"Diagnostic model","Diagnostic model",5,5,"Seed 5",FALSE,FALSE,"annual_f_fmsy","F/FMSY",2008,1.108,"annual"
"Diagnostic model","Diagnostic model",5,5,"Seed 5",FALSE,FALSE,"annual_f_fmsy","F/FMSY",2009,1.122375,"annual"
"Diagnostic model","Diagnostic model",5,5,"Seed 5",FALSE,FALSE,"annual_f_fmsy","F/FMSY",2010,0.933775,"annual"
"Diagnostic model","Diagnostic model",5,5,"Seed 5",FALSE,FALSE,"annual_f_fmsy","F/FMSY",2011,1.163775,"annual"
"Diagnostic model","Diagnostic model",5,5,"Seed 5",FALSE,FALSE,"annual_f_fmsy","F/FMSY",2012,1.181975,"annual"
"Diagnostic model","Diagnostic model",5,5,"Seed 5",FALSE,FALSE,"annual_f_fmsy","F/FMSY",2013,1.066525,"annual"
"Diagnostic model","Diagnostic model",5,5,"Seed 5",FALSE,FALSE,"annual_f_fmsy","F/FMSY",2014,1.14685,"annual"
"Diagnostic model","Diagnostic model",5,5,"Seed 5",FALSE,FALSE,"annual_f_fmsy","F/FMSY",2015,1.034975,"annual"
"Diagnostic model","Diagnostic model",5,5,"Seed 5",FALSE,FALSE,"annual_f_fmsy","F/FMSY",2016,1.081325,"annual"
"Diagnostic model","Diagnostic model",5,5,"Seed 5",FALSE,FALSE,"annual_f_fmsy","F/FMSY",2017,0.915425,"annual"
"Diagnostic model","Diagnostic model",5,5,"Seed 5",FALSE,FALSE,"annual_f_fmsy","F/FMSY",2018,1.065175,"annual"
"Diagnostic model","Diagnostic model",5,5,"Seed 5",FALSE,FALSE,"annual_f_fmsy","F/FMSY",2019,0.94005,"annual"
"Diagnostic model","Diagnostic model",5,5,"Seed 5",FALSE,FALSE,"annual_f_fmsy","F/FMSY",2020,0.99765,"annual"
"Diagnostic model","Diagnostic model",5,5,"Seed 5",FALSE,FALSE,"annual_f_fmsy","F/FMSY",2021,0.9978,"annual"
"Diagnostic model","Diagnostic model",5,5,"Seed 5",FALSE,FALSE,"annual_f_fmsy","F/FMSY",2022,1.09305,"annual"
"Diagnostic model","Diagnostic model",5,5,"Seed 5",FALSE,FALSE,"annual_f_fmsy","F/FMSY",2023,1.18905,"annual"
"Diagnostic model","Diagnostic model",5,5,"Seed 5",FALSE,FALSE,"annual_f_fmsy","F/FMSY",2024,1.325,"annual"
"Diagnostic model","Diagnostic model",7,7,"Seed 7",FALSE,FALSE,"annual_depletion","SB/SBF=0",1952,0.99270170909098,"annual"
"Diagnostic model","Diagnostic model",7,7,"Seed 7",FALSE,FALSE,"annual_depletion","SB/SBF=0",1953,0.970059357541899,"annual"
"Diagnostic model","Diagnostic model",7,7,"Seed 7",FALSE,FALSE,"annual_depletion","SB/SBF=0",1954,0.956429346346992,"annual"
"Diagnostic model","Diagnostic model",7,7,"Seed 7",FALSE,FALSE,"annual_depletion","SB/SBF=0",1955,0.945316196617406,"annual"
"Diagnostic model","Diagnostic model",7,7,"Seed 7",FALSE,FALSE,"annual_depletion","SB/SBF=0",1956,0.930849238881164,"annual"
"Diagnostic model","Diagnostic model",7,7,"Seed 7",FALSE,FALSE,"annual_depletion","SB/SBF=0",1957,0.917471193848254,"annual"
"Diagnostic model","Diagnostic model",7,7,"Seed 7",FALSE,FALSE,"annual_depletion","SB/SBF=0",1958,0.893367469972243,"annual"
"Diagnostic model","Diagnostic model",7,7,"Seed 7",FALSE,FALSE,"annual_depletion","SB/SBF=0",1959,0.861982391284423,"annual"
"Diagnostic model","Diagnostic model",7,7,"Seed 7",FALSE,FALSE,"annual_depletion","SB/SBF=0",1960,0.837012893084794,"annual"
"Diagnostic model","Diagnostic model",7,7,"Seed 7",FALSE,FALSE,"annual_depletion","SB/SBF=0",1961,0.825426735522529,"annual"
"Diagnostic model","Diagnostic model",7,7,"Seed 7",FALSE,FALSE,"annual_depletion","SB/SBF=0",1962,0.813016469109047,"annual"
"Diagnostic model","Diagnostic model",7,7,"Seed 7",FALSE,FALSE,"annual_depletion","SB/SBF=0",1963,0.801603037607236,"annual"
"Diagnostic model","Diagnostic model",7,7,"Seed 7",FALSE,FALSE,"annual_depletion","SB/SBF=0",1964,0.787557874055141,"annual"
"Diagnostic model","Diagnostic model",7,7,"Seed 7",FALSE,FALSE,"annual_depletion","SB/SBF=0",1965,0.792148131116309,"annual"
"Diagnostic model","Diagnostic model",7,7,"Seed 7",FALSE,FALSE,"annual_depletion","SB/SBF=0",1966,0.797459559015996,"annual"
"Diagnostic model","Diagnostic model",7,7,"Seed 7",FALSE,FALSE,"annual_depletion","SB/SBF=0",1967,0.792578442730029,"annual"
"Diagnostic model","Diagnostic model",7,7,"Seed 7",FALSE,FALSE,"annual_depletion","SB/SBF=0",1968,0.789221104365126,"annual"
"Diagnostic model","Diagnostic model",7,7,"Seed 7",FALSE,FALSE,"annual_depletion","SB/SBF=0",1969,0.793293169588837,"annual"
"Diagnostic model","Diagnostic model",7,7,"Seed 7",FALSE,FALSE,"annual_depletion","SB/SBF=0",1970,0.788675376149511,"annual"
"Diagnostic model","Diagnostic model",7,7,"Seed 7",FALSE,FALSE,"annual_depletion","SB/SBF=0",1971,0.785247528791113,"annual"
"Diagnostic model","Diagnostic model",7,7,"Seed 7",FALSE,FALSE,"annual_depletion","SB/SBF=0",1972,0.780789513661321,"annual"
"Diagnostic model","Diagnostic model",7,7,"Seed 7",FALSE,FALSE,"annual_depletion","SB/SBF=0",1973,0.760206016977013,"annual"
"Diagnostic model","Diagnostic model",7,7,"Seed 7",FALSE,FALSE,"annual_depletion","SB/SBF=0",1974,0.747236786087119,"annual"
"Diagnostic model","Diagnostic model",7,7,"Seed 7",FALSE,FALSE,"annual_depletion","SB/SBF=0",1975,0.733056295180544,"annual"
"Diagnostic model","Diagnostic model",7,7,"Seed 7",FALSE,FALSE,"annual_depletion","SB/SBF=0",1976,0.706696836424671,"annual"
"Diagnostic model","Diagnostic model",7,7,"Seed 7",FALSE,FALSE,"annual_depletion","SB/SBF=0",1977,0.686327714805192,"annual"
"Diagnostic model","Diagnostic model",7,7,"Seed 7",FALSE,FALSE,"annual_depletion","SB/SBF=0",1978,0.677705370678872,"annual"
"Diagnostic model","Diagnostic model",7,7,"Seed 7",FALSE,FALSE,"annual_depletion","SB/SBF=0",1979,0.660171630924584,"annual"
"Diagnostic model","Diagnostic model",7,7,"Seed 7",FALSE,FALSE,"annual_depletion","SB/SBF=0",1980,0.633855391817721,"annual"
"Diagnostic model","Diagnostic model",7,7,"Seed 7",FALSE,FALSE,"annual_depletion","SB/SBF=0",1981,0.610273631236021,"annual"
"Diagnostic model","Diagnostic model",7,7,"Seed 7",FALSE,FALSE,"annual_depletion","SB/SBF=0",1982,0.597740258193523,"annual"
"Diagnostic model","Diagnostic model",7,7,"Seed 7",FALSE,FALSE,"annual_depletion","SB/SBF=0",1983,0.589414698348801,"annual"
"Diagnostic model","Diagnostic model",7,7,"Seed 7",FALSE,FALSE,"annual_depletion","SB/SBF=0",1984,0.584793997819475,"annual"
"Diagnostic model","Diagnostic model",7,7,"Seed 7",FALSE,FALSE,"annual_depletion","SB/SBF=0",1985,0.564080065293889,"annual"
"Diagnostic model","Diagnostic model",7,7,"Seed 7",FALSE,FALSE,"annual_depletion","SB/SBF=0",1986,0.538360011379385,"annual"
"Diagnostic model","Diagnostic model",7,7,"Seed 7",FALSE,FALSE,"annual_depletion","SB/SBF=0",1987,0.521776674988073,"annual"
"Diagnostic model","Diagnostic model",7,7,"Seed 7",FALSE,FALSE,"annual_depletion","SB/SBF=0",1988,0.501713183162159,"annual"
"Diagnostic model","Diagnostic model",7,7,"Seed 7",FALSE,FALSE,"annual_depletion","SB/SBF=0",1989,0.487443953553304,"annual"
"Diagnostic model","Diagnostic model",7,7,"Seed 7",FALSE,FALSE,"annual_depletion","SB/SBF=0",1990,0.481369660944244,"annual"
"Diagnostic model","Diagnostic model",7,7,"Seed 7",FALSE,FALSE,"annual_depletion","SB/SBF=0",1991,0.471364596061611,"annual"
"Diagnostic model","Diagnostic model",7,7,"Seed 7",FALSE,FALSE,"annual_depletion","SB/SBF=0",1992,0.454302477051767,"annual"
"Diagnostic model","Diagnostic model",7,7,"Seed 7",FALSE,FALSE,"annual_depletion","SB/SBF=0",1993,0.426141561518184,"annual"
"Diagnostic model","Diagnostic model",7,7,"Seed 7",FALSE,FALSE,"annual_depletion","SB/SBF=0",1994,0.402976941699409,"annual"
"Diagnostic model","Diagnostic model",7,7,"Seed 7",FALSE,FALSE,"annual_depletion","SB/SBF=0",1995,0.376907778461394,"annual"
"Diagnostic model","Diagnostic model",7,7,"Seed 7",FALSE,FALSE,"annual_depletion","SB/SBF=0",1996,0.368565751952681,"annual"
"Diagnostic model","Diagnostic model",7,7,"Seed 7",FALSE,FALSE,"annual_depletion","SB/SBF=0",1997,0.383654153734008,"annual"
"Diagnostic model","Diagnostic model",7,7,"Seed 7",FALSE,FALSE,"annual_depletion","SB/SBF=0",1998,0.367814712021296,"annual"
"Diagnostic model","Diagnostic model",7,7,"Seed 7",FALSE,FALSE,"annual_depletion","SB/SBF=0",1999,0.343042804362209,"annual"
"Diagnostic model","Diagnostic model",7,7,"Seed 7",FALSE,FALSE,"annual_depletion","SB/SBF=0",2000,0.312073399085454,"annual"
"Diagnostic model","Diagnostic model",7,7,"Seed 7",FALSE,FALSE,"annual_depletion","SB/SBF=0",2001,0.288779525761712,"annual"
"Diagnostic model","Diagnostic model",7,7,"Seed 7",FALSE,FALSE,"annual_depletion","SB/SBF=0",2002,0.27469367306295,"annual"
"Diagnostic model","Diagnostic model",7,7,"Seed 7",FALSE,FALSE,"annual_depletion","SB/SBF=0",2003,0.259277820151213,"annual"
"Diagnostic model","Diagnostic model",7,7,"Seed 7",FALSE,FALSE,"annual_depletion","SB/SBF=0",2004,0.250391085593311,"annual"
"Diagnostic model","Diagnostic model",7,7,"Seed 7",FALSE,FALSE,"annual_depletion","SB/SBF=0",2005,0.228354311730048,"annual"
"Diagnostic model","Diagnostic model",7,7,"Seed 7",FALSE,FALSE,"annual_depletion","SB/SBF=0",2006,0.222337657587562,"annual"
"Diagnostic model","Diagnostic model",7,7,"Seed 7",FALSE,FALSE,"annual_depletion","SB/SBF=0",2007,0.21677157598805,"annual"
"Diagnostic model","Diagnostic model",7,7,"Seed 7",FALSE,FALSE,"annual_depletion","SB/SBF=0",2008,0.208111711641399,"annual"
"Diagnostic model","Diagnostic model",7,7,"Seed 7",FALSE,FALSE,"annual_depletion","SB/SBF=0",2009,0.19610701021815,"annual"
"Diagnostic model","Diagnostic model",7,7,"Seed 7",FALSE,FALSE,"annual_depletion","SB/SBF=0",2010,0.1822783259995,"annual"
"Diagnostic model","Diagnostic model",7,7,"Seed 7",FALSE,FALSE,"annual_depletion","SB/SBF=0",2011,0.181230208060717,"annual"
"Diagnostic model","Diagnostic model",7,7,"Seed 7",FALSE,FALSE,"annual_depletion","SB/SBF=0",2012,0.175756672643505,"annual"
"Diagnostic model","Diagnostic model",7,7,"Seed 7",FALSE,FALSE,"annual_depletion","SB/SBF=0",2013,0.16780797495037,"annual"
"Diagnostic model","Diagnostic model",7,7,"Seed 7",FALSE,FALSE,"annual_depletion","SB/SBF=0",2014,0.170919675036733,"annual"
"Diagnostic model","Diagnostic model",7,7,"Seed 7",FALSE,FALSE,"annual_depletion","SB/SBF=0",2015,0.17666441370688,"annual"
"Diagnostic model","Diagnostic model",7,7,"Seed 7",FALSE,FALSE,"annual_depletion","SB/SBF=0",2016,0.177687275895059,"annual"
"Diagnostic model","Diagnostic model",7,7,"Seed 7",FALSE,FALSE,"annual_depletion","SB/SBF=0",2017,0.175340040051089,"annual"
"Diagnostic model","Diagnostic model",7,7,"Seed 7",FALSE,FALSE,"annual_depletion","SB/SBF=0",2018,0.175621752397002,"annual"
"Diagnostic model","Diagnostic model",7,7,"Seed 7",FALSE,FALSE,"annual_depletion","SB/SBF=0",2019,0.17490607301071,"annual"
"Diagnostic model","Diagnostic model",7,7,"Seed 7",FALSE,FALSE,"annual_depletion","SB/SBF=0",2020,0.178374143217893,"annual"
"Diagnostic model","Diagnostic model",7,7,"Seed 7",FALSE,FALSE,"annual_depletion","SB/SBF=0",2021,0.185027043298726,"annual"
"Diagnostic model","Diagnostic model",7,7,"Seed 7",FALSE,FALSE,"annual_depletion","SB/SBF=0",2022,0.18824147660397,"annual"
"Diagnostic model","Diagnostic model",7,7,"Seed 7",FALSE,FALSE,"annual_depletion","SB/SBF=0",2023,0.182884767641559,"annual"
"Diagnostic model","Diagnostic model",7,7,"Seed 7",FALSE,FALSE,"annual_depletion","SB/SBF=0",2024,0.161410995172092,"annual"
"Diagnostic model","Diagnostic model",7,7,"Seed 7",FALSE,FALSE,"annual_sb_sbmsy","SB/SBMSY",1952,4.87925,"annual"
"Diagnostic model","Diagnostic model",7,7,"Seed 7",FALSE,FALSE,"annual_sb_sbmsy","SB/SBMSY",1953,4.88475,"annual"
"Diagnostic model","Diagnostic model",7,7,"Seed 7",FALSE,FALSE,"annual_sb_sbmsy","SB/SBMSY",1954,4.9025,"annual"
"Diagnostic model","Diagnostic model",7,7,"Seed 7",FALSE,FALSE,"annual_sb_sbmsy","SB/SBMSY",1955,4.925,"annual"
"Diagnostic model","Diagnostic model",7,7,"Seed 7",FALSE,FALSE,"annual_sb_sbmsy","SB/SBMSY",1956,4.92575,"annual"
"Diagnostic model","Diagnostic model",7,7,"Seed 7",FALSE,FALSE,"annual_sb_sbmsy","SB/SBMSY",1957,5.08725,"annual"
"Diagnostic model","Diagnostic model",7,7,"Seed 7",FALSE,FALSE,"annual_sb_sbmsy","SB/SBMSY",1958,4.9915,"annual"
"Diagnostic model","Diagnostic model",7,7,"Seed 7",FALSE,FALSE,"annual_sb_sbmsy","SB/SBMSY",1959,4.583,"annual"
"Diagnostic model","Diagnostic model",7,7,"Seed 7",FALSE,FALSE,"annual_sb_sbmsy","SB/SBMSY",1960,4.147,"annual"
"Diagnostic model","Diagnostic model",7,7,"Seed 7",FALSE,FALSE,"annual_sb_sbmsy","SB/SBMSY",1961,4.0015,"annual"
"Diagnostic model","Diagnostic model",7,7,"Seed 7",FALSE,FALSE,"annual_sb_sbmsy","SB/SBMSY",1962,3.75675,"annual"
"Diagnostic model","Diagnostic model",7,7,"Seed 7",FALSE,FALSE,"annual_sb_sbmsy","SB/SBMSY",1963,3.54625,"annual"
"Diagnostic model","Diagnostic model",7,7,"Seed 7",FALSE,FALSE,"annual_sb_sbmsy","SB/SBMSY",1964,3.30925,"annual"
"Diagnostic model","Diagnostic model",7,7,"Seed 7",FALSE,FALSE,"annual_sb_sbmsy","SB/SBMSY",1965,3.22625,"annual"
"Diagnostic model","Diagnostic model",7,7,"Seed 7",FALSE,FALSE,"annual_sb_sbmsy","SB/SBMSY",1966,3.202,"annual"
"Diagnostic model","Diagnostic model",7,7,"Seed 7",FALSE,FALSE,"annual_sb_sbmsy","SB/SBMSY",1967,3.0725,"annual"
"Diagnostic model","Diagnostic model",7,7,"Seed 7",FALSE,FALSE,"annual_sb_sbmsy","SB/SBMSY",1968,2.93375,"annual"
"Diagnostic model","Diagnostic model",7,7,"Seed 7",FALSE,FALSE,"annual_sb_sbmsy","SB/SBMSY",1969,2.94425,"annual"
"Diagnostic model","Diagnostic model",7,7,"Seed 7",FALSE,FALSE,"annual_sb_sbmsy","SB/SBMSY",1970,2.84425,"annual"
"Diagnostic model","Diagnostic model",7,7,"Seed 7",FALSE,FALSE,"annual_sb_sbmsy","SB/SBMSY",1971,2.75925,"annual"
"Diagnostic model","Diagnostic model",7,7,"Seed 7",FALSE,FALSE,"annual_sb_sbmsy","SB/SBMSY",1972,2.75025,"annual"
"Diagnostic model","Diagnostic model",7,7,"Seed 7",FALSE,FALSE,"annual_sb_sbmsy","SB/SBMSY",1973,2.58525,"annual"
"Diagnostic model","Diagnostic model",7,7,"Seed 7",FALSE,FALSE,"annual_sb_sbmsy","SB/SBMSY",1974,2.4485,"annual"
"Diagnostic model","Diagnostic model",7,7,"Seed 7",FALSE,FALSE,"annual_sb_sbmsy","SB/SBMSY",1975,2.3625,"annual"
"Diagnostic model","Diagnostic model",7,7,"Seed 7",FALSE,FALSE,"annual_sb_sbmsy","SB/SBMSY",1976,2.22475,"annual"
"Diagnostic model","Diagnostic model",7,7,"Seed 7",FALSE,FALSE,"annual_sb_sbmsy","SB/SBMSY",1977,2.18575,"annual"
"Diagnostic model","Diagnostic model",7,7,"Seed 7",FALSE,FALSE,"annual_sb_sbmsy","SB/SBMSY",1978,2.24675,"annual"
"Diagnostic model","Diagnostic model",7,7,"Seed 7",FALSE,FALSE,"annual_sb_sbmsy","SB/SBMSY",1979,2.19625,"annual"
"Diagnostic model","Diagnostic model",7,7,"Seed 7",FALSE,FALSE,"annual_sb_sbmsy","SB/SBMSY",1980,2.101,"annual"
"Diagnostic model","Diagnostic model",7,7,"Seed 7",FALSE,FALSE,"annual_sb_sbmsy","SB/SBMSY",1981,1.91875,"annual"
"Diagnostic model","Diagnostic model",7,7,"Seed 7",FALSE,FALSE,"annual_sb_sbmsy","SB/SBMSY",1982,1.8225,"annual"
"Diagnostic model","Diagnostic model",7,7,"Seed 7",FALSE,FALSE,"annual_sb_sbmsy","SB/SBMSY",1983,1.827,"annual"
"Diagnostic model","Diagnostic model",7,7,"Seed 7",FALSE,FALSE,"annual_sb_sbmsy","SB/SBMSY",1984,1.9475,"annual"
"Diagnostic model","Diagnostic model",7,7,"Seed 7",FALSE,FALSE,"annual_sb_sbmsy","SB/SBMSY",1985,2.01425,"annual"
"Diagnostic model","Diagnostic model",7,7,"Seed 7",FALSE,FALSE,"annual_sb_sbmsy","SB/SBMSY",1986,1.971,"annual"
"Diagnostic model","Diagnostic model",7,7,"Seed 7",FALSE,FALSE,"annual_sb_sbmsy","SB/SBMSY",1987,1.97525,"annual"
"Diagnostic model","Diagnostic model",7,7,"Seed 7",FALSE,FALSE,"annual_sb_sbmsy","SB/SBMSY",1988,1.99275,"annual"
"Diagnostic model","Diagnostic model",7,7,"Seed 7",FALSE,FALSE,"annual_sb_sbmsy","SB/SBMSY",1989,1.985,"annual"
"Diagnostic model","Diagnostic model",7,7,"Seed 7",FALSE,FALSE,"annual_sb_sbmsy","SB/SBMSY",1990,2.1015,"annual"
"Diagnostic model","Diagnostic model",7,7,"Seed 7",FALSE,FALSE,"annual_sb_sbmsy","SB/SBMSY",1991,2.1675,"annual"
"Diagnostic model","Diagnostic model",7,7,"Seed 7",FALSE,FALSE,"annual_sb_sbmsy","SB/SBMSY",1992,2.143,"annual"
"Diagnostic model","Diagnostic model",7,7,"Seed 7",FALSE,FALSE,"annual_sb_sbmsy","SB/SBMSY",1993,2.013,"annual"
"Diagnostic model","Diagnostic model",7,7,"Seed 7",FALSE,FALSE,"annual_sb_sbmsy","SB/SBMSY",1994,1.9405,"annual"
"Diagnostic model","Diagnostic model",7,7,"Seed 7",FALSE,FALSE,"annual_sb_sbmsy","SB/SBMSY",1995,1.838,"annual"
"Diagnostic model","Diagnostic model",7,7,"Seed 7",FALSE,FALSE,"annual_sb_sbmsy","SB/SBMSY",1996,1.77975,"annual"
"Diagnostic model","Diagnostic model",7,7,"Seed 7",FALSE,FALSE,"annual_sb_sbmsy","SB/SBMSY",1997,1.891,"annual"
"Diagnostic model","Diagnostic model",7,7,"Seed 7",FALSE,FALSE,"annual_sb_sbmsy","SB/SBMSY",1998,1.859,"annual"
"Diagnostic model","Diagnostic model",7,7,"Seed 7",FALSE,FALSE,"annual_sb_sbmsy","SB/SBMSY",1999,1.76375,"annual"
"Diagnostic model","Diagnostic model",7,7,"Seed 7",FALSE,FALSE,"annual_sb_sbmsy","SB/SBMSY",2000,1.62125,"annual"
"Diagnostic model","Diagnostic model",7,7,"Seed 7",FALSE,FALSE,"annual_sb_sbmsy","SB/SBMSY",2001,1.511,"annual"
"Diagnostic model","Diagnostic model",7,7,"Seed 7",FALSE,FALSE,"annual_sb_sbmsy","SB/SBMSY",2002,1.4775,"annual"
"Diagnostic model","Diagnostic model",7,7,"Seed 7",FALSE,FALSE,"annual_sb_sbmsy","SB/SBMSY",2003,1.45225,"annual"
"Diagnostic model","Diagnostic model",7,7,"Seed 7",FALSE,FALSE,"annual_sb_sbmsy","SB/SBMSY",2004,1.4285,"annual"
"Diagnostic model","Diagnostic model",7,7,"Seed 7",FALSE,FALSE,"annual_sb_sbmsy","SB/SBMSY",2005,1.3035,"annual"
"Diagnostic model","Diagnostic model",7,7,"Seed 7",FALSE,FALSE,"annual_sb_sbmsy","SB/SBMSY",2006,1.27775,"annual"
"Diagnostic model","Diagnostic model",7,7,"Seed 7",FALSE,FALSE,"annual_sb_sbmsy","SB/SBMSY",2007,1.27,"annual"
"Diagnostic model","Diagnostic model",7,7,"Seed 7",FALSE,FALSE,"annual_sb_sbmsy","SB/SBMSY",2008,1.223,"annual"
"Diagnostic model","Diagnostic model",7,7,"Seed 7",FALSE,FALSE,"annual_sb_sbmsy","SB/SBMSY",2009,1.13625,"annual"
"Diagnostic model","Diagnostic model",7,7,"Seed 7",FALSE,FALSE,"annual_sb_sbmsy","SB/SBMSY",2010,1.0525,"annual"
"Diagnostic model","Diagnostic model",7,7,"Seed 7",FALSE,FALSE,"annual_sb_sbmsy","SB/SBMSY",2011,1.0585,"annual"
"Diagnostic model","Diagnostic model",7,7,"Seed 7",FALSE,FALSE,"annual_sb_sbmsy","SB/SBMSY",2012,1.03125,"annual"
"Diagnostic model","Diagnostic model",7,7,"Seed 7",FALSE,FALSE,"annual_sb_sbmsy","SB/SBMSY",2013,0.966825,"annual"
"Diagnostic model","Diagnostic model",7,7,"Seed 7",FALSE,FALSE,"annual_sb_sbmsy","SB/SBMSY",2014,0.991575,"annual"
"Diagnostic model","Diagnostic model",7,7,"Seed 7",FALSE,FALSE,"annual_sb_sbmsy","SB/SBMSY",2015,1.064,"annual"
"Diagnostic model","Diagnostic model",7,7,"Seed 7",FALSE,FALSE,"annual_sb_sbmsy","SB/SBMSY",2016,1.0915,"annual"
"Diagnostic model","Diagnostic model",7,7,"Seed 7",FALSE,FALSE,"annual_sb_sbmsy","SB/SBMSY",2017,1.06275,"annual"
"Diagnostic model","Diagnostic model",7,7,"Seed 7",FALSE,FALSE,"annual_sb_sbmsy","SB/SBMSY",2018,1.0515,"annual"
"Diagnostic model","Diagnostic model",7,7,"Seed 7",FALSE,FALSE,"annual_sb_sbmsy","SB/SBMSY",2019,1.043,"annual"
"Diagnostic model","Diagnostic model",7,7,"Seed 7",FALSE,FALSE,"annual_sb_sbmsy","SB/SBMSY",2020,1.05825,"annual"
"Diagnostic model","Diagnostic model",7,7,"Seed 7",FALSE,FALSE,"annual_sb_sbmsy","SB/SBMSY",2021,1.08075,"annual"
"Diagnostic model","Diagnostic model",7,7,"Seed 7",FALSE,FALSE,"annual_sb_sbmsy","SB/SBMSY",2022,1.08525,"annual"
"Diagnostic model","Diagnostic model",7,7,"Seed 7",FALSE,FALSE,"annual_sb_sbmsy","SB/SBMSY",2023,1.03065,"annual"
"Diagnostic model","Diagnostic model",7,7,"Seed 7",FALSE,FALSE,"annual_sb_sbmsy","SB/SBMSY",2024,0.8913,"annual"
"Diagnostic model","Diagnostic model",7,7,"Seed 7",FALSE,FALSE,"annual_f_fmsy","F/FMSY",1952,0.0809675,"annual"
"Diagnostic model","Diagnostic model",7,7,"Seed 7",FALSE,FALSE,"annual_f_fmsy","F/FMSY",1953,0.07516,"annual"
"Diagnostic model","Diagnostic model",7,7,"Seed 7",FALSE,FALSE,"annual_f_fmsy","F/FMSY",1954,0.05095,"annual"
"Diagnostic model","Diagnostic model",7,7,"Seed 7",FALSE,FALSE,"annual_f_fmsy","F/FMSY",1955,0.08093,"annual"
"Diagnostic model","Diagnostic model",7,7,"Seed 7",FALSE,FALSE,"annual_f_fmsy","F/FMSY",1956,0.089085,"annual"
"Diagnostic model","Diagnostic model",7,7,"Seed 7",FALSE,FALSE,"annual_f_fmsy","F/FMSY",1957,0.1195275,"annual"
"Diagnostic model","Diagnostic model",7,7,"Seed 7",FALSE,FALSE,"annual_f_fmsy","F/FMSY",1958,0.17715,"annual"
"Diagnostic model","Diagnostic model",7,7,"Seed 7",FALSE,FALSE,"annual_f_fmsy","F/FMSY",1959,0.16352,"annual"
"Diagnostic model","Diagnostic model",7,7,"Seed 7",FALSE,FALSE,"annual_f_fmsy","F/FMSY",1960,0.163555,"annual"
"Diagnostic model","Diagnostic model",7,7,"Seed 7",FALSE,FALSE,"annual_f_fmsy","F/FMSY",1961,0.1628,"annual"
"Diagnostic model","Diagnostic model",7,7,"Seed 7",FALSE,FALSE,"annual_f_fmsy","F/FMSY",1962,0.15795,"annual"
"Diagnostic model","Diagnostic model",7,7,"Seed 7",FALSE,FALSE,"annual_f_fmsy","F/FMSY",1963,0.202725,"annual"
"Diagnostic model","Diagnostic model",7,7,"Seed 7",FALSE,FALSE,"annual_f_fmsy","F/FMSY",1964,0.1509675,"annual"
"Diagnostic model","Diagnostic model",7,7,"Seed 7",FALSE,FALSE,"annual_f_fmsy","F/FMSY",1965,0.1405,"annual"
"Diagnostic model","Diagnostic model",7,7,"Seed 7",FALSE,FALSE,"annual_f_fmsy","F/FMSY",1966,0.1591,"annual"
"Diagnostic model","Diagnostic model",7,7,"Seed 7",FALSE,FALSE,"annual_f_fmsy","F/FMSY",1967,0.173275,"annual"
"Diagnostic model","Diagnostic model",7,7,"Seed 7",FALSE,FALSE,"annual_f_fmsy","F/FMSY",1968,0.1421,"annual"
"Diagnostic model","Diagnostic model",7,7,"Seed 7",FALSE,FALSE,"annual_f_fmsy","F/FMSY",1969,0.1784,"annual"
"Diagnostic model","Diagnostic model",7,7,"Seed 7",FALSE,FALSE,"annual_f_fmsy","F/FMSY",1970,0.170525,"annual"
"Diagnostic model","Diagnostic model",7,7,"Seed 7",FALSE,FALSE,"annual_f_fmsy","F/FMSY",1971,0.173275,"annual"
"Diagnostic model","Diagnostic model",7,7,"Seed 7",FALSE,FALSE,"annual_f_fmsy","F/FMSY",1972,0.23955,"annual"
"Diagnostic model","Diagnostic model",7,7,"Seed 7",FALSE,FALSE,"annual_f_fmsy","F/FMSY",1973,0.2035,"annual"
"Diagnostic model","Diagnostic model",7,7,"Seed 7",FALSE,FALSE,"annual_f_fmsy","F/FMSY",1974,0.228175,"annual"
"Diagnostic model","Diagnostic model",7,7,"Seed 7",FALSE,FALSE,"annual_f_fmsy","F/FMSY",1975,0.29225,"annual"
"Diagnostic model","Diagnostic model",7,7,"Seed 7",FALSE,FALSE,"annual_f_fmsy","F/FMSY",1976,0.309,"annual"
"Diagnostic model","Diagnostic model",7,7,"Seed 7",FALSE,FALSE,"annual_f_fmsy","F/FMSY",1977,0.343125,"annual"
"Diagnostic model","Diagnostic model",7,7,"Seed 7",FALSE,FALSE,"annual_f_fmsy","F/FMSY",1978,0.287875,"annual"
"Diagnostic model","Diagnostic model",7,7,"Seed 7",FALSE,FALSE,"annual_f_fmsy","F/FMSY",1979,0.3732,"annual"
"Diagnostic model","Diagnostic model",7,7,"Seed 7",FALSE,FALSE,"annual_f_fmsy","F/FMSY",1980,0.38045,"annual"
"Diagnostic model","Diagnostic model",7,7,"Seed 7",FALSE,FALSE,"annual_f_fmsy","F/FMSY",1981,0.361875,"annual"
"Diagnostic model","Diagnostic model",7,7,"Seed 7",FALSE,FALSE,"annual_f_fmsy","F/FMSY",1982,0.4184,"annual"
"Diagnostic model","Diagnostic model",7,7,"Seed 7",FALSE,FALSE,"annual_f_fmsy","F/FMSY",1983,0.4107,"annual"
"Diagnostic model","Diagnostic model",7,7,"Seed 7",FALSE,FALSE,"annual_f_fmsy","F/FMSY",1984,0.444025,"annual"
"Diagnostic model","Diagnostic model",7,7,"Seed 7",FALSE,FALSE,"annual_f_fmsy","F/FMSY",1985,0.463525,"annual"
"Diagnostic model","Diagnostic model",7,7,"Seed 7",FALSE,FALSE,"annual_f_fmsy","F/FMSY",1986,0.425075,"annual"
"Diagnostic model","Diagnostic model",7,7,"Seed 7",FALSE,FALSE,"annual_f_fmsy","F/FMSY",1987,0.54195,"annual"
"Diagnostic model","Diagnostic model",7,7,"Seed 7",FALSE,FALSE,"annual_f_fmsy","F/FMSY",1988,0.469625,"annual"
"Diagnostic model","Diagnostic model",7,7,"Seed 7",FALSE,FALSE,"annual_f_fmsy","F/FMSY",1989,0.458725,"annual"
"Diagnostic model","Diagnostic model",7,7,"Seed 7",FALSE,FALSE,"annual_f_fmsy","F/FMSY",1990,0.560475,"annual"
"Diagnostic model","Diagnostic model",7,7,"Seed 7",FALSE,FALSE,"annual_f_fmsy","F/FMSY",1991,0.517925,"annual"
"Diagnostic model","Diagnostic model",7,7,"Seed 7",FALSE,FALSE,"annual_f_fmsy","F/FMSY",1992,0.652275,"annual"
"Diagnostic model","Diagnostic model",7,7,"Seed 7",FALSE,FALSE,"annual_f_fmsy","F/FMSY",1993,0.58255,"annual"
"Diagnostic model","Diagnostic model",7,7,"Seed 7",FALSE,FALSE,"annual_f_fmsy","F/FMSY",1994,0.675175,"annual"
"Diagnostic model","Diagnostic model",7,7,"Seed 7",FALSE,FALSE,"annual_f_fmsy","F/FMSY",1995,0.604025,"annual"
"Diagnostic model","Diagnostic model",7,7,"Seed 7",FALSE,FALSE,"annual_f_fmsy","F/FMSY",1996,0.56245,"annual"
"Diagnostic model","Diagnostic model",7,7,"Seed 7",FALSE,FALSE,"annual_f_fmsy","F/FMSY",1997,0.70725,"annual"
"Diagnostic model","Diagnostic model",7,7,"Seed 7",FALSE,FALSE,"annual_f_fmsy","F/FMSY",1998,0.842675,"annual"
"Diagnostic model","Diagnostic model",7,7,"Seed 7",FALSE,FALSE,"annual_f_fmsy","F/FMSY",1999,0.924575,"annual"
"Diagnostic model","Diagnostic model",7,7,"Seed 7",FALSE,FALSE,"annual_f_fmsy","F/FMSY",2000,0.9095,"annual"
"Diagnostic model","Diagnostic model",7,7,"Seed 7",FALSE,FALSE,"annual_f_fmsy","F/FMSY",2001,0.779825,"annual"
"Diagnostic model","Diagnostic model",7,7,"Seed 7",FALSE,FALSE,"annual_f_fmsy","F/FMSY",2002,0.970525,"annual"
"Diagnostic model","Diagnostic model",7,7,"Seed 7",FALSE,FALSE,"annual_f_fmsy","F/FMSY",2003,0.88045,"annual"
"Diagnostic model","Diagnostic model",7,7,"Seed 7",FALSE,FALSE,"annual_f_fmsy","F/FMSY",2004,1.23175,"annual"
"Diagnostic model","Diagnostic model",7,7,"Seed 7",FALSE,FALSE,"annual_f_fmsy","F/FMSY",2005,0.994425,"annual"
"Diagnostic model","Diagnostic model",7,7,"Seed 7",FALSE,FALSE,"annual_f_fmsy","F/FMSY",2006,1.060425,"annual"
"Diagnostic model","Diagnostic model",7,7,"Seed 7",FALSE,FALSE,"annual_f_fmsy","F/FMSY",2007,1.08475,"annual"
"Diagnostic model","Diagnostic model",7,7,"Seed 7",FALSE,FALSE,"annual_f_fmsy","F/FMSY",2008,1.1675,"annual"
"Diagnostic model","Diagnostic model",7,7,"Seed 7",FALSE,FALSE,"annual_f_fmsy","F/FMSY",2009,1.1935,"annual"
"Diagnostic model","Diagnostic model",7,7,"Seed 7",FALSE,FALSE,"annual_f_fmsy","F/FMSY",2010,0.985375,"annual"
"Diagnostic model","Diagnostic model",7,7,"Seed 7",FALSE,FALSE,"annual_f_fmsy","F/FMSY",2011,1.220975,"annual"
"Diagnostic model","Diagnostic model",7,7,"Seed 7",FALSE,FALSE,"annual_f_fmsy","F/FMSY",2012,1.2557,"annual"
"Diagnostic model","Diagnostic model",7,7,"Seed 7",FALSE,FALSE,"annual_f_fmsy","F/FMSY",2013,1.141675,"annual"
"Diagnostic model","Diagnostic model",7,7,"Seed 7",FALSE,FALSE,"annual_f_fmsy","F/FMSY",2014,1.228275,"annual"
"Diagnostic model","Diagnostic model",7,7,"Seed 7",FALSE,FALSE,"annual_f_fmsy","F/FMSY",2015,1.1163,"annual"
"Diagnostic model","Diagnostic model",7,7,"Seed 7",FALSE,FALSE,"annual_f_fmsy","F/FMSY",2016,1.16785,"annual"
"Diagnostic model","Diagnostic model",7,7,"Seed 7",FALSE,FALSE,"annual_f_fmsy","F/FMSY",2017,0.987825,"annual"
"Diagnostic model","Diagnostic model",7,7,"Seed 7",FALSE,FALSE,"annual_f_fmsy","F/FMSY",2018,1.142675,"annual"
"Diagnostic model","Diagnostic model",7,7,"Seed 7",FALSE,FALSE,"annual_f_fmsy","F/FMSY",2019,1.013075,"annual"
"Diagnostic model","Diagnostic model",7,7,"Seed 7",FALSE,FALSE,"annual_f_fmsy","F/FMSY",2020,1.069325,"annual"
"Diagnostic model","Diagnostic model",7,7,"Seed 7",FALSE,FALSE,"annual_f_fmsy","F/FMSY",2021,1.05585,"annual"
"Diagnostic model","Diagnostic model",7,7,"Seed 7",FALSE,FALSE,"annual_f_fmsy","F/FMSY",2022,1.14495,"annual"
"Diagnostic model","Diagnostic model",7,7,"Seed 7",FALSE,FALSE,"annual_f_fmsy","F/FMSY",2023,1.25475,"annual"
"Diagnostic model","Diagnostic model",7,7,"Seed 7",FALSE,FALSE,"annual_f_fmsy","F/FMSY",2024,1.441,"annual"
"Diagnostic model","Diagnostic model",8,8,"Seed 8",FALSE,FALSE,"annual_depletion","SB/SBF=0",1952,0.994941641372524,"annual"
"Diagnostic model","Diagnostic model",8,8,"Seed 8",FALSE,FALSE,"annual_depletion","SB/SBF=0",1953,0.97900655632075,"annual"
"Diagnostic model","Diagnostic model",8,8,"Seed 8",FALSE,FALSE,"annual_depletion","SB/SBF=0",1954,0.9690932401532,"annual"
"Diagnostic model","Diagnostic model",8,8,"Seed 8",FALSE,FALSE,"annual_depletion","SB/SBF=0",1955,0.961108001864657,"annual"
"Diagnostic model","Diagnostic model",8,8,"Seed 8",FALSE,FALSE,"annual_depletion","SB/SBF=0",1956,0.950700082208115,"annual"
"Diagnostic model","Diagnostic model",8,8,"Seed 8",FALSE,FALSE,"annual_depletion","SB/SBF=0",1957,0.940721311970827,"annual"
"Diagnostic model","Diagnostic model",8,8,"Seed 8",FALSE,FALSE,"annual_depletion","SB/SBF=0",1958,0.922135555901041,"annual"
"Diagnostic model","Diagnostic model",8,8,"Seed 8",FALSE,FALSE,"annual_depletion","SB/SBF=0",1959,0.897728905462148,"annual"
"Diagnostic model","Diagnostic model",8,8,"Seed 8",FALSE,FALSE,"annual_depletion","SB/SBF=0",1960,0.877161500815661,"annual"
"Diagnostic model","Diagnostic model",8,8,"Seed 8",FALSE,FALSE,"annual_depletion","SB/SBF=0",1961,0.869928289128239,"annual"
"Diagnostic model","Diagnostic model",8,8,"Seed 8",FALSE,FALSE,"annual_depletion","SB/SBF=0",1962,0.862568284061697,"annual"
"Diagnostic model","Diagnostic model",8,8,"Seed 8",FALSE,FALSE,"annual_depletion","SB/SBF=0",1963,0.854437337597442,"annual"
"Diagnostic model","Diagnostic model",8,8,"Seed 8",FALSE,FALSE,"annual_depletion","SB/SBF=0",1964,0.843350707979967,"annual"
"Diagnostic model","Diagnostic model",8,8,"Seed 8",FALSE,FALSE,"annual_depletion","SB/SBF=0",1965,0.84575946706792,"annual"
"Diagnostic model","Diagnostic model",8,8,"Seed 8",FALSE,FALSE,"annual_depletion","SB/SBF=0",1966,0.848667354700886,"annual"
"Diagnostic model","Diagnostic model",8,8,"Seed 8",FALSE,FALSE,"annual_depletion","SB/SBF=0",1967,0.843980663368538,"annual"
"Diagnostic model","Diagnostic model",8,8,"Seed 8",FALSE,FALSE,"annual_depletion","SB/SBF=0",1968,0.840389763654797,"annual"
"Diagnostic model","Diagnostic model",8,8,"Seed 8",FALSE,FALSE,"annual_depletion","SB/SBF=0",1969,0.843001717626922,"annual"
"Diagnostic model","Diagnostic model",8,8,"Seed 8",FALSE,FALSE,"annual_depletion","SB/SBF=0",1970,0.840029496712346,"annual"
"Diagnostic model","Diagnostic model",8,8,"Seed 8",FALSE,FALSE,"annual_depletion","SB/SBF=0",1971,0.836572530838085,"annual"
"Diagnostic model","Diagnostic model",8,8,"Seed 8",FALSE,FALSE,"annual_depletion","SB/SBF=0",1972,0.831139624694738,"annual"
"Diagnostic model","Diagnostic model",8,8,"Seed 8",FALSE,FALSE,"annual_depletion","SB/SBF=0",1973,0.813514004064628,"annual"
"Diagnostic model","Diagnostic model",8,8,"Seed 8",FALSE,FALSE,"annual_depletion","SB/SBF=0",1974,0.801706537080708,"annual"
"Diagnostic model","Diagnostic model",8,8,"Seed 8",FALSE,FALSE,"annual_depletion","SB/SBF=0",1975,0.790018863266844,"annual"
"Diagnostic model","Diagnostic model",8,8,"Seed 8",FALSE,FALSE,"annual_depletion","SB/SBF=0",1976,0.767387934716364,"annual"
"Diagnostic model","Diagnostic model",8,8,"Seed 8",FALSE,FALSE,"annual_depletion","SB/SBF=0",1977,0.75067291890973,"annual"
"Diagnostic model","Diagnostic model",8,8,"Seed 8",FALSE,FALSE,"annual_depletion","SB/SBF=0",1978,0.743270091181968,"annual"
"Diagnostic model","Diagnostic model",8,8,"Seed 8",FALSE,FALSE,"annual_depletion","SB/SBF=0",1979,0.729769652289671,"annual"
"Diagnostic model","Diagnostic model",8,8,"Seed 8",FALSE,FALSE,"annual_depletion","SB/SBF=0",1980,0.708836762299602,"annual"
"Diagnostic model","Diagnostic model",8,8,"Seed 8",FALSE,FALSE,"annual_depletion","SB/SBF=0",1981,0.688589354385551,"annual"
"Diagnostic model","Diagnostic model",8,8,"Seed 8",FALSE,FALSE,"annual_depletion","SB/SBF=0",1982,0.676482154072351,"annual"
"Diagnostic model","Diagnostic model",8,8,"Seed 8",FALSE,FALSE,"annual_depletion","SB/SBF=0",1983,0.667660486260581,"annual"
"Diagnostic model","Diagnostic model",8,8,"Seed 8",FALSE,FALSE,"annual_depletion","SB/SBF=0",1984,0.661189198225307,"annual"
"Diagnostic model","Diagnostic model",8,8,"Seed 8",FALSE,FALSE,"annual_depletion","SB/SBF=0",1985,0.640694852933358,"annual"
"Diagnostic model","Diagnostic model",8,8,"Seed 8",FALSE,FALSE,"annual_depletion","SB/SBF=0",1986,0.615474394351124,"annual"
"Diagnostic model","Diagnostic model",8,8,"Seed 8",FALSE,FALSE,"annual_depletion","SB/SBF=0",1987,0.596212430468792,"annual"
"Diagnostic model","Diagnostic model",8,8,"Seed 8",FALSE,FALSE,"annual_depletion","SB/SBF=0",1988,0.576163627781898,"annual"
"Diagnostic model","Diagnostic model",8,8,"Seed 8",FALSE,FALSE,"annual_depletion","SB/SBF=0",1989,0.559783910980251,"annual"
"Diagnostic model","Diagnostic model",8,8,"Seed 8",FALSE,FALSE,"annual_depletion","SB/SBF=0",1990,0.55117575663528,"annual"
"Diagnostic model","Diagnostic model",8,8,"Seed 8",FALSE,FALSE,"annual_depletion","SB/SBF=0",1991,0.543122848554035,"annual"
"Diagnostic model","Diagnostic model",8,8,"Seed 8",FALSE,FALSE,"annual_depletion","SB/SBF=0",1992,0.524213156075037,"annual"
"Diagnostic model","Diagnostic model",8,8,"Seed 8",FALSE,FALSE,"annual_depletion","SB/SBF=0",1993,0.496764045792744,"annual"
"Diagnostic model","Diagnostic model",8,8,"Seed 8",FALSE,FALSE,"annual_depletion","SB/SBF=0",1994,0.470719830663996,"annual"
"Diagnostic model","Diagnostic model",8,8,"Seed 8",FALSE,FALSE,"annual_depletion","SB/SBF=0",1995,0.443425264941202,"annual"
"Diagnostic model","Diagnostic model",8,8,"Seed 8",FALSE,FALSE,"annual_depletion","SB/SBF=0",1996,0.431034965345276,"annual"
"Diagnostic model","Diagnostic model",8,8,"Seed 8",FALSE,FALSE,"annual_depletion","SB/SBF=0",1997,0.443493767071106,"annual"
"Diagnostic model","Diagnostic model",8,8,"Seed 8",FALSE,FALSE,"annual_depletion","SB/SBF=0",1998,0.430317041272249,"annual"
"Diagnostic model","Diagnostic model",8,8,"Seed 8",FALSE,FALSE,"annual_depletion","SB/SBF=0",1999,0.408289834514608,"annual"
"Diagnostic model","Diagnostic model",8,8,"Seed 8",FALSE,FALSE,"annual_depletion","SB/SBF=0",2000,0.377446358141044,"annual"
"Diagnostic model","Diagnostic model",8,8,"Seed 8",FALSE,FALSE,"annual_depletion","SB/SBF=0",2001,0.353624884262955,"annual"
"Diagnostic model","Diagnostic model",8,8,"Seed 8",FALSE,FALSE,"annual_depletion","SB/SBF=0",2002,0.336993842980373,"annual"
"Diagnostic model","Diagnostic model",8,8,"Seed 8",FALSE,FALSE,"annual_depletion","SB/SBF=0",2003,0.320046244107593,"annual"
"Diagnostic model","Diagnostic model",8,8,"Seed 8",FALSE,FALSE,"annual_depletion","SB/SBF=0",2004,0.308144422983777,"annual"
"Diagnostic model","Diagnostic model",8,8,"Seed 8",FALSE,FALSE,"annual_depletion","SB/SBF=0",2005,0.288494210351468,"annual"
"Diagnostic model","Diagnostic model",8,8,"Seed 8",FALSE,FALSE,"annual_depletion","SB/SBF=0",2006,0.27666626099759,"annual"
"Diagnostic model","Diagnostic model",8,8,"Seed 8",FALSE,FALSE,"annual_depletion","SB/SBF=0",2007,0.269190159079802,"annual"
"Diagnostic model","Diagnostic model",8,8,"Seed 8",FALSE,FALSE,"annual_depletion","SB/SBF=0",2008,0.259033799946648,"annual"
"Diagnostic model","Diagnostic model",8,8,"Seed 8",FALSE,FALSE,"annual_depletion","SB/SBF=0",2009,0.24173923725402,"annual"
"Diagnostic model","Diagnostic model",8,8,"Seed 8",FALSE,FALSE,"annual_depletion","SB/SBF=0",2010,0.224321413538925,"annual"
"Diagnostic model","Diagnostic model",8,8,"Seed 8",FALSE,FALSE,"annual_depletion","SB/SBF=0",2011,0.219806286861007,"annual"
"Diagnostic model","Diagnostic model",8,8,"Seed 8",FALSE,FALSE,"annual_depletion","SB/SBF=0",2012,0.214103490781924,"annual"
"Diagnostic model","Diagnostic model",8,8,"Seed 8",FALSE,FALSE,"annual_depletion","SB/SBF=0",2013,0.204740570600356,"annual"
"Diagnostic model","Diagnostic model",8,8,"Seed 8",FALSE,FALSE,"annual_depletion","SB/SBF=0",2014,0.20734997184182,"annual"
"Diagnostic model","Diagnostic model",8,8,"Seed 8",FALSE,FALSE,"annual_depletion","SB/SBF=0",2015,0.215244043895893,"annual"
"Diagnostic model","Diagnostic model",8,8,"Seed 8",FALSE,FALSE,"annual_depletion","SB/SBF=0",2016,0.21866343615,"annual"
"Diagnostic model","Diagnostic model",8,8,"Seed 8",FALSE,FALSE,"annual_depletion","SB/SBF=0",2017,0.217560393564056,"annual"
"Diagnostic model","Diagnostic model",8,8,"Seed 8",FALSE,FALSE,"annual_depletion","SB/SBF=0",2018,0.217456469162973,"annual"
"Diagnostic model","Diagnostic model",8,8,"Seed 8",FALSE,FALSE,"annual_depletion","SB/SBF=0",2019,0.217733448414411,"annual"
"Diagnostic model","Diagnostic model",8,8,"Seed 8",FALSE,FALSE,"annual_depletion","SB/SBF=0",2020,0.221820565648998,"annual"
"Diagnostic model","Diagnostic model",8,8,"Seed 8",FALSE,FALSE,"annual_depletion","SB/SBF=0",2021,0.227228214698657,"annual"
"Diagnostic model","Diagnostic model",8,8,"Seed 8",FALSE,FALSE,"annual_depletion","SB/SBF=0",2022,0.227835025858968,"annual"
"Diagnostic model","Diagnostic model",8,8,"Seed 8",FALSE,FALSE,"annual_depletion","SB/SBF=0",2023,0.21812468072252,"annual"
"Diagnostic model","Diagnostic model",8,8,"Seed 8",FALSE,FALSE,"annual_depletion","SB/SBF=0",2024,0.195208607477359,"annual"
"Diagnostic model","Diagnostic model",8,8,"Seed 8",FALSE,FALSE,"annual_sb_sbmsy","SB/SBMSY",1952,5.97525,"annual"
"Diagnostic model","Diagnostic model",8,8,"Seed 8",FALSE,FALSE,"annual_sb_sbmsy","SB/SBMSY",1953,6.0205,"annual"
"Diagnostic model","Diagnostic model",8,8,"Seed 8",FALSE,FALSE,"annual_sb_sbmsy","SB/SBMSY",1954,6.0605,"annual"
"Diagnostic model","Diagnostic model",8,8,"Seed 8",FALSE,FALSE,"annual_sb_sbmsy","SB/SBMSY",1955,6.09225,"annual"
"Diagnostic model","Diagnostic model",8,8,"Seed 8",FALSE,FALSE,"annual_sb_sbmsy","SB/SBMSY",1956,6.1295,"annual"
"Diagnostic model","Diagnostic model",8,8,"Seed 8",FALSE,FALSE,"annual_sb_sbmsy","SB/SBMSY",1957,6.3255,"annual"
"Diagnostic model","Diagnostic model",8,8,"Seed 8",FALSE,FALSE,"annual_sb_sbmsy","SB/SBMSY",1958,6.177,"annual"
"Diagnostic model","Diagnostic model",8,8,"Seed 8",FALSE,FALSE,"annual_sb_sbmsy","SB/SBMSY",1959,5.6605,"annual"
"Diagnostic model","Diagnostic model",8,8,"Seed 8",FALSE,FALSE,"annual_sb_sbmsy","SB/SBMSY",1960,5.09875,"annual"
"Diagnostic model","Diagnostic model",8,8,"Seed 8",FALSE,FALSE,"annual_sb_sbmsy","SB/SBMSY",1961,4.9515,"annual"
"Diagnostic model","Diagnostic model",8,8,"Seed 8",FALSE,FALSE,"annual_sb_sbmsy","SB/SBMSY",1962,4.72725,"annual"
"Diagnostic model","Diagnostic model",8,8,"Seed 8",FALSE,FALSE,"annual_sb_sbmsy","SB/SBMSY",1963,4.488,"annual"
"Diagnostic model","Diagnostic model",8,8,"Seed 8",FALSE,FALSE,"annual_sb_sbmsy","SB/SBMSY",1964,4.19475,"annual"
"Diagnostic model","Diagnostic model",8,8,"Seed 8",FALSE,FALSE,"annual_sb_sbmsy","SB/SBMSY",1965,4.05475,"annual"
"Diagnostic model","Diagnostic model",8,8,"Seed 8",FALSE,FALSE,"annual_sb_sbmsy","SB/SBMSY",1966,3.98225,"annual"
"Diagnostic model","Diagnostic model",8,8,"Seed 8",FALSE,FALSE,"annual_sb_sbmsy","SB/SBMSY",1967,3.793,"annual"
"Diagnostic model","Diagnostic model",8,8,"Seed 8",FALSE,FALSE,"annual_sb_sbmsy","SB/SBMSY",1968,3.5935,"annual"
"Diagnostic model","Diagnostic model",8,8,"Seed 8",FALSE,FALSE,"annual_sb_sbmsy","SB/SBMSY",1969,3.578,"annual"
"Diagnostic model","Diagnostic model",8,8,"Seed 8",FALSE,FALSE,"annual_sb_sbmsy","SB/SBMSY",1970,3.472,"annual"
"Diagnostic model","Diagnostic model",8,8,"Seed 8",FALSE,FALSE,"annual_sb_sbmsy","SB/SBMSY",1971,3.34875,"annual"
"Diagnostic model","Diagnostic model",8,8,"Seed 8",FALSE,FALSE,"annual_sb_sbmsy","SB/SBMSY",1972,3.311,"annual"
"Diagnostic model","Diagnostic model",8,8,"Seed 8",FALSE,FALSE,"annual_sb_sbmsy","SB/SBMSY",1973,3.1195,"annual"
"Diagnostic model","Diagnostic model",8,8,"Seed 8",FALSE,FALSE,"annual_sb_sbmsy","SB/SBMSY",1974,2.94225,"annual"
"Diagnostic model","Diagnostic model",8,8,"Seed 8",FALSE,FALSE,"annual_sb_sbmsy","SB/SBMSY",1975,2.856,"annual"
"Diagnostic model","Diagnostic model",8,8,"Seed 8",FALSE,FALSE,"annual_sb_sbmsy","SB/SBMSY",1976,2.70775,"annual"
"Diagnostic model","Diagnostic model",8,8,"Seed 8",FALSE,FALSE,"annual_sb_sbmsy","SB/SBMSY",1977,2.692,"annual"
"Diagnostic model","Diagnostic model",8,8,"Seed 8",FALSE,FALSE,"annual_sb_sbmsy","SB/SBMSY",1978,2.77775,"annual"
"Diagnostic model","Diagnostic model",8,8,"Seed 8",FALSE,FALSE,"annual_sb_sbmsy","SB/SBMSY",1979,2.75225,"annual"
"Diagnostic model","Diagnostic model",8,8,"Seed 8",FALSE,FALSE,"annual_sb_sbmsy","SB/SBMSY",1980,2.66675,"annual"
"Diagnostic model","Diagnostic model",8,8,"Seed 8",FALSE,FALSE,"annual_sb_sbmsy","SB/SBMSY",1981,2.4535,"annual"
"Diagnostic model","Diagnostic model",8,8,"Seed 8",FALSE,FALSE,"annual_sb_sbmsy","SB/SBMSY",1982,2.33175,"annual"
"Diagnostic model","Diagnostic model",8,8,"Seed 8",FALSE,FALSE,"annual_sb_sbmsy","SB/SBMSY",1983,2.34275,"annual"
"Diagnostic model","Diagnostic model",8,8,"Seed 8",FALSE,FALSE,"annual_sb_sbmsy","SB/SBMSY",1984,2.478,"annual"
"Diagnostic model","Diagnostic model",8,8,"Seed 8",FALSE,FALSE,"annual_sb_sbmsy","SB/SBMSY",1985,2.551,"annual"
"Diagnostic model","Diagnostic model",8,8,"Seed 8",FALSE,FALSE,"annual_sb_sbmsy","SB/SBMSY",1986,2.4835,"annual"
"Diagnostic model","Diagnostic model",8,8,"Seed 8",FALSE,FALSE,"annual_sb_sbmsy","SB/SBMSY",1987,2.44825,"annual"
"Diagnostic model","Diagnostic model",8,8,"Seed 8",FALSE,FALSE,"annual_sb_sbmsy","SB/SBMSY",1988,2.45975,"annual"
"Diagnostic model","Diagnostic model",8,8,"Seed 8",FALSE,FALSE,"annual_sb_sbmsy","SB/SBMSY",1989,2.42125,"annual"
"Diagnostic model","Diagnostic model",8,8,"Seed 8",FALSE,FALSE,"annual_sb_sbmsy","SB/SBMSY",1990,2.52625,"annual"
"Diagnostic model","Diagnostic model",8,8,"Seed 8",FALSE,FALSE,"annual_sb_sbmsy","SB/SBMSY",1991,2.614,"annual"
"Diagnostic model","Diagnostic model",8,8,"Seed 8",FALSE,FALSE,"annual_sb_sbmsy","SB/SBMSY",1992,2.58675,"annual"
"Diagnostic model","Diagnostic model",8,8,"Seed 8",FALSE,FALSE,"annual_sb_sbmsy","SB/SBMSY",1993,2.4495,"annual"
"Diagnostic model","Diagnostic model",8,8,"Seed 8",FALSE,FALSE,"annual_sb_sbmsy","SB/SBMSY",1994,2.34975,"annual"
"Diagnostic model","Diagnostic model",8,8,"Seed 8",FALSE,FALSE,"annual_sb_sbmsy","SB/SBMSY",1995,2.22925,"annual"
"Diagnostic model","Diagnostic model",8,8,"Seed 8",FALSE,FALSE,"annual_sb_sbmsy","SB/SBMSY",1996,2.1385,"annual"
"Diagnostic model","Diagnostic model",8,8,"Seed 8",FALSE,FALSE,"annual_sb_sbmsy","SB/SBMSY",1997,2.2575,"annual"
"Diagnostic model","Diagnostic model",8,8,"Seed 8",FALSE,FALSE,"annual_sb_sbmsy","SB/SBMSY",1998,2.2485,"annual"
"Diagnostic model","Diagnostic model",8,8,"Seed 8",FALSE,FALSE,"annual_sb_sbmsy","SB/SBMSY",1999,2.15425,"annual"
"Diagnostic model","Diagnostic model",8,8,"Seed 8",FALSE,FALSE,"annual_sb_sbmsy","SB/SBMSY",2000,1.99875,"annual"
"Diagnostic model","Diagnostic model",8,8,"Seed 8",FALSE,FALSE,"annual_sb_sbmsy","SB/SBMSY",2001,1.8755,"annual"
"Diagnostic model","Diagnostic model",8,8,"Seed 8",FALSE,FALSE,"annual_sb_sbmsy","SB/SBMSY",2002,1.82575,"annual"
"Diagnostic model","Diagnostic model",8,8,"Seed 8",FALSE,FALSE,"annual_sb_sbmsy","SB/SBMSY",2003,1.78575,"annual"
"Diagnostic model","Diagnostic model",8,8,"Seed 8",FALSE,FALSE,"annual_sb_sbmsy","SB/SBMSY",2004,1.74525,"annual"
"Diagnostic model","Diagnostic model",8,8,"Seed 8",FALSE,FALSE,"annual_sb_sbmsy","SB/SBMSY",2005,1.625,"annual"
"Diagnostic model","Diagnostic model",8,8,"Seed 8",FALSE,FALSE,"annual_sb_sbmsy","SB/SBMSY",2006,1.57825,"annual"
"Diagnostic model","Diagnostic model",8,8,"Seed 8",FALSE,FALSE,"annual_sb_sbmsy","SB/SBMSY",2007,1.56225,"annual"
"Diagnostic model","Diagnostic model",8,8,"Seed 8",FALSE,FALSE,"annual_sb_sbmsy","SB/SBMSY",2008,1.50475,"annual"
"Diagnostic model","Diagnostic model",8,8,"Seed 8",FALSE,FALSE,"annual_sb_sbmsy","SB/SBMSY",2009,1.383,"annual"
"Diagnostic model","Diagnostic model",8,8,"Seed 8",FALSE,FALSE,"annual_sb_sbmsy","SB/SBMSY",2010,1.268,"annual"
"Diagnostic model","Diagnostic model",8,8,"Seed 8",FALSE,FALSE,"annual_sb_sbmsy","SB/SBMSY",2011,1.24525,"annual"
"Diagnostic model","Diagnostic model",8,8,"Seed 8",FALSE,FALSE,"annual_sb_sbmsy","SB/SBMSY",2012,1.20875,"annual"
"Diagnostic model","Diagnostic model",8,8,"Seed 8",FALSE,FALSE,"annual_sb_sbmsy","SB/SBMSY",2013,1.12925,"annual"
"Diagnostic model","Diagnostic model",8,8,"Seed 8",FALSE,FALSE,"annual_sb_sbmsy","SB/SBMSY",2014,1.1505,"annual"
"Diagnostic model","Diagnostic model",8,8,"Seed 8",FALSE,FALSE,"annual_sb_sbmsy","SB/SBMSY",2015,1.24125,"annual"
"Diagnostic model","Diagnostic model",8,8,"Seed 8",FALSE,FALSE,"annual_sb_sbmsy","SB/SBMSY",2016,1.285,"annual"
"Diagnostic model","Diagnostic model",8,8,"Seed 8",FALSE,FALSE,"annual_sb_sbmsy","SB/SBMSY",2017,1.26125,"annual"
"Diagnostic model","Diagnostic model",8,8,"Seed 8",FALSE,FALSE,"annual_sb_sbmsy","SB/SBMSY",2018,1.243,"annual"
"Diagnostic model","Diagnostic model",8,8,"Seed 8",FALSE,FALSE,"annual_sb_sbmsy","SB/SBMSY",2019,1.23875,"annual"
"Diagnostic model","Diagnostic model",8,8,"Seed 8",FALSE,FALSE,"annual_sb_sbmsy","SB/SBMSY",2020,1.2535,"annual"
"Diagnostic model","Diagnostic model",8,8,"Seed 8",FALSE,FALSE,"annual_sb_sbmsy","SB/SBMSY",2021,1.2545,"annual"
"Diagnostic model","Diagnostic model",8,8,"Seed 8",FALSE,FALSE,"annual_sb_sbmsy","SB/SBMSY",2022,1.23875,"annual"
"Diagnostic model","Diagnostic model",8,8,"Seed 8",FALSE,FALSE,"annual_sb_sbmsy","SB/SBMSY",2023,1.16775,"annual"
"Diagnostic model","Diagnostic model",8,8,"Seed 8",FALSE,FALSE,"annual_sb_sbmsy","SB/SBMSY",2024,1.0251,"annual"
"Diagnostic model","Diagnostic model",8,8,"Seed 8",FALSE,FALSE,"annual_f_fmsy","F/FMSY",1952,0.0589,"annual"
"Diagnostic model","Diagnostic model",8,8,"Seed 8",FALSE,FALSE,"annual_f_fmsy","F/FMSY",1953,0.054835,"annual"
"Diagnostic model","Diagnostic model",8,8,"Seed 8",FALSE,FALSE,"annual_f_fmsy","F/FMSY",1954,0.0368525,"annual"
"Diagnostic model","Diagnostic model",8,8,"Seed 8",FALSE,FALSE,"annual_f_fmsy","F/FMSY",1955,0.0583425,"annual"
"Diagnostic model","Diagnostic model",8,8,"Seed 8",FALSE,FALSE,"annual_f_fmsy","F/FMSY",1956,0.06504,"annual"
"Diagnostic model","Diagnostic model",8,8,"Seed 8",FALSE,FALSE,"annual_f_fmsy","F/FMSY",1957,0.08845,"annual"
"Diagnostic model","Diagnostic model",8,8,"Seed 8",FALSE,FALSE,"annual_f_fmsy","F/FMSY",1958,0.132805,"annual"
"Diagnostic model","Diagnostic model",8,8,"Seed 8",FALSE,FALSE,"annual_f_fmsy","F/FMSY",1959,0.12424,"annual"
"Diagnostic model","Diagnostic model",8,8,"Seed 8",FALSE,FALSE,"annual_f_fmsy","F/FMSY",1960,0.12254,"annual"
"Diagnostic model","Diagnostic model",8,8,"Seed 8",FALSE,FALSE,"annual_f_fmsy","F/FMSY",1961,0.116545,"annual"
"Diagnostic model","Diagnostic model",8,8,"Seed 8",FALSE,FALSE,"annual_f_fmsy","F/FMSY",1962,0.1144225,"annual"
"Diagnostic model","Diagnostic model",8,8,"Seed 8",FALSE,FALSE,"annual_f_fmsy","F/FMSY",1963,0.148645,"annual"
"Diagnostic model","Diagnostic model",8,8,"Seed 8",FALSE,FALSE,"annual_f_fmsy","F/FMSY",1964,0.1120375,"annual"
"Diagnostic model","Diagnostic model",8,8,"Seed 8",FALSE,FALSE,"annual_f_fmsy","F/FMSY",1965,0.1054375,"annual"
"Diagnostic model","Diagnostic model",8,8,"Seed 8",FALSE,FALSE,"annual_f_fmsy","F/FMSY",1966,0.119895,"annual"
"Diagnostic model","Diagnostic model",8,8,"Seed 8",FALSE,FALSE,"annual_f_fmsy","F/FMSY",1967,0.131725,"annual"
"Diagnostic model","Diagnostic model",8,8,"Seed 8",FALSE,FALSE,"annual_f_fmsy","F/FMSY",1968,0.107085,"annual"
"Diagnostic model","Diagnostic model",8,8,"Seed 8",FALSE,FALSE,"annual_f_fmsy","F/FMSY",1969,0.13446,"annual"
"Diagnostic model","Diagnostic model",8,8,"Seed 8",FALSE,FALSE,"annual_f_fmsy","F/FMSY",1970,0.130645,"annual"
"Diagnostic model","Diagnostic model",8,8,"Seed 8",FALSE,FALSE,"annual_f_fmsy","F/FMSY",1971,0.1324,"annual"
"Diagnostic model","Diagnostic model",8,8,"Seed 8",FALSE,FALSE,"annual_f_fmsy","F/FMSY",1972,0.18485,"annual"
"Diagnostic model","Diagnostic model",8,8,"Seed 8",FALSE,FALSE,"annual_f_fmsy","F/FMSY",1973,0.156875,"annual"
"Diagnostic model","Diagnostic model",8,8,"Seed 8",FALSE,FALSE,"annual_f_fmsy","F/FMSY",1974,0.17485,"annual"
"Diagnostic model","Diagnostic model",8,8,"Seed 8",FALSE,FALSE,"annual_f_fmsy","F/FMSY",1975,0.2261,"annual"
"Diagnostic model","Diagnostic model",8,8,"Seed 8",FALSE,FALSE,"annual_f_fmsy","F/FMSY",1976,0.23575,"annual"
"Diagnostic model","Diagnostic model",8,8,"Seed 8",FALSE,FALSE,"annual_f_fmsy","F/FMSY",1977,0.261875,"annual"
"Diagnostic model","Diagnostic model",8,8,"Seed 8",FALSE,FALSE,"annual_f_fmsy","F/FMSY",1978,0.21725,"annual"
"Diagnostic model","Diagnostic model",8,8,"Seed 8",FALSE,FALSE,"annual_f_fmsy","F/FMSY",1979,0.27935,"annual"
"Diagnostic model","Diagnostic model",8,8,"Seed 8",FALSE,FALSE,"annual_f_fmsy","F/FMSY",1980,0.28335,"annual"
"Diagnostic model","Diagnostic model",8,8,"Seed 8",FALSE,FALSE,"annual_f_fmsy","F/FMSY",1981,0.271525,"annual"
"Diagnostic model","Diagnostic model",8,8,"Seed 8",FALSE,FALSE,"annual_f_fmsy","F/FMSY",1982,0.316,"annual"
"Diagnostic model","Diagnostic model",8,8,"Seed 8",FALSE,FALSE,"annual_f_fmsy","F/FMSY",1983,0.3129,"annual"
"Diagnostic model","Diagnostic model",8,8,"Seed 8",FALSE,FALSE,"annual_f_fmsy","F/FMSY",1984,0.338225,"annual"
"Diagnostic model","Diagnostic model",8,8,"Seed 8",FALSE,FALSE,"annual_f_fmsy","F/FMSY",1985,0.359225,"annual"
"Diagnostic model","Diagnostic model",8,8,"Seed 8",FALSE,FALSE,"annual_f_fmsy","F/FMSY",1986,0.33205,"annual"
"Diagnostic model","Diagnostic model",8,8,"Seed 8",FALSE,FALSE,"annual_f_fmsy","F/FMSY",1987,0.42605,"annual"
"Diagnostic model","Diagnostic model",8,8,"Seed 8",FALSE,FALSE,"annual_f_fmsy","F/FMSY",1988,0.377075,"annual"
"Diagnostic model","Diagnostic model",8,8,"Seed 8",FALSE,FALSE,"annual_f_fmsy","F/FMSY",1989,0.3699,"annual"
"Diagnostic model","Diagnostic model",8,8,"Seed 8",FALSE,FALSE,"annual_f_fmsy","F/FMSY",1990,0.44865,"annual"
"Diagnostic model","Diagnostic model",8,8,"Seed 8",FALSE,FALSE,"annual_f_fmsy","F/FMSY",1991,0.413125,"annual"
"Diagnostic model","Diagnostic model",8,8,"Seed 8",FALSE,FALSE,"annual_f_fmsy","F/FMSY",1992,0.52205,"annual"
"Diagnostic model","Diagnostic model",8,8,"Seed 8",FALSE,FALSE,"annual_f_fmsy","F/FMSY",1993,0.467075,"annual"
"Diagnostic model","Diagnostic model",8,8,"Seed 8",FALSE,FALSE,"annual_f_fmsy","F/FMSY",1994,0.547,"annual"
"Diagnostic model","Diagnostic model",8,8,"Seed 8",FALSE,FALSE,"annual_f_fmsy","F/FMSY",1995,0.490725,"annual"
"Diagnostic model","Diagnostic model",8,8,"Seed 8",FALSE,FALSE,"annual_f_fmsy","F/FMSY",1996,0.457,"annual"
"Diagnostic model","Diagnostic model",8,8,"Seed 8",FALSE,FALSE,"annual_f_fmsy","F/FMSY",1997,0.574525,"annual"
"Diagnostic model","Diagnostic model",8,8,"Seed 8",FALSE,FALSE,"annual_f_fmsy","F/FMSY",1998,0.6865,"annual"
"Diagnostic model","Diagnostic model",8,8,"Seed 8",FALSE,FALSE,"annual_f_fmsy","F/FMSY",1999,0.7449,"annual"
"Diagnostic model","Diagnostic model",8,8,"Seed 8",FALSE,FALSE,"annual_f_fmsy","F/FMSY",2000,0.733775,"annual"
"Diagnostic model","Diagnostic model",8,8,"Seed 8",FALSE,FALSE,"annual_f_fmsy","F/FMSY",2001,0.638575,"annual"
"Diagnostic model","Diagnostic model",8,8,"Seed 8",FALSE,FALSE,"annual_f_fmsy","F/FMSY",2002,0.800075,"annual"
"Diagnostic model","Diagnostic model",8,8,"Seed 8",FALSE,FALSE,"annual_f_fmsy","F/FMSY",2003,0.73365,"annual"
"Diagnostic model","Diagnostic model",8,8,"Seed 8",FALSE,FALSE,"annual_f_fmsy","F/FMSY",2004,1.026,"annual"
"Diagnostic model","Diagnostic model",8,8,"Seed 8",FALSE,FALSE,"annual_f_fmsy","F/FMSY",2005,0.827825,"annual"
"Diagnostic model","Diagnostic model",8,8,"Seed 8",FALSE,FALSE,"annual_f_fmsy","F/FMSY",2006,0.885,"annual"
"Diagnostic model","Diagnostic model",8,8,"Seed 8",FALSE,FALSE,"annual_f_fmsy","F/FMSY",2007,0.90285,"annual"
"Diagnostic model","Diagnostic model",8,8,"Seed 8",FALSE,FALSE,"annual_f_fmsy","F/FMSY",2008,0.98365,"annual"
"Diagnostic model","Diagnostic model",8,8,"Seed 8",FALSE,FALSE,"annual_f_fmsy","F/FMSY",2009,1.020525,"annual"
"Diagnostic model","Diagnostic model",8,8,"Seed 8",FALSE,FALSE,"annual_f_fmsy","F/FMSY",2010,0.854275,"annual"
"Diagnostic model","Diagnostic model",8,8,"Seed 8",FALSE,FALSE,"annual_f_fmsy","F/FMSY",2011,1.0593,"annual"
"Diagnostic model","Diagnostic model",8,8,"Seed 8",FALSE,FALSE,"annual_f_fmsy","F/FMSY",2012,1.09965,"annual"
"Diagnostic model","Diagnostic model",8,8,"Seed 8",FALSE,FALSE,"annual_f_fmsy","F/FMSY",2013,1.000925,"annual"
"Diagnostic model","Diagnostic model",8,8,"Seed 8",FALSE,FALSE,"annual_f_fmsy","F/FMSY",2014,1.062375,"annual"
"Diagnostic model","Diagnostic model",8,8,"Seed 8",FALSE,FALSE,"annual_f_fmsy","F/FMSY",2015,0.9523,"annual"
"Diagnostic model","Diagnostic model",8,8,"Seed 8",FALSE,FALSE,"annual_f_fmsy","F/FMSY",2016,0.996875,"annual"
"Diagnostic model","Diagnostic model",8,8,"Seed 8",FALSE,FALSE,"annual_f_fmsy","F/FMSY",2017,0.8419,"annual"
"Diagnostic model","Diagnostic model",8,8,"Seed 8",FALSE,FALSE,"annual_f_fmsy","F/FMSY",2018,0.9748,"annual"
"Diagnostic model","Diagnostic model",8,8,"Seed 8",FALSE,FALSE,"annual_f_fmsy","F/FMSY",2019,0.8704,"annual"
"Diagnostic model","Diagnostic model",8,8,"Seed 8",FALSE,FALSE,"annual_f_fmsy","F/FMSY",2020,0.937975,"annual"
"Diagnostic model","Diagnostic model",8,8,"Seed 8",FALSE,FALSE,"annual_f_fmsy","F/FMSY",2021,0.91675,"annual"
"Diagnostic model","Diagnostic model",8,8,"Seed 8",FALSE,FALSE,"annual_f_fmsy","F/FMSY",2022,1.000025,"annual"
"Diagnostic model","Diagnostic model",8,8,"Seed 8",FALSE,FALSE,"annual_f_fmsy","F/FMSY",2023,1.091925,"annual"
"Diagnostic model","Diagnostic model",8,8,"Seed 8",FALSE,FALSE,"annual_f_fmsy","F/FMSY",2024,1.2261,"annual"
"Diagnostic model","Diagnostic model",9,9,"Seed 9",FALSE,FALSE,"annual_depletion","SB/SBF=0",1952,0.992850404082885,"annual"
"Diagnostic model","Diagnostic model",9,9,"Seed 9",FALSE,FALSE,"annual_depletion","SB/SBF=0",1953,0.970547065075303,"annual"
"Diagnostic model","Diagnostic model",9,9,"Seed 9",FALSE,FALSE,"annual_depletion","SB/SBF=0",1954,0.956972615293241,"annual"
"Diagnostic model","Diagnostic model",9,9,"Seed 9",FALSE,FALSE,"annual_depletion","SB/SBF=0",1955,0.945850325438194,"annual"
"Diagnostic model","Diagnostic model",9,9,"Seed 9",FALSE,FALSE,"annual_depletion","SB/SBF=0",1956,0.931361301385044,"annual"
"Diagnostic model","Diagnostic model",9,9,"Seed 9",FALSE,FALSE,"annual_depletion","SB/SBF=0",1957,0.918403451850001,"annual"
"Diagnostic model","Diagnostic model",9,9,"Seed 9",FALSE,FALSE,"annual_depletion","SB/SBF=0",1958,0.895010481760402,"annual"
"Diagnostic model","Diagnostic model",9,9,"Seed 9",FALSE,FALSE,"annual_depletion","SB/SBF=0",1959,0.864268706230559,"annual"
"Diagnostic model","Diagnostic model",9,9,"Seed 9",FALSE,FALSE,"annual_depletion","SB/SBF=0",1960,0.838889455840165,"annual"
"Diagnostic model","Diagnostic model",9,9,"Seed 9",FALSE,FALSE,"annual_depletion","SB/SBF=0",1961,0.827603040658344,"annual"
"Diagnostic model","Diagnostic model",9,9,"Seed 9",FALSE,FALSE,"annual_depletion","SB/SBF=0",1962,0.81618822442517,"annual"
"Diagnostic model","Diagnostic model",9,9,"Seed 9",FALSE,FALSE,"annual_depletion","SB/SBF=0",1963,0.805119531231808,"annual"
"Diagnostic model","Diagnostic model",9,9,"Seed 9",FALSE,FALSE,"annual_depletion","SB/SBF=0",1964,0.790833912268435,"annual"
"Diagnostic model","Diagnostic model",9,9,"Seed 9",FALSE,FALSE,"annual_depletion","SB/SBF=0",1965,0.794978393372274,"annual"
"Diagnostic model","Diagnostic model",9,9,"Seed 9",FALSE,FALSE,"annual_depletion","SB/SBF=0",1966,0.800212397845076,"annual"
"Diagnostic model","Diagnostic model",9,9,"Seed 9",FALSE,FALSE,"annual_depletion","SB/SBF=0",1967,0.795037160477308,"annual"
"Diagnostic model","Diagnostic model",9,9,"Seed 9",FALSE,FALSE,"annual_depletion","SB/SBF=0",1968,0.791160962613068,"annual"
"Diagnostic model","Diagnostic model",9,9,"Seed 9",FALSE,FALSE,"annual_depletion","SB/SBF=0",1969,0.795095519171343,"annual"
"Diagnostic model","Diagnostic model",9,9,"Seed 9",FALSE,FALSE,"annual_depletion","SB/SBF=0",1970,0.790351730849437,"annual"
"Diagnostic model","Diagnostic model",9,9,"Seed 9",FALSE,FALSE,"annual_depletion","SB/SBF=0",1971,0.786595758451813,"annual"
"Diagnostic model","Diagnostic model",9,9,"Seed 9",FALSE,FALSE,"annual_depletion","SB/SBF=0",1972,0.782215986672855,"annual"
"Diagnostic model","Diagnostic model",9,9,"Seed 9",FALSE,FALSE,"annual_depletion","SB/SBF=0",1973,0.76101848440612,"annual"
"Diagnostic model","Diagnostic model",9,9,"Seed 9",FALSE,FALSE,"annual_depletion","SB/SBF=0",1974,0.746844417929626,"annual"
"Diagnostic model","Diagnostic model",9,9,"Seed 9",FALSE,FALSE,"annual_depletion","SB/SBF=0",1975,0.73247746477645,"annual"
"Diagnostic model","Diagnostic model",9,9,"Seed 9",FALSE,FALSE,"annual_depletion","SB/SBF=0",1976,0.705661488908822,"annual"
"Diagnostic model","Diagnostic model",9,9,"Seed 9",FALSE,FALSE,"annual_depletion","SB/SBF=0",1977,0.684879603090309,"annual"
"Diagnostic model","Diagnostic model",9,9,"Seed 9",FALSE,FALSE,"annual_depletion","SB/SBF=0",1978,0.676051957606784,"annual"
"Diagnostic model","Diagnostic model",9,9,"Seed 9",FALSE,FALSE,"annual_depletion","SB/SBF=0",1979,0.657473652096738,"annual"
"Diagnostic model","Diagnostic model",9,9,"Seed 9",FALSE,FALSE,"annual_depletion","SB/SBF=0",1980,0.631787262077842,"annual"
"Diagnostic model","Diagnostic model",9,9,"Seed 9",FALSE,FALSE,"annual_depletion","SB/SBF=0",1981,0.60768810364028,"annual"
"Diagnostic model","Diagnostic model",9,9,"Seed 9",FALSE,FALSE,"annual_depletion","SB/SBF=0",1982,0.593589179578822,"annual"
"Diagnostic model","Diagnostic model",9,9,"Seed 9",FALSE,FALSE,"annual_depletion","SB/SBF=0",1983,0.584336576914016,"annual"
"Diagnostic model","Diagnostic model",9,9,"Seed 9",FALSE,FALSE,"annual_depletion","SB/SBF=0",1984,0.578721439918822,"annual"
"Diagnostic model","Diagnostic model",9,9,"Seed 9",FALSE,FALSE,"annual_depletion","SB/SBF=0",1985,0.558118554704646,"annual"
"Diagnostic model","Diagnostic model",9,9,"Seed 9",FALSE,FALSE,"annual_depletion","SB/SBF=0",1986,0.531821081911237,"annual"
"Diagnostic model","Diagnostic model",9,9,"Seed 9",FALSE,FALSE,"annual_depletion","SB/SBF=0",1987,0.515389312977099,"annual"
"Diagnostic model","Diagnostic model",9,9,"Seed 9",FALSE,FALSE,"annual_depletion","SB/SBF=0",1988,0.496138518205422,"annual"
"Diagnostic model","Diagnostic model",9,9,"Seed 9",FALSE,FALSE,"annual_depletion","SB/SBF=0",1989,0.482131173891094,"annual"
"Diagnostic model","Diagnostic model",9,9,"Seed 9",FALSE,FALSE,"annual_depletion","SB/SBF=0",1990,0.476987718164189,"annual"
"Diagnostic model","Diagnostic model",9,9,"Seed 9",FALSE,FALSE,"annual_depletion","SB/SBF=0",1991,0.469424543980137,"annual"
"Diagnostic model","Diagnostic model",9,9,"Seed 9",FALSE,FALSE,"annual_depletion","SB/SBF=0",1992,0.45273953286642,"annual"
"Diagnostic model","Diagnostic model",9,9,"Seed 9",FALSE,FALSE,"annual_depletion","SB/SBF=0",1993,0.422527050232412,"annual"
"Diagnostic model","Diagnostic model",9,9,"Seed 9",FALSE,FALSE,"annual_depletion","SB/SBF=0",1994,0.401244724895829,"annual"
"Diagnostic model","Diagnostic model",9,9,"Seed 9",FALSE,FALSE,"annual_depletion","SB/SBF=0",1995,0.378002654654293,"annual"
"Diagnostic model","Diagnostic model",9,9,"Seed 9",FALSE,FALSE,"annual_depletion","SB/SBF=0",1996,0.368330389028913,"annual"
"Diagnostic model","Diagnostic model",9,9,"Seed 9",FALSE,FALSE,"annual_depletion","SB/SBF=0",1997,0.38319195188432,"annual"
"Diagnostic model","Diagnostic model",9,9,"Seed 9",FALSE,FALSE,"annual_depletion","SB/SBF=0",1998,0.366779919755895,"annual"
"Diagnostic model","Diagnostic model",9,9,"Seed 9",FALSE,FALSE,"annual_depletion","SB/SBF=0",1999,0.340819361744951,"annual"
"Diagnostic model","Diagnostic model",9,9,"Seed 9",FALSE,FALSE,"annual_depletion","SB/SBF=0",2000,0.308628924162258,"annual"
"Diagnostic model","Diagnostic model",9,9,"Seed 9",FALSE,FALSE,"annual_depletion","SB/SBF=0",2001,0.284218520316063,"annual"
"Diagnostic model","Diagnostic model",9,9,"Seed 9",FALSE,FALSE,"annual_depletion","SB/SBF=0",2002,0.268386954155897,"annual"
"Diagnostic model","Diagnostic model",9,9,"Seed 9",FALSE,FALSE,"annual_depletion","SB/SBF=0",2003,0.252854852996314,"annual"
"Diagnostic model","Diagnostic model",9,9,"Seed 9",FALSE,FALSE,"annual_depletion","SB/SBF=0",2004,0.245744293795861,"annual"
"Diagnostic model","Diagnostic model",9,9,"Seed 9",FALSE,FALSE,"annual_depletion","SB/SBF=0",2005,0.226501358433231,"annual"
"Diagnostic model","Diagnostic model",9,9,"Seed 9",FALSE,FALSE,"annual_depletion","SB/SBF=0",2006,0.218024607718523,"annual"
"Diagnostic model","Diagnostic model",9,9,"Seed 9",FALSE,FALSE,"annual_depletion","SB/SBF=0",2007,0.211511961352657,"annual"
"Diagnostic model","Diagnostic model",9,9,"Seed 9",FALSE,FALSE,"annual_depletion","SB/SBF=0",2008,0.20376719384727,"annual"
"Diagnostic model","Diagnostic model",9,9,"Seed 9",FALSE,FALSE,"annual_depletion","SB/SBF=0",2009,0.191006066362854,"annual"
"Diagnostic model","Diagnostic model",9,9,"Seed 9",FALSE,FALSE,"annual_depletion","SB/SBF=0",2010,0.176534064972164,"annual"
"Diagnostic model","Diagnostic model",9,9,"Seed 9",FALSE,FALSE,"annual_depletion","SB/SBF=0",2011,0.175653211620572,"annual"
"Diagnostic model","Diagnostic model",9,9,"Seed 9",FALSE,FALSE,"annual_depletion","SB/SBF=0",2012,0.170902382715916,"annual"
"Diagnostic model","Diagnostic model",9,9,"Seed 9",FALSE,FALSE,"annual_depletion","SB/SBF=0",2013,0.163305524317358,"annual"
"Diagnostic model","Diagnostic model",9,9,"Seed 9",FALSE,FALSE,"annual_depletion","SB/SBF=0",2014,0.166262370992426,"annual"
"Diagnostic model","Diagnostic model",9,9,"Seed 9",FALSE,FALSE,"annual_depletion","SB/SBF=0",2015,0.172007607616709,"annual"
"Diagnostic model","Diagnostic model",9,9,"Seed 9",FALSE,FALSE,"annual_depletion","SB/SBF=0",2016,0.173009431991165,"annual"
"Diagnostic model","Diagnostic model",9,9,"Seed 9",FALSE,FALSE,"annual_depletion","SB/SBF=0",2017,0.170617894621775,"annual"
"Diagnostic model","Diagnostic model",9,9,"Seed 9",FALSE,FALSE,"annual_depletion","SB/SBF=0",2018,0.171431035358941,"annual"
"Diagnostic model","Diagnostic model",9,9,"Seed 9",FALSE,FALSE,"annual_depletion","SB/SBF=0",2019,0.171051479336631,"annual"
"Diagnostic model","Diagnostic model",9,9,"Seed 9",FALSE,FALSE,"annual_depletion","SB/SBF=0",2020,0.174400482324881,"annual"
"Diagnostic model","Diagnostic model",9,9,"Seed 9",FALSE,FALSE,"annual_depletion","SB/SBF=0",2021,0.18027432220956,"annual"
"Diagnostic model","Diagnostic model",9,9,"Seed 9",FALSE,FALSE,"annual_depletion","SB/SBF=0",2022,0.184180231876328,"annual"
"Diagnostic model","Diagnostic model",9,9,"Seed 9",FALSE,FALSE,"annual_depletion","SB/SBF=0",2023,0.17983254118748,"annual"
"Diagnostic model","Diagnostic model",9,9,"Seed 9",FALSE,FALSE,"annual_depletion","SB/SBF=0",2024,0.158130213846069,"annual"
"Diagnostic model","Diagnostic model",9,9,"Seed 9",FALSE,FALSE,"annual_sb_sbmsy","SB/SBMSY",1952,4.65525,"annual"
"Diagnostic model","Diagnostic model",9,9,"Seed 9",FALSE,FALSE,"annual_sb_sbmsy","SB/SBMSY",1953,4.65575,"annual"
"Diagnostic model","Diagnostic model",9,9,"Seed 9",FALSE,FALSE,"annual_sb_sbmsy","SB/SBMSY",1954,4.66575,"annual"
"Diagnostic model","Diagnostic model",9,9,"Seed 9",FALSE,FALSE,"annual_sb_sbmsy","SB/SBMSY",1955,4.66625,"annual"
"Diagnostic model","Diagnostic model",9,9,"Seed 9",FALSE,FALSE,"annual_sb_sbmsy","SB/SBMSY",1956,4.6655,"annual"
"Diagnostic model","Diagnostic model",9,9,"Seed 9",FALSE,FALSE,"annual_sb_sbmsy","SB/SBMSY",1957,4.8325,"annual"
"Diagnostic model","Diagnostic model",9,9,"Seed 9",FALSE,FALSE,"annual_sb_sbmsy","SB/SBMSY",1958,4.763,"annual"
"Diagnostic model","Diagnostic model",9,9,"Seed 9",FALSE,FALSE,"annual_sb_sbmsy","SB/SBMSY",1959,4.3785,"annual"
"Diagnostic model","Diagnostic model",9,9,"Seed 9",FALSE,FALSE,"annual_sb_sbmsy","SB/SBMSY",1960,3.94275,"annual"
"Diagnostic model","Diagnostic model",9,9,"Seed 9",FALSE,FALSE,"annual_sb_sbmsy","SB/SBMSY",1961,3.79475,"annual"
"Diagnostic model","Diagnostic model",9,9,"Seed 9",FALSE,FALSE,"annual_sb_sbmsy","SB/SBMSY",1962,3.57825,"annual"
"Diagnostic model","Diagnostic model",9,9,"Seed 9",FALSE,FALSE,"annual_sb_sbmsy","SB/SBMSY",1963,3.378,"annual"
"Diagnostic model","Diagnostic model",9,9,"Seed 9",FALSE,FALSE,"annual_sb_sbmsy","SB/SBMSY",1964,3.1445,"annual"
"Diagnostic model","Diagnostic model",9,9,"Seed 9",FALSE,FALSE,"annual_sb_sbmsy","SB/SBMSY",1965,3.0575,"annual"
"Diagnostic model","Diagnostic model",9,9,"Seed 9",FALSE,FALSE,"annual_sb_sbmsy","SB/SBMSY",1966,3.03175,"annual"
"Diagnostic model","Diagnostic model",9,9,"Seed 9",FALSE,FALSE,"annual_sb_sbmsy","SB/SBMSY",1967,2.90275,"annual"
"Diagnostic model","Diagnostic model",9,9,"Seed 9",FALSE,FALSE,"annual_sb_sbmsy","SB/SBMSY",1968,2.764,"annual"
"Diagnostic model","Diagnostic model",9,9,"Seed 9",FALSE,FALSE,"annual_sb_sbmsy","SB/SBMSY",1969,2.77225,"annual"
"Diagnostic model","Diagnostic model",9,9,"Seed 9",FALSE,FALSE,"annual_sb_sbmsy","SB/SBMSY",1970,2.67625,"annual"
"Diagnostic model","Diagnostic model",9,9,"Seed 9",FALSE,FALSE,"annual_sb_sbmsy","SB/SBMSY",1971,2.591,"annual"
"Diagnostic model","Diagnostic model",9,9,"Seed 9",FALSE,FALSE,"annual_sb_sbmsy","SB/SBMSY",1972,2.59,"annual"
"Diagnostic model","Diagnostic model",9,9,"Seed 9",FALSE,FALSE,"annual_sb_sbmsy","SB/SBMSY",1973,2.44,"annual"
"Diagnostic model","Diagnostic model",9,9,"Seed 9",FALSE,FALSE,"annual_sb_sbmsy","SB/SBMSY",1974,2.31275,"annual"
"Diagnostic model","Diagnostic model",9,9,"Seed 9",FALSE,FALSE,"annual_sb_sbmsy","SB/SBMSY",1975,2.23825,"annual"
"Diagnostic model","Diagnostic model",9,9,"Seed 9",FALSE,FALSE,"annual_sb_sbmsy","SB/SBMSY",1976,2.11725,"annual"
"Diagnostic model","Diagnostic model",9,9,"Seed 9",FALSE,FALSE,"annual_sb_sbmsy","SB/SBMSY",1977,2.0905,"annual"
"Diagnostic model","Diagnostic model",9,9,"Seed 9",FALSE,FALSE,"annual_sb_sbmsy","SB/SBMSY",1978,2.15475,"annual"
"Diagnostic model","Diagnostic model",9,9,"Seed 9",FALSE,FALSE,"annual_sb_sbmsy","SB/SBMSY",1979,2.1055,"annual"
"Diagnostic model","Diagnostic model",9,9,"Seed 9",FALSE,FALSE,"annual_sb_sbmsy","SB/SBMSY",1980,2.0185,"annual"
"Diagnostic model","Diagnostic model",9,9,"Seed 9",FALSE,FALSE,"annual_sb_sbmsy","SB/SBMSY",1981,1.837,"annual"
"Diagnostic model","Diagnostic model",9,9,"Seed 9",FALSE,FALSE,"annual_sb_sbmsy","SB/SBMSY",1982,1.738,"annual"
"Diagnostic model","Diagnostic model",9,9,"Seed 9",FALSE,FALSE,"annual_sb_sbmsy","SB/SBMSY",1983,1.7405,"annual"
"Diagnostic model","Diagnostic model",9,9,"Seed 9",FALSE,FALSE,"annual_sb_sbmsy","SB/SBMSY",1984,1.854,"annual"
"Diagnostic model","Diagnostic model",9,9,"Seed 9",FALSE,FALSE,"annual_sb_sbmsy","SB/SBMSY",1985,1.92,"annual"
"Diagnostic model","Diagnostic model",9,9,"Seed 9",FALSE,FALSE,"annual_sb_sbmsy","SB/SBMSY",1986,1.873,"annual"
"Diagnostic model","Diagnostic model",9,9,"Seed 9",FALSE,FALSE,"annual_sb_sbmsy","SB/SBMSY",1987,1.874,"annual"
"Diagnostic model","Diagnostic model",9,9,"Seed 9",FALSE,FALSE,"annual_sb_sbmsy","SB/SBMSY",1988,1.8975,"annual"
"Diagnostic model","Diagnostic model",9,9,"Seed 9",FALSE,FALSE,"annual_sb_sbmsy","SB/SBMSY",1989,1.8915,"annual"
"Diagnostic model","Diagnostic model",9,9,"Seed 9",FALSE,FALSE,"annual_sb_sbmsy","SB/SBMSY",1990,2.00575,"annual"
"Diagnostic model","Diagnostic model",9,9,"Seed 9",FALSE,FALSE,"annual_sb_sbmsy","SB/SBMSY",1991,2.0825,"annual"
"Diagnostic model","Diagnostic model",9,9,"Seed 9",FALSE,FALSE,"annual_sb_sbmsy","SB/SBMSY",1992,2.06775,"annual"
"Diagnostic model","Diagnostic model",9,9,"Seed 9",FALSE,FALSE,"annual_sb_sbmsy","SB/SBMSY",1993,1.9385,"annual"
"Diagnostic model","Diagnostic model",9,9,"Seed 9",FALSE,FALSE,"annual_sb_sbmsy","SB/SBMSY",1994,1.874,"annual"
"Diagnostic model","Diagnostic model",9,9,"Seed 9",FALSE,FALSE,"annual_sb_sbmsy","SB/SBMSY",1995,1.78575,"annual"
"Diagnostic model","Diagnostic model",9,9,"Seed 9",FALSE,FALSE,"annual_sb_sbmsy","SB/SBMSY",1996,1.7185,"annual"
"Diagnostic model","Diagnostic model",9,9,"Seed 9",FALSE,FALSE,"annual_sb_sbmsy","SB/SBMSY",1997,1.82575,"annual"
"Diagnostic model","Diagnostic model",9,9,"Seed 9",FALSE,FALSE,"annual_sb_sbmsy","SB/SBMSY",1998,1.797,"annual"
"Diagnostic model","Diagnostic model",9,9,"Seed 9",FALSE,FALSE,"annual_sb_sbmsy","SB/SBMSY",1999,1.69975,"annual"
"Diagnostic model","Diagnostic model",9,9,"Seed 9",FALSE,FALSE,"annual_sb_sbmsy","SB/SBMSY",2000,1.55425,"annual"
"Diagnostic model","Diagnostic model",9,9,"Seed 9",FALSE,FALSE,"annual_sb_sbmsy","SB/SBMSY",2001,1.446,"annual"
"Diagnostic model","Diagnostic model",9,9,"Seed 9",FALSE,FALSE,"annual_sb_sbmsy","SB/SBMSY",2002,1.40175,"annual"
"Diagnostic model","Diagnostic model",9,9,"Seed 9",FALSE,FALSE,"annual_sb_sbmsy","SB/SBMSY",2003,1.37175,"annual"
"Diagnostic model","Diagnostic model",9,9,"Seed 9",FALSE,FALSE,"annual_sb_sbmsy","SB/SBMSY",2004,1.356,"annual"
"Diagnostic model","Diagnostic model",9,9,"Seed 9",FALSE,FALSE,"annual_sb_sbmsy","SB/SBMSY",2005,1.25,"annual"
"Diagnostic model","Diagnostic model",9,9,"Seed 9",FALSE,FALSE,"annual_sb_sbmsy","SB/SBMSY",2006,1.22325,"annual"
"Diagnostic model","Diagnostic model",9,9,"Seed 9",FALSE,FALSE,"annual_sb_sbmsy","SB/SBMSY",2007,1.21525,"annual"
"Diagnostic model","Diagnostic model",9,9,"Seed 9",FALSE,FALSE,"annual_sb_sbmsy","SB/SBMSY",2008,1.17725,"annual"
"Diagnostic model","Diagnostic model",9,9,"Seed 9",FALSE,FALSE,"annual_sb_sbmsy","SB/SBMSY",2009,1.086,"annual"
"Diagnostic model","Diagnostic model",9,9,"Seed 9",FALSE,FALSE,"annual_sb_sbmsy","SB/SBMSY",2010,0.99965,"annual"
"Diagnostic model","Diagnostic model",9,9,"Seed 9",FALSE,FALSE,"annual_sb_sbmsy","SB/SBMSY",2011,1.00675,"annual"
"Diagnostic model","Diagnostic model",9,9,"Seed 9",FALSE,FALSE,"annual_sb_sbmsy","SB/SBMSY",2012,0.981625,"annual"
"Diagnostic model","Diagnostic model",9,9,"Seed 9",FALSE,FALSE,"annual_sb_sbmsy","SB/SBMSY",2013,0.91835,"annual"
"Diagnostic model","Diagnostic model",9,9,"Seed 9",FALSE,FALSE,"annual_sb_sbmsy","SB/SBMSY",2014,0.94085,"annual"
"Diagnostic model","Diagnostic model",9,9,"Seed 9",FALSE,FALSE,"annual_sb_sbmsy","SB/SBMSY",2015,1.00805,"annual"
"Diagnostic model","Diagnostic model",9,9,"Seed 9",FALSE,FALSE,"annual_sb_sbmsy","SB/SBMSY",2016,1.0295,"annual"
"Diagnostic model","Diagnostic model",9,9,"Seed 9",FALSE,FALSE,"annual_sb_sbmsy","SB/SBMSY",2017,0.9981,"annual"
"Diagnostic model","Diagnostic model",9,9,"Seed 9",FALSE,FALSE,"annual_sb_sbmsy","SB/SBMSY",2018,0.9888,"annual"
"Diagnostic model","Diagnostic model",9,9,"Seed 9",FALSE,FALSE,"annual_sb_sbmsy","SB/SBMSY",2019,0.982,"annual"
"Diagnostic model","Diagnostic model",9,9,"Seed 9",FALSE,FALSE,"annual_sb_sbmsy","SB/SBMSY",2020,0.9944,"annual"
"Diagnostic model","Diagnostic model",9,9,"Seed 9",FALSE,FALSE,"annual_sb_sbmsy","SB/SBMSY",2021,1.009,"annual"
"Diagnostic model","Diagnostic model",9,9,"Seed 9",FALSE,FALSE,"annual_sb_sbmsy","SB/SBMSY",2022,1.01825,"annual"
"Diagnostic model","Diagnostic model",9,9,"Seed 9",FALSE,FALSE,"annual_sb_sbmsy","SB/SBMSY",2023,0.972825,"annual"
"Diagnostic model","Diagnostic model",9,9,"Seed 9",FALSE,FALSE,"annual_sb_sbmsy","SB/SBMSY",2024,0.84,"annual"
"Diagnostic model","Diagnostic model",9,9,"Seed 9",FALSE,FALSE,"annual_f_fmsy","F/FMSY",1952,0.082265,"annual"
"Diagnostic model","Diagnostic model",9,9,"Seed 9",FALSE,FALSE,"annual_f_fmsy","F/FMSY",1953,0.076605,"annual"
"Diagnostic model","Diagnostic model",9,9,"Seed 9",FALSE,FALSE,"annual_f_fmsy","F/FMSY",1954,0.052155,"annual"
"Diagnostic model","Diagnostic model",9,9,"Seed 9",FALSE,FALSE,"annual_f_fmsy","F/FMSY",1955,0.0825275,"annual"
"Diagnostic model","Diagnostic model",9,9,"Seed 9",FALSE,FALSE,"annual_f_fmsy","F/FMSY",1956,0.090665,"annual"
"Diagnostic model","Diagnostic model",9,9,"Seed 9",FALSE,FALSE,"annual_f_fmsy","F/FMSY",1957,0.1202825,"annual"
"Diagnostic model","Diagnostic model",9,9,"Seed 9",FALSE,FALSE,"annual_f_fmsy","F/FMSY",1958,0.1792,"annual"
"Diagnostic model","Diagnostic model",9,9,"Seed 9",FALSE,FALSE,"annual_f_fmsy","F/FMSY",1959,0.16711,"annual"
"Diagnostic model","Diagnostic model",9,9,"Seed 9",FALSE,FALSE,"annual_f_fmsy","F/FMSY",1960,0.1670925,"annual"
"Diagnostic model","Diagnostic model",9,9,"Seed 9",FALSE,FALSE,"annual_f_fmsy","F/FMSY",1961,0.16425,"annual"
"Diagnostic model","Diagnostic model",9,9,"Seed 9",FALSE,FALSE,"annual_f_fmsy","F/FMSY",1962,0.160225,"annual"
"Diagnostic model","Diagnostic model",9,9,"Seed 9",FALSE,FALSE,"annual_f_fmsy","F/FMSY",1963,0.2068,"annual"
"Diagnostic model","Diagnostic model",9,9,"Seed 9",FALSE,FALSE,"annual_f_fmsy","F/FMSY",1964,0.1549875,"annual"
"Diagnostic model","Diagnostic model",9,9,"Seed 9",FALSE,FALSE,"annual_f_fmsy","F/FMSY",1965,0.1435,"annual"
"Diagnostic model","Diagnostic model",9,9,"Seed 9",FALSE,FALSE,"annual_f_fmsy","F/FMSY",1966,0.163025,"annual"
"Diagnostic model","Diagnostic model",9,9,"Seed 9",FALSE,FALSE,"annual_f_fmsy","F/FMSY",1967,0.17885,"annual"
"Diagnostic model","Diagnostic model",9,9,"Seed 9",FALSE,FALSE,"annual_f_fmsy","F/FMSY",1968,0.1459,"annual"
"Diagnostic model","Diagnostic model",9,9,"Seed 9",FALSE,FALSE,"annual_f_fmsy","F/FMSY",1969,0.18365,"annual"
"Diagnostic model","Diagnostic model",9,9,"Seed 9",FALSE,FALSE,"annual_f_fmsy","F/FMSY",1970,0.1767,"annual"
"Diagnostic model","Diagnostic model",9,9,"Seed 9",FALSE,FALSE,"annual_f_fmsy","F/FMSY",1971,0.177725,"annual"
"Diagnostic model","Diagnostic model",9,9,"Seed 9",FALSE,FALSE,"annual_f_fmsy","F/FMSY",1972,0.24545,"annual"
"Diagnostic model","Diagnostic model",9,9,"Seed 9",FALSE,FALSE,"annual_f_fmsy","F/FMSY",1973,0.20905,"annual"
"Diagnostic model","Diagnostic model",9,9,"Seed 9",FALSE,FALSE,"annual_f_fmsy","F/FMSY",1974,0.232975,"annual"
"Diagnostic model","Diagnostic model",9,9,"Seed 9",FALSE,FALSE,"annual_f_fmsy","F/FMSY",1975,0.299425,"annual"
"Diagnostic model","Diagnostic model",9,9,"Seed 9",FALSE,FALSE,"annual_f_fmsy","F/FMSY",1976,0.31495,"annual"
"Diagnostic model","Diagnostic model",9,9,"Seed 9",FALSE,FALSE,"annual_f_fmsy","F/FMSY",1977,0.3484,"annual"
"Diagnostic model","Diagnostic model",9,9,"Seed 9",FALSE,FALSE,"annual_f_fmsy","F/FMSY",1978,0.292975,"annual"
"Diagnostic model","Diagnostic model",9,9,"Seed 9",FALSE,FALSE,"annual_f_fmsy","F/FMSY",1979,0.377775,"annual"
"Diagnostic model","Diagnostic model",9,9,"Seed 9",FALSE,FALSE,"annual_f_fmsy","F/FMSY",1980,0.3874,"annual"
"Diagnostic model","Diagnostic model",9,9,"Seed 9",FALSE,FALSE,"annual_f_fmsy","F/FMSY",1981,0.37235,"annual"
"Diagnostic model","Diagnostic model",9,9,"Seed 9",FALSE,FALSE,"annual_f_fmsy","F/FMSY",1982,0.43285,"annual"
"Diagnostic model","Diagnostic model",9,9,"Seed 9",FALSE,FALSE,"annual_f_fmsy","F/FMSY",1983,0.423225,"annual"
"Diagnostic model","Diagnostic model",9,9,"Seed 9",FALSE,FALSE,"annual_f_fmsy","F/FMSY",1984,0.454825,"annual"
"Diagnostic model","Diagnostic model",9,9,"Seed 9",FALSE,FALSE,"annual_f_fmsy","F/FMSY",1985,0.4788,"annual"
"Diagnostic model","Diagnostic model",9,9,"Seed 9",FALSE,FALSE,"annual_f_fmsy","F/FMSY",1986,0.4392,"annual"
"Diagnostic model","Diagnostic model",9,9,"Seed 9",FALSE,FALSE,"annual_f_fmsy","F/FMSY",1987,0.555875,"annual"
"Diagnostic model","Diagnostic model",9,9,"Seed 9",FALSE,FALSE,"annual_f_fmsy","F/FMSY",1988,0.486125,"annual"
"Diagnostic model","Diagnostic model",9,9,"Seed 9",FALSE,FALSE,"annual_f_fmsy","F/FMSY",1989,0.471325,"annual"
"Diagnostic model","Diagnostic model",9,9,"Seed 9",FALSE,FALSE,"annual_f_fmsy","F/FMSY",1990,0.571,"annual"
"Diagnostic model","Diagnostic model",9,9,"Seed 9",FALSE,FALSE,"annual_f_fmsy","F/FMSY",1991,0.5245,"annual"
"Diagnostic model","Diagnostic model",9,9,"Seed 9",FALSE,FALSE,"annual_f_fmsy","F/FMSY",1992,0.664075,"annual"
"Diagnostic model","Diagnostic model",9,9,"Seed 9",FALSE,FALSE,"annual_f_fmsy","F/FMSY",1993,0.59135,"annual"
"Diagnostic model","Diagnostic model",9,9,"Seed 9",FALSE,FALSE,"annual_f_fmsy","F/FMSY",1994,0.685925,"annual"
"Diagnostic model","Diagnostic model",9,9,"Seed 9",FALSE,FALSE,"annual_f_fmsy","F/FMSY",1995,0.618225,"annual"
"Diagnostic model","Diagnostic model",9,9,"Seed 9",FALSE,FALSE,"annual_f_fmsy","F/FMSY",1996,0.577825,"annual"
"Diagnostic model","Diagnostic model",9,9,"Seed 9",FALSE,FALSE,"annual_f_fmsy","F/FMSY",1997,0.7192,"annual"
"Diagnostic model","Diagnostic model",9,9,"Seed 9",FALSE,FALSE,"annual_f_fmsy","F/FMSY",1998,0.867225,"annual"
"Diagnostic model","Diagnostic model",9,9,"Seed 9",FALSE,FALSE,"annual_f_fmsy","F/FMSY",1999,0.9458,"annual"
"Diagnostic model","Diagnostic model",9,9,"Seed 9",FALSE,FALSE,"annual_f_fmsy","F/FMSY",2000,0.942975,"annual"
"Diagnostic model","Diagnostic model",9,9,"Seed 9",FALSE,FALSE,"annual_f_fmsy","F/FMSY",2001,0.812025,"annual"
"Diagnostic model","Diagnostic model",9,9,"Seed 9",FALSE,FALSE,"annual_f_fmsy","F/FMSY",2002,1.013825,"annual"
"Diagnostic model","Diagnostic model",9,9,"Seed 9",FALSE,FALSE,"annual_f_fmsy","F/FMSY",2003,0.918525,"annual"
"Diagnostic model","Diagnostic model",9,9,"Seed 9",FALSE,FALSE,"annual_f_fmsy","F/FMSY",2004,1.2765,"annual"
"Diagnostic model","Diagnostic model",9,9,"Seed 9",FALSE,FALSE,"annual_f_fmsy","F/FMSY",2005,1.0322,"annual"
"Diagnostic model","Diagnostic model",9,9,"Seed 9",FALSE,FALSE,"annual_f_fmsy","F/FMSY",2006,1.09615,"annual"
"Diagnostic model","Diagnostic model",9,9,"Seed 9",FALSE,FALSE,"annual_f_fmsy","F/FMSY",2007,1.118,"annual"
"Diagnostic model","Diagnostic model",9,9,"Seed 9",FALSE,FALSE,"annual_f_fmsy","F/FMSY",2008,1.2105,"annual"
"Diagnostic model","Diagnostic model",9,9,"Seed 9",FALSE,FALSE,"annual_f_fmsy","F/FMSY",2009,1.248,"annual"
"Diagnostic model","Diagnostic model",9,9,"Seed 9",FALSE,FALSE,"annual_f_fmsy","F/FMSY",2010,1.026525,"annual"
"Diagnostic model","Diagnostic model",9,9,"Seed 9",FALSE,FALSE,"annual_f_fmsy","F/FMSY",2011,1.26765,"annual"
"Diagnostic model","Diagnostic model",9,9,"Seed 9",FALSE,FALSE,"annual_f_fmsy","F/FMSY",2012,1.3165,"annual"
"Diagnostic model","Diagnostic model",9,9,"Seed 9",FALSE,FALSE,"annual_f_fmsy","F/FMSY",2013,1.19975,"annual"
"Diagnostic model","Diagnostic model",9,9,"Seed 9",FALSE,FALSE,"annual_f_fmsy","F/FMSY",2014,1.28575,"annual"
"Diagnostic model","Diagnostic model",9,9,"Seed 9",FALSE,FALSE,"annual_f_fmsy","F/FMSY",2015,1.170025,"annual"
"Diagnostic model","Diagnostic model",9,9,"Seed 9",FALSE,FALSE,"annual_f_fmsy","F/FMSY",2016,1.22675,"annual"
"Diagnostic model","Diagnostic model",9,9,"Seed 9",FALSE,FALSE,"annual_f_fmsy","F/FMSY",2017,1.037075,"annual"
"Diagnostic model","Diagnostic model",9,9,"Seed 9",FALSE,FALSE,"annual_f_fmsy","F/FMSY",2018,1.1968,"annual"
"Diagnostic model","Diagnostic model",9,9,"Seed 9",FALSE,FALSE,"annual_f_fmsy","F/FMSY",2019,1.066925,"annual"
"Diagnostic model","Diagnostic model",9,9,"Seed 9",FALSE,FALSE,"annual_f_fmsy","F/FMSY",2020,1.126325,"annual"
"Diagnostic model","Diagnostic model",9,9,"Seed 9",FALSE,FALSE,"annual_f_fmsy","F/FMSY",2021,1.102775,"annual"
"Diagnostic model","Diagnostic model",9,9,"Seed 9",FALSE,FALSE,"annual_f_fmsy","F/FMSY",2022,1.187375,"annual"
"Diagnostic model","Diagnostic model",9,9,"Seed 9",FALSE,FALSE,"annual_f_fmsy","F/FMSY",2023,1.30775,"annual"
"Diagnostic model","Diagnostic model",9,9,"Seed 9",FALSE,FALSE,"annual_f_fmsy","F/FMSY",2024,1.5235,"annual"
"Diagnostic model","Diagnostic model",10,10,"Seed 10",FALSE,FALSE,"annual_depletion","SB/SBF=0",1952,0.993078611220528,"annual"
"Diagnostic model","Diagnostic model",10,10,"Seed 10",FALSE,FALSE,"annual_depletion","SB/SBF=0",1953,0.971633075219214,"annual"
"Diagnostic model","Diagnostic model",10,10,"Seed 10",FALSE,FALSE,"annual_depletion","SB/SBF=0",1954,0.958767632735565,"annual"
"Diagnostic model","Diagnostic model",10,10,"Seed 10",FALSE,FALSE,"annual_depletion","SB/SBF=0",1955,0.948002329313847,"annual"
"Diagnostic model","Diagnostic model",10,10,"Seed 10",FALSE,FALSE,"annual_depletion","SB/SBF=0",1956,0.933865390292245,"annual"
"Diagnostic model","Diagnostic model",10,10,"Seed 10",FALSE,FALSE,"annual_depletion","SB/SBF=0",1957,0.920807978221648,"annual"
"Diagnostic model","Diagnostic model",10,10,"Seed 10",FALSE,FALSE,"annual_depletion","SB/SBF=0",1958,0.897182166288218,"annual"
"Diagnostic model","Diagnostic model",10,10,"Seed 10",FALSE,FALSE,"annual_depletion","SB/SBF=0",1959,0.86663296848572,"annual"
"Diagnostic model","Diagnostic model",10,10,"Seed 10",FALSE,FALSE,"annual_depletion","SB/SBF=0",1960,0.841776154142112,"annual"
"Diagnostic model","Diagnostic model",10,10,"Seed 10",FALSE,FALSE,"annual_depletion","SB/SBF=0",1961,0.830029739181714,"annual"
"Diagnostic model","Diagnostic model",10,10,"Seed 10",FALSE,FALSE,"annual_depletion","SB/SBF=0",1962,0.817936932910754,"annual"
"Diagnostic model","Diagnostic model",10,10,"Seed 10",FALSE,FALSE,"annual_depletion","SB/SBF=0",1963,0.806662921444684,"annual"
"Diagnostic model","Diagnostic model",10,10,"Seed 10",FALSE,FALSE,"annual_depletion","SB/SBF=0",1964,0.792760056168469,"annual"
"Diagnostic model","Diagnostic model",10,10,"Seed 10",FALSE,FALSE,"annual_depletion","SB/SBF=0",1965,0.797343783205629,"annual"
"Diagnostic model","Diagnostic model",10,10,"Seed 10",FALSE,FALSE,"annual_depletion","SB/SBF=0",1966,0.802389742933091,"annual"
"Diagnostic model","Diagnostic model",10,10,"Seed 10",FALSE,FALSE,"annual_depletion","SB/SBF=0",1967,0.797356633138758,"annual"
"Diagnostic model","Diagnostic model",10,10,"Seed 10",FALSE,FALSE,"annual_depletion","SB/SBF=0",1968,0.794147167922373,"annual"
"Diagnostic model","Diagnostic model",10,10,"Seed 10",FALSE,FALSE,"annual_depletion","SB/SBF=0",1969,0.798309094972756,"annual"
"Diagnostic model","Diagnostic model",10,10,"Seed 10",FALSE,FALSE,"annual_depletion","SB/SBF=0",1970,0.793743851743725,"annual"
"Diagnostic model","Diagnostic model",10,10,"Seed 10",FALSE,FALSE,"annual_depletion","SB/SBF=0",1971,0.790736383253272,"annual"
"Diagnostic model","Diagnostic model",10,10,"Seed 10",FALSE,FALSE,"annual_depletion","SB/SBF=0",1972,0.786089441255977,"annual"
"Diagnostic model","Diagnostic model",10,10,"Seed 10",FALSE,FALSE,"annual_depletion","SB/SBF=0",1973,0.765563694535657,"annual"
"Diagnostic model","Diagnostic model",10,10,"Seed 10",FALSE,FALSE,"annual_depletion","SB/SBF=0",1974,0.752874180222653,"annual"
"Diagnostic model","Diagnostic model",10,10,"Seed 10",FALSE,FALSE,"annual_depletion","SB/SBF=0",1975,0.73901752783938,"annual"
"Diagnostic model","Diagnostic model",10,10,"Seed 10",FALSE,FALSE,"annual_depletion","SB/SBF=0",1976,0.712965706513819,"annual"
"Diagnostic model","Diagnostic model",10,10,"Seed 10",FALSE,FALSE,"annual_depletion","SB/SBF=0",1977,0.693079697966435,"annual"
"Diagnostic model","Diagnostic model",10,10,"Seed 10",FALSE,FALSE,"annual_depletion","SB/SBF=0",1978,0.685026759532904,"annual"
"Diagnostic model","Diagnostic model",10,10,"Seed 10",FALSE,FALSE,"annual_depletion","SB/SBF=0",1979,0.668334629033045,"annual"
"Diagnostic model","Diagnostic model",10,10,"Seed 10",FALSE,FALSE,"annual_depletion","SB/SBF=0",1980,0.642308833313652,"annual"
"Diagnostic model","Diagnostic model",10,10,"Seed 10",FALSE,FALSE,"annual_depletion","SB/SBF=0",1981,0.619653059924082,"annual"
"Diagnostic model","Diagnostic model",10,10,"Seed 10",FALSE,FALSE,"annual_depletion","SB/SBF=0",1982,0.608257055742319,"annual"
"Diagnostic model","Diagnostic model",10,10,"Seed 10",FALSE,FALSE,"annual_depletion","SB/SBF=0",1983,0.600837526594846,"annual"
"Diagnostic model","Diagnostic model",10,10,"Seed 10",FALSE,FALSE,"annual_depletion","SB/SBF=0",1984,0.596905642064999,"annual"
"Diagnostic model","Diagnostic model",10,10,"Seed 10",FALSE,FALSE,"annual_depletion","SB/SBF=0",1985,0.575929351186542,"annual"
"Diagnostic model","Diagnostic model",10,10,"Seed 10",FALSE,FALSE,"annual_depletion","SB/SBF=0",1986,0.549805022779904,"annual"
"Diagnostic model","Diagnostic model",10,10,"Seed 10",FALSE,FALSE,"annual_depletion","SB/SBF=0",1987,0.5327609912635,"annual"
"Diagnostic model","Diagnostic model",10,10,"Seed 10",FALSE,FALSE,"annual_depletion","SB/SBF=0",1988,0.512338416323384,"annual"
"Diagnostic model","Diagnostic model",10,10,"Seed 10",FALSE,FALSE,"annual_depletion","SB/SBF=0",1989,0.498178309424134,"annual"
"Diagnostic model","Diagnostic model",10,10,"Seed 10",FALSE,FALSE,"annual_depletion","SB/SBF=0",1990,0.492401330347792,"annual"
"Diagnostic model","Diagnostic model",10,10,"Seed 10",FALSE,FALSE,"annual_depletion","SB/SBF=0",1991,0.482003326926845,"annual"
"Diagnostic model","Diagnostic model",10,10,"Seed 10",FALSE,FALSE,"annual_depletion","SB/SBF=0",1992,0.464116379530021,"annual"
"Diagnostic model","Diagnostic model",10,10,"Seed 10",FALSE,FALSE,"annual_depletion","SB/SBF=0",1993,0.43545367900519,"annual"
"Diagnostic model","Diagnostic model",10,10,"Seed 10",FALSE,FALSE,"annual_depletion","SB/SBF=0",1994,0.411895246066421,"annual"
"Diagnostic model","Diagnostic model",10,10,"Seed 10",FALSE,FALSE,"annual_depletion","SB/SBF=0",1995,0.385031268114437,"annual"
"Diagnostic model","Diagnostic model",10,10,"Seed 10",FALSE,FALSE,"annual_depletion","SB/SBF=0",1996,0.377562799383129,"annual"
"Diagnostic model","Diagnostic model",10,10,"Seed 10",FALSE,FALSE,"annual_depletion","SB/SBF=0",1997,0.393212211147016,"annual"
"Diagnostic model","Diagnostic model",10,10,"Seed 10",FALSE,FALSE,"annual_depletion","SB/SBF=0",1998,0.377403664795784,"annual"
"Diagnostic model","Diagnostic model",10,10,"Seed 10",FALSE,FALSE,"annual_depletion","SB/SBF=0",1999,0.352796726295919,"annual"
"Diagnostic model","Diagnostic model",10,10,"Seed 10",FALSE,FALSE,"annual_depletion","SB/SBF=0",2000,0.321808433614157,"annual"
"Diagnostic model","Diagnostic model",10,10,"Seed 10",FALSE,FALSE,"annual_depletion","SB/SBF=0",2001,0.298997087128056,"annual"
"Diagnostic model","Diagnostic model",10,10,"Seed 10",FALSE,FALSE,"annual_depletion","SB/SBF=0",2002,0.285575862414761,"annual"
"Diagnostic model","Diagnostic model",10,10,"Seed 10",FALSE,FALSE,"annual_depletion","SB/SBF=0",2003,0.270319488817891,"annual"
"Diagnostic model","Diagnostic model",10,10,"Seed 10",FALSE,FALSE,"annual_depletion","SB/SBF=0",2004,0.261058572428862,"annual"
"Diagnostic model","Diagnostic model",10,10,"Seed 10",FALSE,FALSE,"annual_depletion","SB/SBF=0",2005,0.238824792782814,"annual"
"Diagnostic model","Diagnostic model",10,10,"Seed 10",FALSE,FALSE,"annual_depletion","SB/SBF=0",2006,0.232911579502529,"annual"
"Diagnostic model","Diagnostic model",10,10,"Seed 10",FALSE,FALSE,"annual_depletion","SB/SBF=0",2007,0.226716350683141,"annual"
"Diagnostic model","Diagnostic model",10,10,"Seed 10",FALSE,FALSE,"annual_depletion","SB/SBF=0",2008,0.217472466578929,"annual"
"Diagnostic model","Diagnostic model",10,10,"Seed 10",FALSE,FALSE,"annual_depletion","SB/SBF=0",2009,0.205663147357337,"annual"
"Diagnostic model","Diagnostic model",10,10,"Seed 10",FALSE,FALSE,"annual_depletion","SB/SBF=0",2010,0.191746617528187,"annual"
"Diagnostic model","Diagnostic model",10,10,"Seed 10",FALSE,FALSE,"annual_depletion","SB/SBF=0",2011,0.190035347444588,"annual"
"Diagnostic model","Diagnostic model",10,10,"Seed 10",FALSE,FALSE,"annual_depletion","SB/SBF=0",2012,0.1840276108952,"annual"
"Diagnostic model","Diagnostic model",10,10,"Seed 10",FALSE,FALSE,"annual_depletion","SB/SBF=0",2013,0.176641735038915,"annual"
"Diagnostic model","Diagnostic model",10,10,"Seed 10",FALSE,FALSE,"annual_depletion","SB/SBF=0",2014,0.180810358769846,"annual"
"Diagnostic model","Diagnostic model",10,10,"Seed 10",FALSE,FALSE,"annual_depletion","SB/SBF=0",2015,0.187399139473858,"annual"
"Diagnostic model","Diagnostic model",10,10,"Seed 10",FALSE,FALSE,"annual_depletion","SB/SBF=0",2016,0.188744701508442,"annual"
"Diagnostic model","Diagnostic model",10,10,"Seed 10",FALSE,FALSE,"annual_depletion","SB/SBF=0",2017,0.18641365421988,"annual"
"Diagnostic model","Diagnostic model",10,10,"Seed 10",FALSE,FALSE,"annual_depletion","SB/SBF=0",2018,0.186427167716285,"annual"
"Diagnostic model","Diagnostic model",10,10,"Seed 10",FALSE,FALSE,"annual_depletion","SB/SBF=0",2019,0.185487631726348,"annual"
"Diagnostic model","Diagnostic model",10,10,"Seed 10",FALSE,FALSE,"annual_depletion","SB/SBF=0",2020,0.189175736638762,"annual"
"Diagnostic model","Diagnostic model",10,10,"Seed 10",FALSE,FALSE,"annual_depletion","SB/SBF=0",2021,0.196443116753796,"annual"
"Diagnostic model","Diagnostic model",10,10,"Seed 10",FALSE,FALSE,"annual_depletion","SB/SBF=0",2022,0.198881844283345,"annual"
"Diagnostic model","Diagnostic model",10,10,"Seed 10",FALSE,FALSE,"annual_depletion","SB/SBF=0",2023,0.191630563452084,"annual"
"Diagnostic model","Diagnostic model",10,10,"Seed 10",FALSE,FALSE,"annual_depletion","SB/SBF=0",2024,0.168983871167391,"annual"
"Diagnostic model","Diagnostic model",10,10,"Seed 10",FALSE,FALSE,"annual_sb_sbmsy","SB/SBMSY",1952,5.1215,"annual"
"Diagnostic model","Diagnostic model",10,10,"Seed 10",FALSE,FALSE,"annual_sb_sbmsy","SB/SBMSY",1953,5.1345,"annual"
"Diagnostic model","Diagnostic model",10,10,"Seed 10",FALSE,FALSE,"annual_sb_sbmsy","SB/SBMSY",1954,5.1575,"annual"
"Diagnostic model","Diagnostic model",10,10,"Seed 10",FALSE,FALSE,"annual_sb_sbmsy","SB/SBMSY",1955,5.1655,"annual"
"Diagnostic model","Diagnostic model",10,10,"Seed 10",FALSE,FALSE,"annual_sb_sbmsy","SB/SBMSY",1956,5.14125,"annual"
"Diagnostic model","Diagnostic model",10,10,"Seed 10",FALSE,FALSE,"annual_sb_sbmsy","SB/SBMSY",1957,5.2975,"annual"
"Diagnostic model","Diagnostic model",10,10,"Seed 10",FALSE,FALSE,"annual_sb_sbmsy","SB/SBMSY",1958,5.179,"annual"
"Diagnostic model","Diagnostic model",10,10,"Seed 10",FALSE,FALSE,"annual_sb_sbmsy","SB/SBMSY",1959,4.74325,"annual"
"Diagnostic model","Diagnostic model",10,10,"Seed 10",FALSE,FALSE,"annual_sb_sbmsy","SB/SBMSY",1960,4.27525,"annual"
"Diagnostic model","Diagnostic model",10,10,"Seed 10",FALSE,FALSE,"annual_sb_sbmsy","SB/SBMSY",1961,4.112,"annual"
"Diagnostic model","Diagnostic model",10,10,"Seed 10",FALSE,FALSE,"annual_sb_sbmsy","SB/SBMSY",1962,3.85975,"annual"
"Diagnostic model","Diagnostic model",10,10,"Seed 10",FALSE,FALSE,"annual_sb_sbmsy","SB/SBMSY",1963,3.63925,"annual"
"Diagnostic model","Diagnostic model",10,10,"Seed 10",FALSE,FALSE,"annual_sb_sbmsy","SB/SBMSY",1964,3.3915,"annual"
"Diagnostic model","Diagnostic model",10,10,"Seed 10",FALSE,FALSE,"annual_sb_sbmsy","SB/SBMSY",1965,3.30275,"annual"
"Diagnostic model","Diagnostic model",10,10,"Seed 10",FALSE,FALSE,"annual_sb_sbmsy","SB/SBMSY",1966,3.27325,"annual"
"Diagnostic model","Diagnostic model",10,10,"Seed 10",FALSE,FALSE,"annual_sb_sbmsy","SB/SBMSY",1967,3.1355,"annual"
"Diagnostic model","Diagnostic model",10,10,"Seed 10",FALSE,FALSE,"annual_sb_sbmsy","SB/SBMSY",1968,2.99275,"annual"
"Diagnostic model","Diagnostic model",10,10,"Seed 10",FALSE,FALSE,"annual_sb_sbmsy","SB/SBMSY",1969,3.00625,"annual"
"Diagnostic model","Diagnostic model",10,10,"Seed 10",FALSE,FALSE,"annual_sb_sbmsy","SB/SBMSY",1970,2.9035,"annual"
"Diagnostic model","Diagnostic model",10,10,"Seed 10",FALSE,FALSE,"annual_sb_sbmsy","SB/SBMSY",1971,2.82175,"annual"
"Diagnostic model","Diagnostic model",10,10,"Seed 10",FALSE,FALSE,"annual_sb_sbmsy","SB/SBMSY",1972,2.81025,"annual"
"Diagnostic model","Diagnostic model",10,10,"Seed 10",FALSE,FALSE,"annual_sb_sbmsy","SB/SBMSY",1973,2.63875,"annual"
"Diagnostic model","Diagnostic model",10,10,"Seed 10",FALSE,FALSE,"annual_sb_sbmsy","SB/SBMSY",1974,2.49625,"annual"
"Diagnostic model","Diagnostic model",10,10,"Seed 10",FALSE,FALSE,"annual_sb_sbmsy","SB/SBMSY",1975,2.4115,"annual"
"Diagnostic model","Diagnostic model",10,10,"Seed 10",FALSE,FALSE,"annual_sb_sbmsy","SB/SBMSY",1976,2.272,"annual"
"Diagnostic model","Diagnostic model",10,10,"Seed 10",FALSE,FALSE,"annual_sb_sbmsy","SB/SBMSY",1977,2.23375,"annual"
"Diagnostic model","Diagnostic model",10,10,"Seed 10",FALSE,FALSE,"annual_sb_sbmsy","SB/SBMSY",1978,2.3005,"annual"
"Diagnostic model","Diagnostic model",10,10,"Seed 10",FALSE,FALSE,"annual_sb_sbmsy","SB/SBMSY",1979,2.25375,"annual"
"Diagnostic model","Diagnostic model",10,10,"Seed 10",FALSE,FALSE,"annual_sb_sbmsy","SB/SBMSY",1980,2.15725,"annual"
"Diagnostic model","Diagnostic model",10,10,"Seed 10",FALSE,FALSE,"annual_sb_sbmsy","SB/SBMSY",1981,1.9755,"annual"
"Diagnostic model","Diagnostic model",10,10,"Seed 10",FALSE,FALSE,"annual_sb_sbmsy","SB/SBMSY",1982,1.8815,"annual"
"Diagnostic model","Diagnostic model",10,10,"Seed 10",FALSE,FALSE,"annual_sb_sbmsy","SB/SBMSY",1983,1.89325,"annual"
"Diagnostic model","Diagnostic model",10,10,"Seed 10",FALSE,FALSE,"annual_sb_sbmsy","SB/SBMSY",1984,2.023,"annual"
"Diagnostic model","Diagnostic model",10,10,"Seed 10",FALSE,FALSE,"annual_sb_sbmsy","SB/SBMSY",1985,2.0905,"annual"
"Diagnostic model","Diagnostic model",10,10,"Seed 10",FALSE,FALSE,"annual_sb_sbmsy","SB/SBMSY",1986,2.0415,"annual"
"Diagnostic model","Diagnostic model",10,10,"Seed 10",FALSE,FALSE,"annual_sb_sbmsy","SB/SBMSY",1987,2.04275,"annual"
"Diagnostic model","Diagnostic model",10,10,"Seed 10",FALSE,FALSE,"annual_sb_sbmsy","SB/SBMSY",1988,2.05725,"annual"
"Diagnostic model","Diagnostic model",10,10,"Seed 10",FALSE,FALSE,"annual_sb_sbmsy","SB/SBMSY",1989,2.05025,"annual"
"Diagnostic model","Diagnostic model",10,10,"Seed 10",FALSE,FALSE,"annual_sb_sbmsy","SB/SBMSY",1990,2.17425,"annual"
"Diagnostic model","Diagnostic model",10,10,"Seed 10",FALSE,FALSE,"annual_sb_sbmsy","SB/SBMSY",1991,2.237,"annual"
"Diagnostic model","Diagnostic model",10,10,"Seed 10",FALSE,FALSE,"annual_sb_sbmsy","SB/SBMSY",1992,2.20225,"annual"
"Diagnostic model","Diagnostic model",10,10,"Seed 10",FALSE,FALSE,"annual_sb_sbmsy","SB/SBMSY",1993,2.064,"annual"
"Diagnostic model","Diagnostic model",10,10,"Seed 10",FALSE,FALSE,"annual_sb_sbmsy","SB/SBMSY",1994,1.99,"annual"
"Diagnostic model","Diagnostic model",10,10,"Seed 10",FALSE,FALSE,"annual_sb_sbmsy","SB/SBMSY",1995,1.88275,"annual"
"Diagnostic model","Diagnostic model",10,10,"Seed 10",FALSE,FALSE,"annual_sb_sbmsy","SB/SBMSY",1996,1.83075,"annual"
"Diagnostic model","Diagnostic model",10,10,"Seed 10",FALSE,FALSE,"annual_sb_sbmsy","SB/SBMSY",1997,1.948,"annual"
"Diagnostic model","Diagnostic model",10,10,"Seed 10",FALSE,FALSE,"annual_sb_sbmsy","SB/SBMSY",1998,1.91625,"annual"
"Diagnostic model","Diagnostic model",10,10,"Seed 10",FALSE,FALSE,"annual_sb_sbmsy","SB/SBMSY",1999,1.82075,"annual"
"Diagnostic model","Diagnostic model",10,10,"Seed 10",FALSE,FALSE,"annual_sb_sbmsy","SB/SBMSY",2000,1.67675,"annual"
"Diagnostic model","Diagnostic model",10,10,"Seed 10",FALSE,FALSE,"annual_sb_sbmsy","SB/SBMSY",2001,1.56875,"annual"
"Diagnostic model","Diagnostic model",10,10,"Seed 10",FALSE,FALSE,"annual_sb_sbmsy","SB/SBMSY",2002,1.5425,"annual"
"Diagnostic model","Diagnostic model",10,10,"Seed 10",FALSE,FALSE,"annual_sb_sbmsy","SB/SBMSY",2003,1.5225,"annual"
"Diagnostic model","Diagnostic model",10,10,"Seed 10",FALSE,FALSE,"annual_sb_sbmsy","SB/SBMSY",2004,1.497,"annual"
"Diagnostic model","Diagnostic model",10,10,"Seed 10",FALSE,FALSE,"annual_sb_sbmsy","SB/SBMSY",2005,1.36825,"annual"
"Diagnostic model","Diagnostic model",10,10,"Seed 10",FALSE,FALSE,"annual_sb_sbmsy","SB/SBMSY",2006,1.34125,"annual"
"Diagnostic model","Diagnostic model",10,10,"Seed 10",FALSE,FALSE,"annual_sb_sbmsy","SB/SBMSY",2007,1.3295,"annual"
"Diagnostic model","Diagnostic model",10,10,"Seed 10",FALSE,FALSE,"annual_sb_sbmsy","SB/SBMSY",2008,1.27575,"annual"
"Diagnostic model","Diagnostic model",10,10,"Seed 10",FALSE,FALSE,"annual_sb_sbmsy","SB/SBMSY",2009,1.18825,"annual"
"Diagnostic model","Diagnostic model",10,10,"Seed 10",FALSE,FALSE,"annual_sb_sbmsy","SB/SBMSY",2010,1.10375,"annual"
"Diagnostic model","Diagnostic model",10,10,"Seed 10",FALSE,FALSE,"annual_sb_sbmsy","SB/SBMSY",2011,1.10525,"annual"
"Diagnostic model","Diagnostic model",10,10,"Seed 10",FALSE,FALSE,"annual_sb_sbmsy","SB/SBMSY",2012,1.07425,"annual"
"Diagnostic model","Diagnostic model",10,10,"Seed 10",FALSE,FALSE,"annual_sb_sbmsy","SB/SBMSY",2013,1.01325,"annual"
"Diagnostic model","Diagnostic model",10,10,"Seed 10",FALSE,FALSE,"annual_sb_sbmsy","SB/SBMSY",2014,1.04475,"annual"
"Diagnostic model","Diagnostic model",10,10,"Seed 10",FALSE,FALSE,"annual_sb_sbmsy","SB/SBMSY",2015,1.12525,"annual"
"Diagnostic model","Diagnostic model",10,10,"Seed 10",FALSE,FALSE,"annual_sb_sbmsy","SB/SBMSY",2016,1.15625,"annual"
"Diagnostic model","Diagnostic model",10,10,"Seed 10",FALSE,FALSE,"annual_sb_sbmsy","SB/SBMSY",2017,1.1265,"annual"
"Diagnostic model","Diagnostic model",10,10,"Seed 10",FALSE,FALSE,"annual_sb_sbmsy","SB/SBMSY",2018,1.11225,"annual"
"Diagnostic model","Diagnostic model",10,10,"Seed 10",FALSE,FALSE,"annual_sb_sbmsy","SB/SBMSY",2019,1.102,"annual"
"Diagnostic model","Diagnostic model",10,10,"Seed 10",FALSE,FALSE,"annual_sb_sbmsy","SB/SBMSY",2020,1.11875,"annual"
"Diagnostic model","Diagnostic model",10,10,"Seed 10",FALSE,FALSE,"annual_sb_sbmsy","SB/SBMSY",2021,1.145,"annual"
"Diagnostic model","Diagnostic model",10,10,"Seed 10",FALSE,FALSE,"annual_sb_sbmsy","SB/SBMSY",2022,1.1425,"annual"
"Diagnostic model","Diagnostic model",10,10,"Seed 10",FALSE,FALSE,"annual_sb_sbmsy","SB/SBMSY",2023,1.07275,"annual"
"Diagnostic model","Diagnostic model",10,10,"Seed 10",FALSE,FALSE,"annual_sb_sbmsy","SB/SBMSY",2024,0.924475,"annual"
"Diagnostic model","Diagnostic model",10,10,"Seed 10",FALSE,FALSE,"annual_f_fmsy","F/FMSY",1952,0.0764125,"annual"
"Diagnostic model","Diagnostic model",10,10,"Seed 10",FALSE,FALSE,"annual_f_fmsy","F/FMSY",1953,0.071135,"annual"
"Diagnostic model","Diagnostic model",10,10,"Seed 10",FALSE,FALSE,"annual_f_fmsy","F/FMSY",1954,0.0485125,"annual"
"Diagnostic model","Diagnostic model",10,10,"Seed 10",FALSE,FALSE,"annual_f_fmsy","F/FMSY",1955,0.0775925,"annual"
"Diagnostic model","Diagnostic model",10,10,"Seed 10",FALSE,FALSE,"annual_f_fmsy","F/FMSY",1956,0.0858825,"annual"
"Diagnostic model","Diagnostic model",10,10,"Seed 10",FALSE,FALSE,"annual_f_fmsy","F/FMSY",1957,0.1159375,"annual"
"Diagnostic model","Diagnostic model",10,10,"Seed 10",FALSE,FALSE,"annual_f_fmsy","F/FMSY",1958,0.1716275,"annual"
"Diagnostic model","Diagnostic model",10,10,"Seed 10",FALSE,FALSE,"annual_f_fmsy","F/FMSY",1959,0.1585875,"annual"
"Diagnostic model","Diagnostic model",10,10,"Seed 10",FALSE,FALSE,"annual_f_fmsy","F/FMSY",1960,0.1602775,"annual"
"Diagnostic model","Diagnostic model",10,10,"Seed 10",FALSE,FALSE,"annual_f_fmsy","F/FMSY",1961,0.15955,"annual"
"Diagnostic model","Diagnostic model",10,10,"Seed 10",FALSE,FALSE,"annual_f_fmsy","F/FMSY",1962,0.154225,"annual"
"Diagnostic model","Diagnostic model",10,10,"Seed 10",FALSE,FALSE,"annual_f_fmsy","F/FMSY",1963,0.198175,"annual"
"Diagnostic model","Diagnostic model",10,10,"Seed 10",FALSE,FALSE,"annual_f_fmsy","F/FMSY",1964,0.14742,"annual"
"Diagnostic model","Diagnostic model",10,10,"Seed 10",FALSE,FALSE,"annual_f_fmsy","F/FMSY",1965,0.137625,"annual"
"Diagnostic model","Diagnostic model",10,10,"Seed 10",FALSE,FALSE,"annual_f_fmsy","F/FMSY",1966,0.155925,"annual"
"Diagnostic model","Diagnostic model",10,10,"Seed 10",FALSE,FALSE,"annual_f_fmsy","F/FMSY",1967,0.1692,"annual"
"Diagnostic model","Diagnostic model",10,10,"Seed 10",FALSE,FALSE,"annual_f_fmsy","F/FMSY",1968,0.138825,"annual"
"Diagnostic model","Diagnostic model",10,10,"Seed 10",FALSE,FALSE,"annual_f_fmsy","F/FMSY",1969,0.174325,"annual"
"Diagnostic model","Diagnostic model",10,10,"Seed 10",FALSE,FALSE,"annual_f_fmsy","F/FMSY",1970,0.165925,"annual"
"Diagnostic model","Diagnostic model",10,10,"Seed 10",FALSE,FALSE,"annual_f_fmsy","F/FMSY",1971,0.169625,"annual"
"Diagnostic model","Diagnostic model",10,10,"Seed 10",FALSE,FALSE,"annual_f_fmsy","F/FMSY",1972,0.235175,"annual"
"Diagnostic model","Diagnostic model",10,10,"Seed 10",FALSE,FALSE,"annual_f_fmsy","F/FMSY",1973,0.198825,"annual"
"Diagnostic model","Diagnostic model",10,10,"Seed 10",FALSE,FALSE,"annual_f_fmsy","F/FMSY",1974,0.22325,"annual"
"Diagnostic model","Diagnostic model",10,10,"Seed 10",FALSE,FALSE,"annual_f_fmsy","F/FMSY",1975,0.285875,"annual"
"Diagnostic model","Diagnostic model",10,10,"Seed 10",FALSE,FALSE,"annual_f_fmsy","F/FMSY",1976,0.3015,"annual"
"Diagnostic model","Diagnostic model",10,10,"Seed 10",FALSE,FALSE,"annual_f_fmsy","F/FMSY",1977,0.3353,"annual"
"Diagnostic model","Diagnostic model",10,10,"Seed 10",FALSE,FALSE,"annual_f_fmsy","F/FMSY",1978,0.2806,"annual"
"Diagnostic model","Diagnostic model",10,10,"Seed 10",FALSE,FALSE,"annual_f_fmsy","F/FMSY",1979,0.3636,"annual"
"Diagnostic model","Diagnostic model",10,10,"Seed 10",FALSE,FALSE,"annual_f_fmsy","F/FMSY",1980,0.369925,"annual"
"Diagnostic model","Diagnostic model",10,10,"Seed 10",FALSE,FALSE,"annual_f_fmsy","F/FMSY",1981,0.349725,"annual"
"Diagnostic model","Diagnostic model",10,10,"Seed 10",FALSE,FALSE,"annual_f_fmsy","F/FMSY",1982,0.403875,"annual"
"Diagnostic model","Diagnostic model",10,10,"Seed 10",FALSE,FALSE,"annual_f_fmsy","F/FMSY",1983,0.397075,"annual"
"Diagnostic model","Diagnostic model",10,10,"Seed 10",FALSE,FALSE,"annual_f_fmsy","F/FMSY",1984,0.430675,"annual"
"Diagnostic model","Diagnostic model",10,10,"Seed 10",FALSE,FALSE,"annual_f_fmsy","F/FMSY",1985,0.448975,"annual"
"Diagnostic model","Diagnostic model",10,10,"Seed 10",FALSE,FALSE,"annual_f_fmsy","F/FMSY",1986,0.4124,"annual"
"Diagnostic model","Diagnostic model",10,10,"Seed 10",FALSE,FALSE,"annual_f_fmsy","F/FMSY",1987,0.527,"annual"
"Diagnostic model","Diagnostic model",10,10,"Seed 10",FALSE,FALSE,"annual_f_fmsy","F/FMSY",1988,0.4546,"annual"
"Diagnostic model","Diagnostic model",10,10,"Seed 10",FALSE,FALSE,"annual_f_fmsy","F/FMSY",1989,0.44535,"annual"
"Diagnostic model","Diagnostic model",10,10,"Seed 10",FALSE,FALSE,"annual_f_fmsy","F/FMSY",1990,0.54675,"annual"
"Diagnostic model","Diagnostic model",10,10,"Seed 10",FALSE,FALSE,"annual_f_fmsy","F/FMSY",1991,0.507175,"annual"
"Diagnostic model","Diagnostic model",10,10,"Seed 10",FALSE,FALSE,"annual_f_fmsy","F/FMSY",1992,0.6382,"annual"
"Diagnostic model","Diagnostic model",10,10,"Seed 10",FALSE,FALSE,"annual_f_fmsy","F/FMSY",1993,0.570725,"annual"
"Diagnostic model","Diagnostic model",10,10,"Seed 10",FALSE,FALSE,"annual_f_fmsy","F/FMSY",1994,0.6613,"annual"
"Diagnostic model","Diagnostic model",10,10,"Seed 10",FALSE,FALSE,"annual_f_fmsy","F/FMSY",1995,0.58815,"annual"
"Diagnostic model","Diagnostic model",10,10,"Seed 10",FALSE,FALSE,"annual_f_fmsy","F/FMSY",1996,0.547225,"annual"
"Diagnostic model","Diagnostic model",10,10,"Seed 10",FALSE,FALSE,"annual_f_fmsy","F/FMSY",1997,0.690875,"annual"
"Diagnostic model","Diagnostic model",10,10,"Seed 10",FALSE,FALSE,"annual_f_fmsy","F/FMSY",1998,0.820775,"annual"
"Diagnostic model","Diagnostic model",10,10,"Seed 10",FALSE,FALSE,"annual_f_fmsy","F/FMSY",1999,0.9012,"annual"
"Diagnostic model","Diagnostic model",10,10,"Seed 10",FALSE,FALSE,"annual_f_fmsy","F/FMSY",2000,0.878875,"annual"
"Diagnostic model","Diagnostic model",10,10,"Seed 10",FALSE,FALSE,"annual_f_fmsy","F/FMSY",2001,0.751425,"annual"
"Diagnostic model","Diagnostic model",10,10,"Seed 10",FALSE,FALSE,"annual_f_fmsy","F/FMSY",2002,0.9351,"annual"
"Diagnostic model","Diagnostic model",10,10,"Seed 10",FALSE,FALSE,"annual_f_fmsy","F/FMSY",2003,0.85015,"annual"
"Diagnostic model","Diagnostic model",10,10,"Seed 10",FALSE,FALSE,"annual_f_fmsy","F/FMSY",2004,1.18675,"annual"
"Diagnostic model","Diagnostic model",10,10,"Seed 10",FALSE,FALSE,"annual_f_fmsy","F/FMSY",2005,0.957425,"annual"
"Diagnostic model","Diagnostic model",10,10,"Seed 10",FALSE,FALSE,"annual_f_fmsy","F/FMSY",2006,1.0263,"annual"
"Diagnostic model","Diagnostic model",10,10,"Seed 10",FALSE,FALSE,"annual_f_fmsy","F/FMSY",2007,1.051,"annual"
"Diagnostic model","Diagnostic model",10,10,"Seed 10",FALSE,FALSE,"annual_f_fmsy","F/FMSY",2008,1.1275,"annual"
"Diagnostic model","Diagnostic model",10,10,"Seed 10",FALSE,FALSE,"annual_f_fmsy","F/FMSY",2009,1.15,"annual"
"Diagnostic model","Diagnostic model",10,10,"Seed 10",FALSE,FALSE,"annual_f_fmsy","F/FMSY",2010,0.954025,"annual"
"Diagnostic model","Diagnostic model",10,10,"Seed 10",FALSE,FALSE,"annual_f_fmsy","F/FMSY",2011,1.184125,"annual"
"Diagnostic model","Diagnostic model",10,10,"Seed 10",FALSE,FALSE,"annual_f_fmsy","F/FMSY",2012,1.207625,"annual"
"Diagnostic model","Diagnostic model",10,10,"Seed 10",FALSE,FALSE,"annual_f_fmsy","F/FMSY",2013,1.091525,"annual"
"Diagnostic model","Diagnostic model",10,10,"Seed 10",FALSE,FALSE,"annual_f_fmsy","F/FMSY",2014,1.1758,"annual"
"Diagnostic model","Diagnostic model",10,10,"Seed 10",FALSE,FALSE,"annual_f_fmsy","F/FMSY",2015,1.067825,"annual"
"Diagnostic model","Diagnostic model",10,10,"Seed 10",FALSE,FALSE,"annual_f_fmsy","F/FMSY",2016,1.11665,"annual"
"Diagnostic model","Diagnostic model",10,10,"Seed 10",FALSE,FALSE,"annual_f_fmsy","F/FMSY",2017,0.944,"annual"
"Diagnostic model","Diagnostic model",10,10,"Seed 10",FALSE,FALSE,"annual_f_fmsy","F/FMSY",2018,1.094725,"annual"
"Diagnostic model","Diagnostic model",10,10,"Seed 10",FALSE,FALSE,"annual_f_fmsy","F/FMSY",2019,0.968125,"annual"
"Diagnostic model","Diagnostic model",10,10,"Seed 10",FALSE,FALSE,"annual_f_fmsy","F/FMSY",2020,1.02315,"annual"
"Diagnostic model","Diagnostic model",10,10,"Seed 10",FALSE,FALSE,"annual_f_fmsy","F/FMSY",2021,1.01815,"annual"
"Diagnostic model","Diagnostic model",10,10,"Seed 10",FALSE,FALSE,"annual_f_fmsy","F/FMSY",2022,1.114325,"annual"
"Diagnostic model","Diagnostic model",10,10,"Seed 10",FALSE,FALSE,"annual_f_fmsy","F/FMSY",2023,1.22325,"annual"
"Diagnostic model","Diagnostic model",10,10,"Seed 10",FALSE,FALSE,"annual_f_fmsy","F/FMSY",2024,1.39575,"annual"
"Diagnostic model","Diagnostic model",11,11,"Seed 11",FALSE,FALSE,"annual_depletion","SB/SBF=0",1952,0.993209210538449,"annual"
"Diagnostic model","Diagnostic model",11,11,"Seed 11",FALSE,FALSE,"annual_depletion","SB/SBF=0",1953,0.972079908359663,"annual"
"Diagnostic model","Diagnostic model",11,11,"Seed 11",FALSE,FALSE,"annual_depletion","SB/SBF=0",1954,0.95928062735904,"annual"
"Diagnostic model","Diagnostic model",11,11,"Seed 11",FALSE,FALSE,"annual_depletion","SB/SBF=0",1955,0.948802917806435,"annual"
"Diagnostic model","Diagnostic model",11,11,"Seed 11",FALSE,FALSE,"annual_depletion","SB/SBF=0",1956,0.935160502197499,"annual"
"Diagnostic model","Diagnostic model",11,11,"Seed 11",FALSE,FALSE,"annual_depletion","SB/SBF=0",1957,0.92225830847856,"annual"
"Diagnostic model","Diagnostic model",11,11,"Seed 11",FALSE,FALSE,"annual_depletion","SB/SBF=0",1958,0.899047308585632,"annual"
"Diagnostic model","Diagnostic model",11,11,"Seed 11",FALSE,FALSE,"annual_depletion","SB/SBF=0",1959,0.868811486032983,"annual"
"Diagnostic model","Diagnostic model",11,11,"Seed 11",FALSE,FALSE,"annual_depletion","SB/SBF=0",1960,0.84445670872618,"annual"
"Diagnostic model","Diagnostic model",11,11,"Seed 11",FALSE,FALSE,"annual_depletion","SB/SBF=0",1961,0.8336839684353,"annual"
"Diagnostic model","Diagnostic model",11,11,"Seed 11",FALSE,FALSE,"annual_depletion","SB/SBF=0",1962,0.822458294050122,"annual"
"Diagnostic model","Diagnostic model",11,11,"Seed 11",FALSE,FALSE,"annual_depletion","SB/SBF=0",1963,0.811844583535527,"annual"
"Diagnostic model","Diagnostic model",11,11,"Seed 11",FALSE,FALSE,"annual_depletion","SB/SBF=0",1964,0.798432248416342,"annual"
"Diagnostic model","Diagnostic model",11,11,"Seed 11",FALSE,FALSE,"annual_depletion","SB/SBF=0",1965,0.802338794098437,"annual"
"Diagnostic model","Diagnostic model",11,11,"Seed 11",FALSE,FALSE,"annual_depletion","SB/SBF=0",1966,0.806717774728588,"annual"
"Diagnostic model","Diagnostic model",11,11,"Seed 11",FALSE,FALSE,"annual_depletion","SB/SBF=0",1967,0.80160050278564,"annual"
"Diagnostic model","Diagnostic model",11,11,"Seed 11",FALSE,FALSE,"annual_depletion","SB/SBF=0",1968,0.798167901234568,"annual"
"Diagnostic model","Diagnostic model",11,11,"Seed 11",FALSE,FALSE,"annual_depletion","SB/SBF=0",1969,0.802214430889283,"annual"
"Diagnostic model","Diagnostic model",11,11,"Seed 11",FALSE,FALSE,"annual_depletion","SB/SBF=0",1970,0.79791171364717,"annual"
"Diagnostic model","Diagnostic model",11,11,"Seed 11",FALSE,FALSE,"annual_depletion","SB/SBF=0",1971,0.795186977447924,"annual"
"Diagnostic model","Diagnostic model",11,11,"Seed 11",FALSE,FALSE,"annual_depletion","SB/SBF=0",1972,0.790557446021906,"annual"
"Diagnostic model","Diagnostic model",11,11,"Seed 11",FALSE,FALSE,"annual_depletion","SB/SBF=0",1973,0.770602672779171,"annual"
"Diagnostic model","Diagnostic model",11,11,"Seed 11",FALSE,FALSE,"annual_depletion","SB/SBF=0",1974,0.758243799210937,"annual"
"Diagnostic model","Diagnostic model",11,11,"Seed 11",FALSE,FALSE,"annual_depletion","SB/SBF=0",1975,0.744735122493666,"annual"
"Diagnostic model","Diagnostic model",11,11,"Seed 11",FALSE,FALSE,"annual_depletion","SB/SBF=0",1976,0.719380698909569,"annual"
"Diagnostic model","Diagnostic model",11,11,"Seed 11",FALSE,FALSE,"annual_depletion","SB/SBF=0",1977,0.699478731366102,"annual"
"Diagnostic model","Diagnostic model",11,11,"Seed 11",FALSE,FALSE,"annual_depletion","SB/SBF=0",1978,0.691192698598622,"annual"
"Diagnostic model","Diagnostic model",11,11,"Seed 11",FALSE,FALSE,"annual_depletion","SB/SBF=0",1979,0.675449090102581,"annual"
"Diagnostic model","Diagnostic model",11,11,"Seed 11",FALSE,FALSE,"annual_depletion","SB/SBF=0",1980,0.650464519232383,"annual"
"Diagnostic model","Diagnostic model",11,11,"Seed 11",FALSE,FALSE,"annual_depletion","SB/SBF=0",1981,0.628401059162016,"annual"
"Diagnostic model","Diagnostic model",11,11,"Seed 11",FALSE,FALSE,"annual_depletion","SB/SBF=0",1982,0.61749040111102,"annual"
"Diagnostic model","Diagnostic model",11,11,"Seed 11",FALSE,FALSE,"annual_depletion","SB/SBF=0",1983,0.609658975795207,"annual"
"Diagnostic model","Diagnostic model",11,11,"Seed 11",FALSE,FALSE,"annual_depletion","SB/SBF=0",1984,0.604966706903937,"annual"
"Diagnostic model","Diagnostic model",11,11,"Seed 11",FALSE,FALSE,"annual_depletion","SB/SBF=0",1985,0.584388592013785,"annual"
"Diagnostic model","Diagnostic model",11,11,"Seed 11",FALSE,FALSE,"annual_depletion","SB/SBF=0",1986,0.558654036973148,"annual"
"Diagnostic model","Diagnostic model",11,11,"Seed 11",FALSE,FALSE,"annual_depletion","SB/SBF=0",1987,0.540520964782524,"annual"
"Diagnostic model","Diagnostic model",11,11,"Seed 11",FALSE,FALSE,"annual_depletion","SB/SBF=0",1988,0.519839886233712,"annual"
"Diagnostic model","Diagnostic model",11,11,"Seed 11",FALSE,FALSE,"annual_depletion","SB/SBF=0",1989,0.504976763543039,"annual"
"Diagnostic model","Diagnostic model",11,11,"Seed 11",FALSE,FALSE,"annual_depletion","SB/SBF=0",1990,0.497144755178174,"annual"
"Diagnostic model","Diagnostic model",11,11,"Seed 11",FALSE,FALSE,"annual_depletion","SB/SBF=0",1991,0.485537689146466,"annual"
"Diagnostic model","Diagnostic model",11,11,"Seed 11",FALSE,FALSE,"annual_depletion","SB/SBF=0",1992,0.467705126758747,"annual"
"Diagnostic model","Diagnostic model",11,11,"Seed 11",FALSE,FALSE,"annual_depletion","SB/SBF=0",1993,0.440077858625974,"annual"
"Diagnostic model","Diagnostic model",11,11,"Seed 11",FALSE,FALSE,"annual_depletion","SB/SBF=0",1994,0.416731905976316,"annual"
"Diagnostic model","Diagnostic model",11,11,"Seed 11",FALSE,FALSE,"annual_depletion","SB/SBF=0",1995,0.389977544924782,"annual"
"Diagnostic model","Diagnostic model",11,11,"Seed 11",FALSE,FALSE,"annual_depletion","SB/SBF=0",1996,0.381467804353087,"annual"
"Diagnostic model","Diagnostic model",11,11,"Seed 11",FALSE,FALSE,"annual_depletion","SB/SBF=0",1997,0.396930372137313,"annual"
"Diagnostic model","Diagnostic model",11,11,"Seed 11",FALSE,FALSE,"annual_depletion","SB/SBF=0",1998,0.381230269973508,"annual"
"Diagnostic model","Diagnostic model",11,11,"Seed 11",FALSE,FALSE,"annual_depletion","SB/SBF=0",1999,0.356951517149174,"annual"
"Diagnostic model","Diagnostic model",11,11,"Seed 11",FALSE,FALSE,"annual_depletion","SB/SBF=0",2000,0.326038920114728,"annual"
"Diagnostic model","Diagnostic model",11,11,"Seed 11",FALSE,FALSE,"annual_depletion","SB/SBF=0",2001,0.303481628643321,"annual"
"Diagnostic model","Diagnostic model",11,11,"Seed 11",FALSE,FALSE,"annual_depletion","SB/SBF=0",2002,0.289424990529444,"annual"
"Diagnostic model","Diagnostic model",11,11,"Seed 11",FALSE,FALSE,"annual_depletion","SB/SBF=0",2003,0.273004468348627,"annual"
"Diagnostic model","Diagnostic model",11,11,"Seed 11",FALSE,FALSE,"annual_depletion","SB/SBF=0",2004,0.262682686016373,"annual"
"Diagnostic model","Diagnostic model",11,11,"Seed 11",FALSE,FALSE,"annual_depletion","SB/SBF=0",2005,0.240508932640675,"annual"
"Diagnostic model","Diagnostic model",11,11,"Seed 11",FALSE,FALSE,"annual_depletion","SB/SBF=0",2006,0.233633244057583,"annual"
"Diagnostic model","Diagnostic model",11,11,"Seed 11",FALSE,FALSE,"annual_depletion","SB/SBF=0",2007,0.227235928813448,"annual"
"Diagnostic model","Diagnostic model",11,11,"Seed 11",FALSE,FALSE,"annual_depletion","SB/SBF=0",2008,0.218243687749168,"annual"
"Diagnostic model","Diagnostic model",11,11,"Seed 11",FALSE,FALSE,"annual_depletion","SB/SBF=0",2009,0.206429557918896,"annual"
"Diagnostic model","Diagnostic model",11,11,"Seed 11",FALSE,FALSE,"annual_depletion","SB/SBF=0",2010,0.192682423972202,"annual"
"Diagnostic model","Diagnostic model",11,11,"Seed 11",FALSE,FALSE,"annual_depletion","SB/SBF=0",2011,0.191022277535781,"annual"
"Diagnostic model","Diagnostic model",11,11,"Seed 11",FALSE,FALSE,"annual_depletion","SB/SBF=0",2012,0.18457202053363,"annual"
"Diagnostic model","Diagnostic model",11,11,"Seed 11",FALSE,FALSE,"annual_depletion","SB/SBF=0",2013,0.176164456822264,"annual"
"Diagnostic model","Diagnostic model",11,11,"Seed 11",FALSE,FALSE,"annual_depletion","SB/SBF=0",2014,0.179586167241388,"annual"
"Diagnostic model","Diagnostic model",11,11,"Seed 11",FALSE,FALSE,"annual_depletion","SB/SBF=0",2015,0.186160023670999,"annual"
"Diagnostic model","Diagnostic model",11,11,"Seed 11",FALSE,FALSE,"annual_depletion","SB/SBF=0",2016,0.187802306083289,"annual"
"Diagnostic model","Diagnostic model",11,11,"Seed 11",FALSE,FALSE,"annual_depletion","SB/SBF=0",2017,0.185867900669742,"annual"
"Diagnostic model","Diagnostic model",11,11,"Seed 11",FALSE,FALSE,"annual_depletion","SB/SBF=0",2018,0.185679461588737,"annual"
"Diagnostic model","Diagnostic model",11,11,"Seed 11",FALSE,FALSE,"annual_depletion","SB/SBF=0",2019,0.18444888713331,"annual"
"Diagnostic model","Diagnostic model",11,11,"Seed 11",FALSE,FALSE,"annual_depletion","SB/SBF=0",2020,0.187769472938881,"annual"
"Diagnostic model","Diagnostic model",11,11,"Seed 11",FALSE,FALSE,"annual_depletion","SB/SBF=0",2021,0.194785405185,"annual"
"Diagnostic model","Diagnostic model",11,11,"Seed 11",FALSE,FALSE,"annual_depletion","SB/SBF=0",2022,0.197663973348333,"annual"
"Diagnostic model","Diagnostic model",11,11,"Seed 11",FALSE,FALSE,"annual_depletion","SB/SBF=0",2023,0.19160546165093,"annual"
"Diagnostic model","Diagnostic model",11,11,"Seed 11",FALSE,FALSE,"annual_depletion","SB/SBF=0",2024,0.170366505667541,"annual"
"Diagnostic model","Diagnostic model",11,11,"Seed 11",FALSE,FALSE,"annual_sb_sbmsy","SB/SBMSY",1952,5.2485,"annual"
"Diagnostic model","Diagnostic model",11,11,"Seed 11",FALSE,FALSE,"annual_sb_sbmsy","SB/SBMSY",1953,5.269,"annual"
"Diagnostic model","Diagnostic model",11,11,"Seed 11",FALSE,FALSE,"annual_sb_sbmsy","SB/SBMSY",1954,5.29625,"annual"
"Diagnostic model","Diagnostic model",11,11,"Seed 11",FALSE,FALSE,"annual_sb_sbmsy","SB/SBMSY",1955,5.3245,"annual"
"Diagnostic model","Diagnostic model",11,11,"Seed 11",FALSE,FALSE,"annual_sb_sbmsy","SB/SBMSY",1956,5.32375,"annual"
"Diagnostic model","Diagnostic model",11,11,"Seed 11",FALSE,FALSE,"annual_sb_sbmsy","SB/SBMSY",1957,5.4915,"annual"
"Diagnostic model","Diagnostic model",11,11,"Seed 11",FALSE,FALSE,"annual_sb_sbmsy","SB/SBMSY",1958,5.37625,"annual"
"Diagnostic model","Diagnostic model",11,11,"Seed 11",FALSE,FALSE,"annual_sb_sbmsy","SB/SBMSY",1959,4.933,"annual"
"Diagnostic model","Diagnostic model",11,11,"Seed 11",FALSE,FALSE,"annual_sb_sbmsy","SB/SBMSY",1960,4.459,"annual"
"Diagnostic model","Diagnostic model",11,11,"Seed 11",FALSE,FALSE,"annual_sb_sbmsy","SB/SBMSY",1961,4.3105,"annual"
"Diagnostic model","Diagnostic model",11,11,"Seed 11",FALSE,FALSE,"annual_sb_sbmsy","SB/SBMSY",1962,4.06425,"annual"
"Diagnostic model","Diagnostic model",11,11,"Seed 11",FALSE,FALSE,"annual_sb_sbmsy","SB/SBMSY",1963,3.84825,"annual"
"Diagnostic model","Diagnostic model",11,11,"Seed 11",FALSE,FALSE,"annual_sb_sbmsy","SB/SBMSY",1964,3.596,"annual"
"Diagnostic model","Diagnostic model",11,11,"Seed 11",FALSE,FALSE,"annual_sb_sbmsy","SB/SBMSY",1965,3.49625,"annual"
"Diagnostic model","Diagnostic model",11,11,"Seed 11",FALSE,FALSE,"annual_sb_sbmsy","SB/SBMSY",1966,3.4555,"annual"
"Diagnostic model","Diagnostic model",11,11,"Seed 11",FALSE,FALSE,"annual_sb_sbmsy","SB/SBMSY",1967,3.30675,"annual"
"Diagnostic model","Diagnostic model",11,11,"Seed 11",FALSE,FALSE,"annual_sb_sbmsy","SB/SBMSY",1968,3.15075,"annual"
"Diagnostic model","Diagnostic model",11,11,"Seed 11",FALSE,FALSE,"annual_sb_sbmsy","SB/SBMSY",1969,3.1625,"annual"
"Diagnostic model","Diagnostic model",11,11,"Seed 11",FALSE,FALSE,"annual_sb_sbmsy","SB/SBMSY",1970,3.0555,"annual"
"Diagnostic model","Diagnostic model",11,11,"Seed 11",FALSE,FALSE,"annual_sb_sbmsy","SB/SBMSY",1971,2.971,"annual"
"Diagnostic model","Diagnostic model",11,11,"Seed 11",FALSE,FALSE,"annual_sb_sbmsy","SB/SBMSY",1972,2.9595,"annual"
"Diagnostic model","Diagnostic model",11,11,"Seed 11",FALSE,FALSE,"annual_sb_sbmsy","SB/SBMSY",1973,2.779,"annual"
"Diagnostic model","Diagnostic model",11,11,"Seed 11",FALSE,FALSE,"annual_sb_sbmsy","SB/SBMSY",1974,2.62625,"annual"
"Diagnostic model","Diagnostic model",11,11,"Seed 11",FALSE,FALSE,"annual_sb_sbmsy","SB/SBMSY",1975,2.53275,"annual"
"Diagnostic model","Diagnostic model",11,11,"Seed 11",FALSE,FALSE,"annual_sb_sbmsy","SB/SBMSY",1976,2.387,"annual"
"Diagnostic model","Diagnostic model",11,11,"Seed 11",FALSE,FALSE,"annual_sb_sbmsy","SB/SBMSY",1977,2.34125,"annual"
"Diagnostic model","Diagnostic model",11,11,"Seed 11",FALSE,FALSE,"annual_sb_sbmsy","SB/SBMSY",1978,2.4045,"annual"
"Diagnostic model","Diagnostic model",11,11,"Seed 11",FALSE,FALSE,"annual_sb_sbmsy","SB/SBMSY",1979,2.36,"annual"
"Diagnostic model","Diagnostic model",11,11,"Seed 11",FALSE,FALSE,"annual_sb_sbmsy","SB/SBMSY",1980,2.26725,"annual"
"Diagnostic model","Diagnostic model",11,11,"Seed 11",FALSE,FALSE,"annual_sb_sbmsy","SB/SBMSY",1981,2.084,"annual"
"Diagnostic model","Diagnostic model",11,11,"Seed 11",FALSE,FALSE,"annual_sb_sbmsy","SB/SBMSY",1982,1.989,"annual"
"Diagnostic model","Diagnostic model",11,11,"Seed 11",FALSE,FALSE,"annual_sb_sbmsy","SB/SBMSY",1983,1.9945,"annual"
"Diagnostic model","Diagnostic model",11,11,"Seed 11",FALSE,FALSE,"annual_sb_sbmsy","SB/SBMSY",1984,2.12,"annual"
"Diagnostic model","Diagnostic model",11,11,"Seed 11",FALSE,FALSE,"annual_sb_sbmsy","SB/SBMSY",1985,2.1885,"annual"
"Diagnostic model","Diagnostic model",11,11,"Seed 11",FALSE,FALSE,"annual_sb_sbmsy","SB/SBMSY",1986,2.14025,"annual"
"Diagnostic model","Diagnostic model",11,11,"Seed 11",FALSE,FALSE,"annual_sb_sbmsy","SB/SBMSY",1987,2.13325,"annual"
"Diagnostic model","Diagnostic model",11,11,"Seed 11",FALSE,FALSE,"annual_sb_sbmsy","SB/SBMSY",1988,2.14475,"annual"
"Diagnostic model","Diagnostic model",11,11,"Seed 11",FALSE,FALSE,"annual_sb_sbmsy","SB/SBMSY",1989,2.12875,"annual"
"Diagnostic model","Diagnostic model",11,11,"Seed 11",FALSE,FALSE,"annual_sb_sbmsy","SB/SBMSY",1990,2.23925,"annual"
"Diagnostic model","Diagnostic model",11,11,"Seed 11",FALSE,FALSE,"annual_sb_sbmsy","SB/SBMSY",1991,2.29625,"annual"
"Diagnostic model","Diagnostic model",11,11,"Seed 11",FALSE,FALSE,"annual_sb_sbmsy","SB/SBMSY",1992,2.26275,"annual"
"Diagnostic model","Diagnostic model",11,11,"Seed 11",FALSE,FALSE,"annual_sb_sbmsy","SB/SBMSY",1993,2.12975,"annual"
"Diagnostic model","Diagnostic model",11,11,"Seed 11",FALSE,FALSE,"annual_sb_sbmsy","SB/SBMSY",1994,2.0545,"annual"
"Diagnostic model","Diagnostic model",11,11,"Seed 11",FALSE,FALSE,"annual_sb_sbmsy","SB/SBMSY",1995,1.94825,"annual"
"Diagnostic model","Diagnostic model",11,11,"Seed 11",FALSE,FALSE,"annual_sb_sbmsy","SB/SBMSY",1996,1.88975,"annual"
"Diagnostic model","Diagnostic model",11,11,"Seed 11",FALSE,FALSE,"annual_sb_sbmsy","SB/SBMSY",1997,2.011,"annual"
"Diagnostic model","Diagnostic model",11,11,"Seed 11",FALSE,FALSE,"annual_sb_sbmsy","SB/SBMSY",1998,1.9765,"annual"
"Diagnostic model","Diagnostic model",11,11,"Seed 11",FALSE,FALSE,"annual_sb_sbmsy","SB/SBMSY",1999,1.87875,"annual"
"Diagnostic model","Diagnostic model",11,11,"Seed 11",FALSE,FALSE,"annual_sb_sbmsy","SB/SBMSY",2000,1.72975,"annual"
"Diagnostic model","Diagnostic model",11,11,"Seed 11",FALSE,FALSE,"annual_sb_sbmsy","SB/SBMSY",2001,1.61975,"annual"
"Diagnostic model","Diagnostic model",11,11,"Seed 11",FALSE,FALSE,"annual_sb_sbmsy","SB/SBMSY",2002,1.586,"annual"
"Diagnostic model","Diagnostic model",11,11,"Seed 11",FALSE,FALSE,"annual_sb_sbmsy","SB/SBMSY",2003,1.55525,"annual"
"Diagnostic model","Diagnostic model",11,11,"Seed 11",FALSE,FALSE,"annual_sb_sbmsy","SB/SBMSY",2004,1.522,"annual"
"Diagnostic model","Diagnostic model",11,11,"Seed 11",FALSE,FALSE,"annual_sb_sbmsy","SB/SBMSY",2005,1.39375,"annual"
"Diagnostic model","Diagnostic model",11,11,"Seed 11",FALSE,FALSE,"annual_sb_sbmsy","SB/SBMSY",2006,1.3605,"annual"
"Diagnostic model","Diagnostic model",11,11,"Seed 11",FALSE,FALSE,"annual_sb_sbmsy","SB/SBMSY",2007,1.3465,"annual"
"Diagnostic model","Diagnostic model",11,11,"Seed 11",FALSE,FALSE,"annual_sb_sbmsy","SB/SBMSY",2008,1.29325,"annual"
"Diagnostic model","Diagnostic model",11,11,"Seed 11",FALSE,FALSE,"annual_sb_sbmsy","SB/SBMSY",2009,1.20625,"annual"
"Diagnostic model","Diagnostic model",11,11,"Seed 11",FALSE,FALSE,"annual_sb_sbmsy","SB/SBMSY",2010,1.12025,"annual"
"Diagnostic model","Diagnostic model",11,11,"Seed 11",FALSE,FALSE,"annual_sb_sbmsy","SB/SBMSY",2011,1.122,"annual"
"Diagnostic model","Diagnostic model",11,11,"Seed 11",FALSE,FALSE,"annual_sb_sbmsy","SB/SBMSY",2012,1.08875,"annual"
"Diagnostic model","Diagnostic model",11,11,"Seed 11",FALSE,FALSE,"annual_sb_sbmsy","SB/SBMSY",2013,1.02125,"annual"
"Diagnostic model","Diagnostic model",11,11,"Seed 11",FALSE,FALSE,"annual_sb_sbmsy","SB/SBMSY",2014,1.047,"annual"
"Diagnostic model","Diagnostic model",11,11,"Seed 11",FALSE,FALSE,"annual_sb_sbmsy","SB/SBMSY",2015,1.1285,"annual"
"Diagnostic model","Diagnostic model",11,11,"Seed 11",FALSE,FALSE,"annual_sb_sbmsy","SB/SBMSY",2016,1.165,"annual"
"Diagnostic model","Diagnostic model",11,11,"Seed 11",FALSE,FALSE,"annual_sb_sbmsy","SB/SBMSY",2017,1.14025,"annual"
"Diagnostic model","Diagnostic model",11,11,"Seed 11",FALSE,FALSE,"annual_sb_sbmsy","SB/SBMSY",2018,1.127,"annual"
"Diagnostic model","Diagnostic model",11,11,"Seed 11",FALSE,FALSE,"annual_sb_sbmsy","SB/SBMSY",2019,1.11525,"annual"
"Diagnostic model","Diagnostic model",11,11,"Seed 11",FALSE,FALSE,"annual_sb_sbmsy","SB/SBMSY",2020,1.1295,"annual"
"Diagnostic model","Diagnostic model",11,11,"Seed 11",FALSE,FALSE,"annual_sb_sbmsy","SB/SBMSY",2021,1.1545,"annual"
"Diagnostic model","Diagnostic model",11,11,"Seed 11",FALSE,FALSE,"annual_sb_sbmsy","SB/SBMSY",2022,1.15425,"annual"
"Diagnostic model","Diagnostic model",11,11,"Seed 11",FALSE,FALSE,"annual_sb_sbmsy","SB/SBMSY",2023,1.09325,"annual"
"Diagnostic model","Diagnostic model",11,11,"Seed 11",FALSE,FALSE,"annual_sb_sbmsy","SB/SBMSY",2024,0.951725,"annual"
"Diagnostic model","Diagnostic model",11,11,"Seed 11",FALSE,FALSE,"annual_f_fmsy","F/FMSY",1952,0.07475,"annual"
"Diagnostic model","Diagnostic model",11,11,"Seed 11",FALSE,FALSE,"annual_f_fmsy","F/FMSY",1953,0.0694075,"annual"
"Diagnostic model","Diagnostic model",11,11,"Seed 11",FALSE,FALSE,"annual_f_fmsy","F/FMSY",1954,0.04706,"annual"
"Diagnostic model","Diagnostic model",11,11,"Seed 11",FALSE,FALSE,"annual_f_fmsy","F/FMSY",1955,0.074785,"annual"
"Diagnostic model","Diagnostic model",11,11,"Seed 11",FALSE,FALSE,"annual_f_fmsy","F/FMSY",1956,0.0826925,"annual"
"Diagnostic model","Diagnostic model",11,11,"Seed 11",FALSE,FALSE,"annual_f_fmsy","F/FMSY",1957,0.11201,"annual"
"Diagnostic model","Diagnostic model",11,11,"Seed 11",FALSE,FALSE,"annual_f_fmsy","F/FMSY",1958,0.166,"annual"
"Diagnostic model","Diagnostic model",11,11,"Seed 11",FALSE,FALSE,"annual_f_fmsy","F/FMSY",1959,0.153465,"annual"
"Diagnostic model","Diagnostic model",11,11,"Seed 11",FALSE,FALSE,"annual_f_fmsy","F/FMSY",1960,0.1527925,"annual"
"Diagnostic model","Diagnostic model",11,11,"Seed 11",FALSE,FALSE,"annual_f_fmsy","F/FMSY",1961,0.1508,"annual"
"Diagnostic model","Diagnostic model",11,11,"Seed 11",FALSE,FALSE,"annual_f_fmsy","F/FMSY",1962,0.145825,"annual"
"Diagnostic model","Diagnostic model",11,11,"Seed 11",FALSE,FALSE,"annual_f_fmsy","F/FMSY",1963,0.1883,"annual"
"Diagnostic model","Diagnostic model",11,11,"Seed 11",FALSE,FALSE,"annual_f_fmsy","F/FMSY",1964,0.1403275,"annual"
"Diagnostic model","Diagnostic model",11,11,"Seed 11",FALSE,FALSE,"annual_f_fmsy","F/FMSY",1965,0.131675,"annual"
"Diagnostic model","Diagnostic model",11,11,"Seed 11",FALSE,FALSE,"annual_f_fmsy","F/FMSY",1966,0.14915,"annual"
"Diagnostic model","Diagnostic model",11,11,"Seed 11",FALSE,FALSE,"annual_f_fmsy","F/FMSY",1967,0.16205,"annual"
"Diagnostic model","Diagnostic model",11,11,"Seed 11",FALSE,FALSE,"annual_f_fmsy","F/FMSY",1968,0.1329,"annual"
"Diagnostic model","Diagnostic model",11,11,"Seed 11",FALSE,FALSE,"annual_f_fmsy","F/FMSY",1969,0.166475,"annual"
"Diagnostic model","Diagnostic model",11,11,"Seed 11",FALSE,FALSE,"annual_f_fmsy","F/FMSY",1970,0.1584,"annual"
"Diagnostic model","Diagnostic model",11,11,"Seed 11",FALSE,FALSE,"annual_f_fmsy","F/FMSY",1971,0.162,"annual"
"Diagnostic model","Diagnostic model",11,11,"Seed 11",FALSE,FALSE,"annual_f_fmsy","F/FMSY",1972,0.2249,"annual"
"Diagnostic model","Diagnostic model",11,11,"Seed 11",FALSE,FALSE,"annual_f_fmsy","F/FMSY",1973,0.19075,"annual"
"Diagnostic model","Diagnostic model",11,11,"Seed 11",FALSE,FALSE,"annual_f_fmsy","F/FMSY",1974,0.2143,"annual"
"Diagnostic model","Diagnostic model",11,11,"Seed 11",FALSE,FALSE,"annual_f_fmsy","F/FMSY",1975,0.273225,"annual"
"Diagnostic model","Diagnostic model",11,11,"Seed 11",FALSE,FALSE,"annual_f_fmsy","F/FMSY",1976,0.289875,"annual"
"Diagnostic model","Diagnostic model",11,11,"Seed 11",FALSE,FALSE,"annual_f_fmsy","F/FMSY",1977,0.322875,"annual"
"Diagnostic model","Diagnostic model",11,11,"Seed 11",FALSE,FALSE,"annual_f_fmsy","F/FMSY",1978,0.2692,"annual"
"Diagnostic model","Diagnostic model",11,11,"Seed 11",FALSE,FALSE,"annual_f_fmsy","F/FMSY",1979,0.348525,"annual"
"Diagnostic model","Diagnostic model",11,11,"Seed 11",FALSE,FALSE,"annual_f_fmsy","F/FMSY",1980,0.352675,"annual"
"Diagnostic model","Diagnostic model",11,11,"Seed 11",FALSE,FALSE,"annual_f_fmsy","F/FMSY",1981,0.3335,"annual"
"Diagnostic model","Diagnostic model",11,11,"Seed 11",FALSE,FALSE,"annual_f_fmsy","F/FMSY",1982,0.3858,"annual"
"Diagnostic model","Diagnostic model",11,11,"Seed 11",FALSE,FALSE,"annual_f_fmsy","F/FMSY",1983,0.380975,"annual"
"Diagnostic model","Diagnostic model",11,11,"Seed 11",FALSE,FALSE,"annual_f_fmsy","F/FMSY",1984,0.41365,"annual"
"Diagnostic model","Diagnostic model",11,11,"Seed 11",FALSE,FALSE,"annual_f_fmsy","F/FMSY",1985,0.4319,"annual"
"Diagnostic model","Diagnostic model",11,11,"Seed 11",FALSE,FALSE,"annual_f_fmsy","F/FMSY",1986,0.3977,"annual"
"Diagnostic model","Diagnostic model",11,11,"Seed 11",FALSE,FALSE,"annual_f_fmsy","F/FMSY",1987,0.5094,"annual"
"Diagnostic model","Diagnostic model",11,11,"Seed 11",FALSE,FALSE,"annual_f_fmsy","F/FMSY",1988,0.441425,"annual"
"Diagnostic model","Diagnostic model",11,11,"Seed 11",FALSE,FALSE,"annual_f_fmsy","F/FMSY",1989,0.435225,"annual"
"Diagnostic model","Diagnostic model",11,11,"Seed 11",FALSE,FALSE,"annual_f_fmsy","F/FMSY",1990,0.534475,"annual"
"Diagnostic model","Diagnostic model",11,11,"Seed 11",FALSE,FALSE,"annual_f_fmsy","F/FMSY",1991,0.494,"annual"
"Diagnostic model","Diagnostic model",11,11,"Seed 11",FALSE,FALSE,"annual_f_fmsy","F/FMSY",1992,0.621025,"annual"
"Diagnostic model","Diagnostic model",11,11,"Seed 11",FALSE,FALSE,"annual_f_fmsy","F/FMSY",1993,0.55395,"annual"
"Diagnostic model","Diagnostic model",11,11,"Seed 11",FALSE,FALSE,"annual_f_fmsy","F/FMSY",1994,0.64295,"annual"
"Diagnostic model","Diagnostic model",11,11,"Seed 11",FALSE,FALSE,"annual_f_fmsy","F/FMSY",1995,0.5703,"annual"
"Diagnostic model","Diagnostic model",11,11,"Seed 11",FALSE,FALSE,"annual_f_fmsy","F/FMSY",1996,0.532,"annual"
"Diagnostic model","Diagnostic model",11,11,"Seed 11",FALSE,FALSE,"annual_f_fmsy","F/FMSY",1997,0.67195,"annual"
"Diagnostic model","Diagnostic model",11,11,"Seed 11",FALSE,FALSE,"annual_f_fmsy","F/FMSY",1998,0.800225,"annual"
"Diagnostic model","Diagnostic model",11,11,"Seed 11",FALSE,FALSE,"annual_f_fmsy","F/FMSY",1999,0.87675,"annual"
"Diagnostic model","Diagnostic model",11,11,"Seed 11",FALSE,FALSE,"annual_f_fmsy","F/FMSY",2000,0.85565,"annual"
"Diagnostic model","Diagnostic model",11,11,"Seed 11",FALSE,FALSE,"annual_f_fmsy","F/FMSY",2001,0.734425,"annual"
"Diagnostic model","Diagnostic model",11,11,"Seed 11",FALSE,FALSE,"annual_f_fmsy","F/FMSY",2002,0.918675,"annual"
"Diagnostic model","Diagnostic model",11,11,"Seed 11",FALSE,FALSE,"annual_f_fmsy","F/FMSY",2003,0.836175,"annual"
"Diagnostic model","Diagnostic model",11,11,"Seed 11",FALSE,FALSE,"annual_f_fmsy","F/FMSY",2004,1.16695,"annual"
"Diagnostic model","Diagnostic model",11,11,"Seed 11",FALSE,FALSE,"annual_f_fmsy","F/FMSY",2005,0.943725,"annual"
"Diagnostic model","Diagnostic model",11,11,"Seed 11",FALSE,FALSE,"annual_f_fmsy","F/FMSY",2006,1.014,"annual"
"Diagnostic model","Diagnostic model",11,11,"Seed 11",FALSE,FALSE,"annual_f_fmsy","F/FMSY",2007,1.0352,"annual"
"Diagnostic model","Diagnostic model",11,11,"Seed 11",FALSE,FALSE,"annual_f_fmsy","F/FMSY",2008,1.11225,"annual"
"Diagnostic model","Diagnostic model",11,11,"Seed 11",FALSE,FALSE,"annual_f_fmsy","F/FMSY",2009,1.131825,"annual"
"Diagnostic model","Diagnostic model",11,11,"Seed 11",FALSE,FALSE,"annual_f_fmsy","F/FMSY",2010,0.9393,"annual"
"Diagnostic model","Diagnostic model",11,11,"Seed 11",FALSE,FALSE,"annual_f_fmsy","F/FMSY",2011,1.16845,"annual"
"Diagnostic model","Diagnostic model",11,11,"Seed 11",FALSE,FALSE,"annual_f_fmsy","F/FMSY",2012,1.1954,"annual"
"Diagnostic model","Diagnostic model",11,11,"Seed 11",FALSE,FALSE,"annual_f_fmsy","F/FMSY",2013,1.085025,"annual"
"Diagnostic model","Diagnostic model",11,11,"Seed 11",FALSE,FALSE,"annual_f_fmsy","F/FMSY",2014,1.1664,"annual"
"Diagnostic model","Diagnostic model",11,11,"Seed 11",FALSE,FALSE,"annual_f_fmsy","F/FMSY",2015,1.055125,"annual"
"Diagnostic model","Diagnostic model",11,11,"Seed 11",FALSE,FALSE,"annual_f_fmsy","F/FMSY",2016,1.101925,"annual"
"Diagnostic model","Diagnostic model",11,11,"Seed 11",FALSE,FALSE,"annual_f_fmsy","F/FMSY",2017,0.931775,"annual"
"Diagnostic model","Diagnostic model",11,11,"Seed 11",FALSE,FALSE,"annual_f_fmsy","F/FMSY",2018,1.082375,"annual"
"Diagnostic model","Diagnostic model",11,11,"Seed 11",FALSE,FALSE,"annual_f_fmsy","F/FMSY",2019,0.957175,"annual"
"Diagnostic model","Diagnostic model",11,11,"Seed 11",FALSE,FALSE,"annual_f_fmsy","F/FMSY",2020,1.013775,"annual"
"Diagnostic model","Diagnostic model",11,11,"Seed 11",FALSE,FALSE,"annual_f_fmsy","F/FMSY",2021,1.0041,"annual"
"Diagnostic model","Diagnostic model",11,11,"Seed 11",FALSE,FALSE,"annual_f_fmsy","F/FMSY",2022,1.091925,"annual"
"Diagnostic model","Diagnostic model",11,11,"Seed 11",FALSE,FALSE,"annual_f_fmsy","F/FMSY",2023,1.1915,"annual"
"Diagnostic model","Diagnostic model",11,11,"Seed 11",FALSE,FALSE,"annual_f_fmsy","F/FMSY",2024,1.3455,"annual"
"Diagnostic model","Diagnostic model",12,12,"Seed 12",FALSE,FALSE,"annual_depletion","SB/SBF=0",1952,0.993791111157295,"annual"
"Diagnostic model","Diagnostic model",12,12,"Seed 12",FALSE,FALSE,"annual_depletion","SB/SBF=0",1953,0.974439734517758,"annual"
"Diagnostic model","Diagnostic model",12,12,"Seed 12",FALSE,FALSE,"annual_depletion","SB/SBF=0",1954,0.962694016980632,"annual"
"Diagnostic model","Diagnostic model",12,12,"Seed 12",FALSE,FALSE,"annual_depletion","SB/SBF=0",1955,0.952832073142378,"annual"
"Diagnostic model","Diagnostic model",12,12,"Seed 12",FALSE,FALSE,"annual_depletion","SB/SBF=0",1956,0.939594410078394,"annual"
"Diagnostic model","Diagnostic model",12,12,"Seed 12",FALSE,FALSE,"annual_depletion","SB/SBF=0",1957,0.926980238726583,"annual"
"Diagnostic model","Diagnostic model",12,12,"Seed 12",FALSE,FALSE,"annual_depletion","SB/SBF=0",1958,0.904571831869511,"annual"
"Diagnostic model","Diagnostic model",12,12,"Seed 12",FALSE,FALSE,"annual_depletion","SB/SBF=0",1959,0.875454806866025,"annual"
"Diagnostic model","Diagnostic model",12,12,"Seed 12",FALSE,FALSE,"annual_depletion","SB/SBF=0",1960,0.850988406564988,"annual"
"Diagnostic model","Diagnostic model",12,12,"Seed 12",FALSE,FALSE,"annual_depletion","SB/SBF=0",1961,0.839553477537561,"annual"
"Diagnostic model","Diagnostic model",12,12,"Seed 12",FALSE,FALSE,"annual_depletion","SB/SBF=0",1962,0.82871901709817,"annual"
"Diagnostic model","Diagnostic model",12,12,"Seed 12",FALSE,FALSE,"annual_depletion","SB/SBF=0",1963,0.818147627102105,"annual"
"Diagnostic model","Diagnostic model",12,12,"Seed 12",FALSE,FALSE,"annual_depletion","SB/SBF=0",1964,0.80505007183754,"annual"
"Diagnostic model","Diagnostic model",12,12,"Seed 12",FALSE,FALSE,"annual_depletion","SB/SBF=0",1965,0.808924396206599,"annual"
"Diagnostic model","Diagnostic model",12,12,"Seed 12",FALSE,FALSE,"annual_depletion","SB/SBF=0",1966,0.812993542372805,"annual"
"Diagnostic model","Diagnostic model",12,12,"Seed 12",FALSE,FALSE,"annual_depletion","SB/SBF=0",1967,0.807657350067108,"annual"
"Diagnostic model","Diagnostic model",12,12,"Seed 12",FALSE,FALSE,"annual_depletion","SB/SBF=0",1968,0.804387775714011,"annual"
"Diagnostic model","Diagnostic model",12,12,"Seed 12",FALSE,FALSE,"annual_depletion","SB/SBF=0",1969,0.808454884521236,"annual"
"Diagnostic model","Diagnostic model",12,12,"Seed 12",FALSE,FALSE,"annual_depletion","SB/SBF=0",1970,0.804251172422194,"annual"
"Diagnostic model","Diagnostic model",12,12,"Seed 12",FALSE,FALSE,"annual_depletion","SB/SBF=0",1971,0.801717548320671,"annual"
"Diagnostic model","Diagnostic model",12,12,"Seed 12",FALSE,FALSE,"annual_depletion","SB/SBF=0",1972,0.796855014671582,"annual"
"Diagnostic model","Diagnostic model",12,12,"Seed 12",FALSE,FALSE,"annual_depletion","SB/SBF=0",1973,0.777127838803154,"annual"
"Diagnostic model","Diagnostic model",12,12,"Seed 12",FALSE,FALSE,"annual_depletion","SB/SBF=0",1974,0.764515284506614,"annual"
"Diagnostic model","Diagnostic model",12,12,"Seed 12",FALSE,FALSE,"annual_depletion","SB/SBF=0",1975,0.751235216782336,"annual"
"Diagnostic model","Diagnostic model",12,12,"Seed 12",FALSE,FALSE,"annual_depletion","SB/SBF=0",1976,0.726864726338691,"annual"
"Diagnostic model","Diagnostic model",12,12,"Seed 12",FALSE,FALSE,"annual_depletion","SB/SBF=0",1977,0.707673633193074,"annual"
"Diagnostic model","Diagnostic model",12,12,"Seed 12",FALSE,FALSE,"annual_depletion","SB/SBF=0",1978,0.700021191402982,"annual"
"Diagnostic model","Diagnostic model",12,12,"Seed 12",FALSE,FALSE,"annual_depletion","SB/SBF=0",1979,0.685662054925423,"annual"
"Diagnostic model","Diagnostic model",12,12,"Seed 12",FALSE,FALSE,"annual_depletion","SB/SBF=0",1980,0.661942153914381,"annual"
"Diagnostic model","Diagnostic model",12,12,"Seed 12",FALSE,FALSE,"annual_depletion","SB/SBF=0",1981,0.641016065040272,"annual"
"Diagnostic model","Diagnostic model",12,12,"Seed 12",FALSE,FALSE,"annual_depletion","SB/SBF=0",1982,0.630797187208811,"annual"
"Diagnostic model","Diagnostic model",12,12,"Seed 12",FALSE,FALSE,"annual_depletion","SB/SBF=0",1983,0.623687758694795,"annual"
"Diagnostic model","Diagnostic model",12,12,"Seed 12",FALSE,FALSE,"annual_depletion","SB/SBF=0",1984,0.619330962143292,"annual"
"Diagnostic model","Diagnostic model",12,12,"Seed 12",FALSE,FALSE,"annual_depletion","SB/SBF=0",1985,0.598256964686891,"annual"
"Diagnostic model","Diagnostic model",12,12,"Seed 12",FALSE,FALSE,"annual_depletion","SB/SBF=0",1986,0.571993943928436,"annual"
"Diagnostic model","Diagnostic model",12,12,"Seed 12",FALSE,FALSE,"annual_depletion","SB/SBF=0",1987,0.553149809915755,"annual"
"Diagnostic model","Diagnostic model",12,12,"Seed 12",FALSE,FALSE,"annual_depletion","SB/SBF=0",1988,0.532061988342547,"annual"
"Diagnostic model","Diagnostic model",12,12,"Seed 12",FALSE,FALSE,"annual_depletion","SB/SBF=0",1989,0.517725286672076,"annual"
"Diagnostic model","Diagnostic model",12,12,"Seed 12",FALSE,FALSE,"annual_depletion","SB/SBF=0",1990,0.510211570375848,"annual"
"Diagnostic model","Diagnostic model",12,12,"Seed 12",FALSE,FALSE,"annual_depletion","SB/SBF=0",1991,0.49788881820607,"annual"
"Diagnostic model","Diagnostic model",12,12,"Seed 12",FALSE,FALSE,"annual_depletion","SB/SBF=0",1992,0.479150517770829,"annual"
"Diagnostic model","Diagnostic model",12,12,"Seed 12",FALSE,FALSE,"annual_depletion","SB/SBF=0",1993,0.45089473811657,"annual"
"Diagnostic model","Diagnostic model",12,12,"Seed 12",FALSE,FALSE,"annual_depletion","SB/SBF=0",1994,0.427786362681818,"annual"
"Diagnostic model","Diagnostic model",12,12,"Seed 12",FALSE,FALSE,"annual_depletion","SB/SBF=0",1995,0.401021457247734,"annual"
"Diagnostic model","Diagnostic model",12,12,"Seed 12",FALSE,FALSE,"annual_depletion","SB/SBF=0",1996,0.393309760020791,"annual"
"Diagnostic model","Diagnostic model",12,12,"Seed 12",FALSE,FALSE,"annual_depletion","SB/SBF=0",1997,0.409716504257241,"annual"
"Diagnostic model","Diagnostic model",12,12,"Seed 12",FALSE,FALSE,"annual_depletion","SB/SBF=0",1998,0.394654889187185,"annual"
"Diagnostic model","Diagnostic model",12,12,"Seed 12",FALSE,FALSE,"annual_depletion","SB/SBF=0",1999,0.370105120944608,"annual"
"Diagnostic model","Diagnostic model",12,12,"Seed 12",FALSE,FALSE,"annual_depletion","SB/SBF=0",2000,0.338919011220441,"annual"
"Diagnostic model","Diagnostic model",12,12,"Seed 12",FALSE,FALSE,"annual_depletion","SB/SBF=0",2001,0.316803841128249,"annual"
"Diagnostic model","Diagnostic model",12,12,"Seed 12",FALSE,FALSE,"annual_depletion","SB/SBF=0",2002,0.303362311225042,"annual"
"Diagnostic model","Diagnostic model",12,12,"Seed 12",FALSE,FALSE,"annual_depletion","SB/SBF=0",2003,0.287524055794101,"annual"
"Diagnostic model","Diagnostic model",12,12,"Seed 12",FALSE,FALSE,"annual_depletion","SB/SBF=0",2004,0.277224478571021,"annual"
"Diagnostic model","Diagnostic model",12,12,"Seed 12",FALSE,FALSE,"annual_depletion","SB/SBF=0",2005,0.254908649544297,"annual"
"Diagnostic model","Diagnostic model",12,12,"Seed 12",FALSE,FALSE,"annual_depletion","SB/SBF=0",2006,0.248017140018632,"annual"
"Diagnostic model","Diagnostic model",12,12,"Seed 12",FALSE,FALSE,"annual_depletion","SB/SBF=0",2007,0.240862786666952,"annual"
"Diagnostic model","Diagnostic model",12,12,"Seed 12",FALSE,FALSE,"annual_depletion","SB/SBF=0",2008,0.231477001574263,"annual"
"Diagnostic model","Diagnostic model",12,12,"Seed 12",FALSE,FALSE,"annual_depletion","SB/SBF=0",2009,0.220081125719765,"annual"
"Diagnostic model","Diagnostic model",12,12,"Seed 12",FALSE,FALSE,"annual_depletion","SB/SBF=0",2010,0.206511958164093,"annual"
"Diagnostic model","Diagnostic model",12,12,"Seed 12",FALSE,FALSE,"annual_depletion","SB/SBF=0",2011,0.204409840879966,"annual"
"Diagnostic model","Diagnostic model",12,12,"Seed 12",FALSE,FALSE,"annual_depletion","SB/SBF=0",2012,0.197332426685376,"annual"
"Diagnostic model","Diagnostic model",12,12,"Seed 12",FALSE,FALSE,"annual_depletion","SB/SBF=0",2013,0.189312446399846,"annual"
"Diagnostic model","Diagnostic model",12,12,"Seed 12",FALSE,FALSE,"annual_depletion","SB/SBF=0",2014,0.193608794401118,"annual"
"Diagnostic model","Diagnostic model",12,12,"Seed 12",FALSE,FALSE,"annual_depletion","SB/SBF=0",2015,0.201141235579013,"annual"
"Diagnostic model","Diagnostic model",12,12,"Seed 12",FALSE,FALSE,"annual_depletion","SB/SBF=0",2016,0.203213852250864,"annual"
"Diagnostic model","Diagnostic model",12,12,"Seed 12",FALSE,FALSE,"annual_depletion","SB/SBF=0",2017,0.201104803019369,"annual"
"Diagnostic model","Diagnostic model",12,12,"Seed 12",FALSE,FALSE,"annual_depletion","SB/SBF=0",2018,0.200340856748042,"annual"
"Diagnostic model","Diagnostic model",12,12,"Seed 12",FALSE,FALSE,"annual_depletion","SB/SBF=0",2019,0.198356763288162,"annual"
"Diagnostic model","Diagnostic model",12,12,"Seed 12",FALSE,FALSE,"annual_depletion","SB/SBF=0",2020,0.201676694195456,"annual"
"Diagnostic model","Diagnostic model",12,12,"Seed 12",FALSE,FALSE,"annual_depletion","SB/SBF=0",2021,0.209195683793708,"annual"
"Diagnostic model","Diagnostic model",12,12,"Seed 12",FALSE,FALSE,"annual_depletion","SB/SBF=0",2022,0.211089093908886,"annual"
"Diagnostic model","Diagnostic model",12,12,"Seed 12",FALSE,FALSE,"annual_depletion","SB/SBF=0",2023,0.202638259873357,"annual"
"Diagnostic model","Diagnostic model",12,12,"Seed 12",FALSE,FALSE,"annual_depletion","SB/SBF=0",2024,0.180116674079889,"annual"
"Diagnostic model","Diagnostic model",12,12,"Seed 12",FALSE,FALSE,"annual_sb_sbmsy","SB/SBMSY",1952,5.5375,"annual"
"Diagnostic model","Diagnostic model",12,12,"Seed 12",FALSE,FALSE,"annual_sb_sbmsy","SB/SBMSY",1953,5.568,"annual"
"Diagnostic model","Diagnostic model",12,12,"Seed 12",FALSE,FALSE,"annual_sb_sbmsy","SB/SBMSY",1954,5.60225,"annual"
"Diagnostic model","Diagnostic model",12,12,"Seed 12",FALSE,FALSE,"annual_sb_sbmsy","SB/SBMSY",1955,5.61575,"annual"
"Diagnostic model","Diagnostic model",12,12,"Seed 12",FALSE,FALSE,"annual_sb_sbmsy","SB/SBMSY",1956,5.57125,"annual"
"Diagnostic model","Diagnostic model",12,12,"Seed 12",FALSE,FALSE,"annual_sb_sbmsy","SB/SBMSY",1957,5.7115,"annual"
"Diagnostic model","Diagnostic model",12,12,"Seed 12",FALSE,FALSE,"annual_sb_sbmsy","SB/SBMSY",1958,5.56575,"annual"
"Diagnostic model","Diagnostic model",12,12,"Seed 12",FALSE,FALSE,"annual_sb_sbmsy","SB/SBMSY",1959,5.08275,"annual"
"Diagnostic model","Diagnostic model",12,12,"Seed 12",FALSE,FALSE,"annual_sb_sbmsy","SB/SBMSY",1960,4.55675,"annual"
"Diagnostic model","Diagnostic model",12,12,"Seed 12",FALSE,FALSE,"annual_sb_sbmsy","SB/SBMSY",1961,4.36825,"annual"
"Diagnostic model","Diagnostic model",12,12,"Seed 12",FALSE,FALSE,"annual_sb_sbmsy","SB/SBMSY",1962,4.115,"annual"
"Diagnostic model","Diagnostic model",12,12,"Seed 12",FALSE,FALSE,"annual_sb_sbmsy","SB/SBMSY",1963,3.88375,"annual"
"Diagnostic model","Diagnostic model",12,12,"Seed 12",FALSE,FALSE,"annual_sb_sbmsy","SB/SBMSY",1964,3.62275,"annual"
"Diagnostic model","Diagnostic model",12,12,"Seed 12",FALSE,FALSE,"annual_sb_sbmsy","SB/SBMSY",1965,3.51525,"annual"
"Diagnostic model","Diagnostic model",12,12,"Seed 12",FALSE,FALSE,"annual_sb_sbmsy","SB/SBMSY",1966,3.46725,"annual"
"Diagnostic model","Diagnostic model",12,12,"Seed 12",FALSE,FALSE,"annual_sb_sbmsy","SB/SBMSY",1967,3.31,"annual"
"Diagnostic model","Diagnostic model",12,12,"Seed 12",FALSE,FALSE,"annual_sb_sbmsy","SB/SBMSY",1968,3.151,"annual"
"Diagnostic model","Diagnostic model",12,12,"Seed 12",FALSE,FALSE,"annual_sb_sbmsy","SB/SBMSY",1969,3.16475,"annual"
"Diagnostic model","Diagnostic model",12,12,"Seed 12",FALSE,FALSE,"annual_sb_sbmsy","SB/SBMSY",1970,3.05825,"annual"
"Diagnostic model","Diagnostic model",12,12,"Seed 12",FALSE,FALSE,"annual_sb_sbmsy","SB/SBMSY",1971,2.97575,"annual"
"Diagnostic model","Diagnostic model",12,12,"Seed 12",FALSE,FALSE,"annual_sb_sbmsy","SB/SBMSY",1972,2.964,"annual"
"Diagnostic model","Diagnostic model",12,12,"Seed 12",FALSE,FALSE,"annual_sb_sbmsy","SB/SBMSY",1973,2.78225,"annual"
"Diagnostic model","Diagnostic model",12,12,"Seed 12",FALSE,FALSE,"annual_sb_sbmsy","SB/SBMSY",1974,2.62075,"annual"
"Diagnostic model","Diagnostic model",12,12,"Seed 12",FALSE,FALSE,"annual_sb_sbmsy","SB/SBMSY",1975,2.531,"annual"
"Diagnostic model","Diagnostic model",12,12,"Seed 12",FALSE,FALSE,"annual_sb_sbmsy","SB/SBMSY",1976,2.392,"annual"
"Diagnostic model","Diagnostic model",12,12,"Seed 12",FALSE,FALSE,"annual_sb_sbmsy","SB/SBMSY",1977,2.35175,"annual"
"Diagnostic model","Diagnostic model",12,12,"Seed 12",FALSE,FALSE,"annual_sb_sbmsy","SB/SBMSY",1978,2.4225,"annual"
"Diagnostic model","Diagnostic model",12,12,"Seed 12",FALSE,FALSE,"annual_sb_sbmsy","SB/SBMSY",1979,2.389,"annual"
"Diagnostic model","Diagnostic model",12,12,"Seed 12",FALSE,FALSE,"annual_sb_sbmsy","SB/SBMSY",1980,2.30475,"annual"
"Diagnostic model","Diagnostic model",12,12,"Seed 12",FALSE,FALSE,"annual_sb_sbmsy","SB/SBMSY",1981,2.12525,"annual"
"Diagnostic model","Diagnostic model",12,12,"Seed 12",FALSE,FALSE,"annual_sb_sbmsy","SB/SBMSY",1982,2.0315,"annual"
"Diagnostic model","Diagnostic model",12,12,"Seed 12",FALSE,FALSE,"annual_sb_sbmsy","SB/SBMSY",1983,2.0445,"annual"
"Diagnostic model","Diagnostic model",12,12,"Seed 12",FALSE,FALSE,"annual_sb_sbmsy","SB/SBMSY",1984,2.17775,"annual"
"Diagnostic model","Diagnostic model",12,12,"Seed 12",FALSE,FALSE,"annual_sb_sbmsy","SB/SBMSY",1985,2.246,"annual"
"Diagnostic model","Diagnostic model",12,12,"Seed 12",FALSE,FALSE,"annual_sb_sbmsy","SB/SBMSY",1986,2.19125,"annual"
"Diagnostic model","Diagnostic model",12,12,"Seed 12",FALSE,FALSE,"annual_sb_sbmsy","SB/SBMSY",1987,2.178,"annual"
"Diagnostic model","Diagnostic model",12,12,"Seed 12",FALSE,FALSE,"annual_sb_sbmsy","SB/SBMSY",1988,2.18625,"annual"
"Diagnostic model","Diagnostic model",12,12,"Seed 12",FALSE,FALSE,"annual_sb_sbmsy","SB/SBMSY",1989,2.17375,"annual"
"Diagnostic model","Diagnostic model",12,12,"Seed 12",FALSE,FALSE,"annual_sb_sbmsy","SB/SBMSY",1990,2.29025,"annual"
"Diagnostic model","Diagnostic model",12,12,"Seed 12",FALSE,FALSE,"annual_sb_sbmsy","SB/SBMSY",1991,2.34125,"annual"
"Diagnostic model","Diagnostic model",12,12,"Seed 12",FALSE,FALSE,"annual_sb_sbmsy","SB/SBMSY",1992,2.29775,"annual"
"Diagnostic model","Diagnostic model",12,12,"Seed 12",FALSE,FALSE,"annual_sb_sbmsy","SB/SBMSY",1993,2.15625,"annual"
"Diagnostic model","Diagnostic model",12,12,"Seed 12",FALSE,FALSE,"annual_sb_sbmsy","SB/SBMSY",1994,2.084,"annual"
"Diagnostic model","Diagnostic model",12,12,"Seed 12",FALSE,FALSE,"annual_sb_sbmsy","SB/SBMSY",1995,1.98,"annual"
"Diagnostic model","Diagnostic model",12,12,"Seed 12",FALSE,FALSE,"annual_sb_sbmsy","SB/SBMSY",1996,1.928,"annual"
"Diagnostic model","Diagnostic model",12,12,"Seed 12",FALSE,FALSE,"annual_sb_sbmsy","SB/SBMSY",1997,2.05725,"annual"
"Diagnostic model","Diagnostic model",12,12,"Seed 12",FALSE,FALSE,"annual_sb_sbmsy","SB/SBMSY",1998,2.0285,"annual"
"Diagnostic model","Diagnostic model",12,12,"Seed 12",FALSE,FALSE,"annual_sb_sbmsy","SB/SBMSY",1999,1.93,"annual"
"Diagnostic model","Diagnostic model",12,12,"Seed 12",FALSE,FALSE,"annual_sb_sbmsy","SB/SBMSY",2000,1.781,"annual"
"Diagnostic model","Diagnostic model",12,12,"Seed 12",FALSE,FALSE,"annual_sb_sbmsy","SB/SBMSY",2001,1.67525,"annual"
"Diagnostic model","Diagnostic model",12,12,"Seed 12",FALSE,FALSE,"annual_sb_sbmsy","SB/SBMSY",2002,1.649,"annual"
"Diagnostic model","Diagnostic model",12,12,"Seed 12",FALSE,FALSE,"annual_sb_sbmsy","SB/SBMSY",2003,1.628,"annual"
"Diagnostic model","Diagnostic model",12,12,"Seed 12",FALSE,FALSE,"annual_sb_sbmsy","SB/SBMSY",2004,1.5955,"annual"
"Diagnostic model","Diagnostic model",12,12,"Seed 12",FALSE,FALSE,"annual_sb_sbmsy","SB/SBMSY",2005,1.46525,"annual"
"Diagnostic model","Diagnostic model",12,12,"Seed 12",FALSE,FALSE,"annual_sb_sbmsy","SB/SBMSY",2006,1.431,"annual"
"Diagnostic model","Diagnostic model",12,12,"Seed 12",FALSE,FALSE,"annual_sb_sbmsy","SB/SBMSY",2007,1.41225,"annual"
"Diagnostic model","Diagnostic model",12,12,"Seed 12",FALSE,FALSE,"annual_sb_sbmsy","SB/SBMSY",2008,1.3535,"annual"
"Diagnostic model","Diagnostic model",12,12,"Seed 12",FALSE,FALSE,"annual_sb_sbmsy","SB/SBMSY",2009,1.26925,"annual"
"Diagnostic model","Diagnostic model",12,12,"Seed 12",FALSE,FALSE,"annual_sb_sbmsy","SB/SBMSY",2010,1.18425,"annual"
"Diagnostic model","Diagnostic model",12,12,"Seed 12",FALSE,FALSE,"annual_sb_sbmsy","SB/SBMSY",2011,1.18225,"annual"
"Diagnostic model","Diagnostic model",12,12,"Seed 12",FALSE,FALSE,"annual_sb_sbmsy","SB/SBMSY",2012,1.1455,"annual"
"Diagnostic model","Diagnostic model",12,12,"Seed 12",FALSE,FALSE,"annual_sb_sbmsy","SB/SBMSY",2013,1.08,"annual"
"Diagnostic model","Diagnostic model",12,12,"Seed 12",FALSE,FALSE,"annual_sb_sbmsy","SB/SBMSY",2014,1.11125,"annual"
"Diagnostic model","Diagnostic model",12,12,"Seed 12",FALSE,FALSE,"annual_sb_sbmsy","SB/SBMSY",2015,1.20125,"annual"
"Diagnostic model","Diagnostic model",12,12,"Seed 12",FALSE,FALSE,"annual_sb_sbmsy","SB/SBMSY",2016,1.24275,"annual"
"Diagnostic model","Diagnostic model",12,12,"Seed 12",FALSE,FALSE,"annual_sb_sbmsy","SB/SBMSY",2017,1.2155,"annual"
"Diagnostic model","Diagnostic model",12,12,"Seed 12",FALSE,FALSE,"annual_sb_sbmsy","SB/SBMSY",2018,1.196,"annual"
"Diagnostic model","Diagnostic model",12,12,"Seed 12",FALSE,FALSE,"annual_sb_sbmsy","SB/SBMSY",2019,1.1785,"annual"
"Diagnostic model","Diagnostic model",12,12,"Seed 12",FALSE,FALSE,"annual_sb_sbmsy","SB/SBMSY",2020,1.19275,"annual"
"Diagnostic model","Diagnostic model",12,12,"Seed 12",FALSE,FALSE,"annual_sb_sbmsy","SB/SBMSY",2021,1.22,"annual"
"Diagnostic model","Diagnostic model",12,12,"Seed 12",FALSE,FALSE,"annual_sb_sbmsy","SB/SBMSY",2022,1.21,"annual"
"Diagnostic model","Diagnostic model",12,12,"Seed 12",FALSE,FALSE,"annual_sb_sbmsy","SB/SBMSY",2023,1.12975,"annual"
"Diagnostic model","Diagnostic model",12,12,"Seed 12",FALSE,FALSE,"annual_sb_sbmsy","SB/SBMSY",2024,0.980825,"annual"
"Diagnostic model","Diagnostic model",12,12,"Seed 12",FALSE,FALSE,"annual_f_fmsy","F/FMSY",1952,0.06933,"annual"
"Diagnostic model","Diagnostic model",12,12,"Seed 12",FALSE,FALSE,"annual_f_fmsy","F/FMSY",1953,0.0646575,"annual"
"Diagnostic model","Diagnostic model",12,12,"Seed 12",FALSE,FALSE,"annual_f_fmsy","F/FMSY",1954,0.0441075,"annual"
"Diagnostic model","Diagnostic model",12,12,"Seed 12",FALSE,FALSE,"annual_f_fmsy","F/FMSY",1955,0.071205,"annual"
"Diagnostic model","Diagnostic model",12,12,"Seed 12",FALSE,FALSE,"annual_f_fmsy","F/FMSY",1956,0.07951,"annual"
"Diagnostic model","Diagnostic model",12,12,"Seed 12",FALSE,FALSE,"annual_f_fmsy","F/FMSY",1957,0.108395,"annual"
"Diagnostic model","Diagnostic model",12,12,"Seed 12",FALSE,FALSE,"annual_f_fmsy","F/FMSY",1958,0.16068,"annual"
"Diagnostic model","Diagnostic model",12,12,"Seed 12",FALSE,FALSE,"annual_f_fmsy","F/FMSY",1959,0.14966,"annual"
"Diagnostic model","Diagnostic model",12,12,"Seed 12",FALSE,FALSE,"annual_f_fmsy","F/FMSY",1960,0.1514,"annual"
"Diagnostic model","Diagnostic model",12,12,"Seed 12",FALSE,FALSE,"annual_f_fmsy","F/FMSY",1961,0.1494,"annual"
"Diagnostic model","Diagnostic model",12,12,"Seed 12",FALSE,FALSE,"annual_f_fmsy","F/FMSY",1962,0.1441,"annual"
"Diagnostic model","Diagnostic model",12,12,"Seed 12",FALSE,FALSE,"annual_f_fmsy","F/FMSY",1963,0.1859,"annual"
"Diagnostic model","Diagnostic model",12,12,"Seed 12",FALSE,FALSE,"annual_f_fmsy","F/FMSY",1964,0.1386125,"annual"
"Diagnostic model","Diagnostic model",12,12,"Seed 12",FALSE,FALSE,"annual_f_fmsy","F/FMSY",1965,0.130525,"annual"
"Diagnostic model","Diagnostic model",12,12,"Seed 12",FALSE,FALSE,"annual_f_fmsy","F/FMSY",1966,0.147825,"annual"
"Diagnostic model","Diagnostic model",12,12,"Seed 12",FALSE,FALSE,"annual_f_fmsy","F/FMSY",1967,0.160275,"annual"
"Diagnostic model","Diagnostic model",12,12,"Seed 12",FALSE,FALSE,"annual_f_fmsy","F/FMSY",1968,0.13125,"annual"
"Diagnostic model","Diagnostic model",12,12,"Seed 12",FALSE,FALSE,"annual_f_fmsy","F/FMSY",1969,0.164675,"annual"
"Diagnostic model","Diagnostic model",12,12,"Seed 12",FALSE,FALSE,"annual_f_fmsy","F/FMSY",1970,0.156325,"annual"
"Diagnostic model","Diagnostic model",12,12,"Seed 12",FALSE,FALSE,"annual_f_fmsy","F/FMSY",1971,0.1604,"annual"
"Diagnostic model","Diagnostic model",12,12,"Seed 12",FALSE,FALSE,"annual_f_fmsy","F/FMSY",1972,0.2236,"annual"
"Diagnostic model","Diagnostic model",12,12,"Seed 12",FALSE,FALSE,"annual_f_fmsy","F/FMSY",1973,0.188875,"annual"
"Diagnostic model","Diagnostic model",12,12,"Seed 12",FALSE,FALSE,"annual_f_fmsy","F/FMSY",1974,0.2125,"annual"
"Diagnostic model","Diagnostic model",12,12,"Seed 12",FALSE,FALSE,"annual_f_fmsy","F/FMSY",1975,0.27095,"annual"
"Diagnostic model","Diagnostic model",12,12,"Seed 12",FALSE,FALSE,"annual_f_fmsy","F/FMSY",1976,0.28575,"annual"
"Diagnostic model","Diagnostic model",12,12,"Seed 12",FALSE,FALSE,"annual_f_fmsy","F/FMSY",1977,0.318725,"annual"
"Diagnostic model","Diagnostic model",12,12,"Seed 12",FALSE,FALSE,"annual_f_fmsy","F/FMSY",1978,0.26425,"annual"
"Diagnostic model","Diagnostic model",12,12,"Seed 12",FALSE,FALSE,"annual_f_fmsy","F/FMSY",1979,0.34085,"annual"
"Diagnostic model","Diagnostic model",12,12,"Seed 12",FALSE,FALSE,"annual_f_fmsy","F/FMSY",1980,0.3445,"annual"
"Diagnostic model","Diagnostic model",12,12,"Seed 12",FALSE,FALSE,"annual_f_fmsy","F/FMSY",1981,0.3246,"annual"
"Diagnostic model","Diagnostic model",12,12,"Seed 12",FALSE,FALSE,"annual_f_fmsy","F/FMSY",1982,0.3759,"annual"
"Diagnostic model","Diagnostic model",12,12,"Seed 12",FALSE,FALSE,"annual_f_fmsy","F/FMSY",1983,0.37185,"annual"
"Diagnostic model","Diagnostic model",12,12,"Seed 12",FALSE,FALSE,"annual_f_fmsy","F/FMSY",1984,0.4046,"annual"
"Diagnostic model","Diagnostic model",12,12,"Seed 12",FALSE,FALSE,"annual_f_fmsy","F/FMSY",1985,0.422375,"annual"
"Diagnostic model","Diagnostic model",12,12,"Seed 12",FALSE,FALSE,"annual_f_fmsy","F/FMSY",1986,0.3899,"annual"
"Diagnostic model","Diagnostic model",12,12,"Seed 12",FALSE,FALSE,"annual_f_fmsy","F/FMSY",1987,0.499875,"annual"
"Diagnostic model","Diagnostic model",12,12,"Seed 12",FALSE,FALSE,"annual_f_fmsy","F/FMSY",1988,0.4316,"annual"
"Diagnostic model","Diagnostic model",12,12,"Seed 12",FALSE,FALSE,"annual_f_fmsy","F/FMSY",1989,0.426725,"annual"
"Diagnostic model","Diagnostic model",12,12,"Seed 12",FALSE,FALSE,"annual_f_fmsy","F/FMSY",1990,0.52655,"annual"
"Diagnostic model","Diagnostic model",12,12,"Seed 12",FALSE,FALSE,"annual_f_fmsy","F/FMSY",1991,0.48885,"annual"
"Diagnostic model","Diagnostic model",12,12,"Seed 12",FALSE,FALSE,"annual_f_fmsy","F/FMSY",1992,0.61365,"annual"
"Diagnostic model","Diagnostic model",12,12,"Seed 12",FALSE,FALSE,"annual_f_fmsy","F/FMSY",1993,0.54725,"annual"
"Diagnostic model","Diagnostic model",12,12,"Seed 12",FALSE,FALSE,"annual_f_fmsy","F/FMSY",1994,0.634175,"annual"
"Diagnostic model","Diagnostic model",12,12,"Seed 12",FALSE,FALSE,"annual_f_fmsy","F/FMSY",1995,0.559925,"annual"
"Diagnostic model","Diagnostic model",12,12,"Seed 12",FALSE,FALSE,"annual_f_fmsy","F/FMSY",1996,0.521475,"annual"
"Diagnostic model","Diagnostic model",12,12,"Seed 12",FALSE,FALSE,"annual_f_fmsy","F/FMSY",1997,0.65975,"annual"
"Diagnostic model","Diagnostic model",12,12,"Seed 12",FALSE,FALSE,"annual_f_fmsy","F/FMSY",1998,0.783025,"annual"
"Diagnostic model","Diagnostic model",12,12,"Seed 12",FALSE,FALSE,"annual_f_fmsy","F/FMSY",1999,0.85825,"annual"
"Diagnostic model","Diagnostic model",12,12,"Seed 12",FALSE,FALSE,"annual_f_fmsy","F/FMSY",2000,0.83145,"annual"
"Diagnostic model","Diagnostic model",12,12,"Seed 12",FALSE,FALSE,"annual_f_fmsy","F/FMSY",2001,0.71165,"annual"
"Diagnostic model","Diagnostic model",12,12,"Seed 12",FALSE,FALSE,"annual_f_fmsy","F/FMSY",2002,0.889125,"annual"
"Diagnostic model","Diagnostic model",12,12,"Seed 12",FALSE,FALSE,"annual_f_fmsy","F/FMSY",2003,0.809675,"annual"
"Diagnostic model","Diagnostic model",12,12,"Seed 12",FALSE,FALSE,"annual_f_fmsy","F/FMSY",2004,1.12885,"annual"
"Diagnostic model","Diagnostic model",12,12,"Seed 12",FALSE,FALSE,"annual_f_fmsy","F/FMSY",2005,0.9116,"annual"
"Diagnostic model","Diagnostic model",12,12,"Seed 12",FALSE,FALSE,"annual_f_fmsy","F/FMSY",2006,0.984275,"annual"
"Diagnostic model","Diagnostic model",12,12,"Seed 12",FALSE,FALSE,"annual_f_fmsy","F/FMSY",2007,1.003,"annual"
"Diagnostic model","Diagnostic model",12,12,"Seed 12",FALSE,FALSE,"annual_f_fmsy","F/FMSY",2008,1.072175,"annual"
"Diagnostic model","Diagnostic model",12,12,"Seed 12",FALSE,FALSE,"annual_f_fmsy","F/FMSY",2009,1.0895,"annual"
"Diagnostic model","Diagnostic model",12,12,"Seed 12",FALSE,FALSE,"annual_f_fmsy","F/FMSY",2010,0.907725,"annual"
"Diagnostic model","Diagnostic model",12,12,"Seed 12",FALSE,FALSE,"annual_f_fmsy","F/FMSY",2011,1.130975,"annual"
"Diagnostic model","Diagnostic model",12,12,"Seed 12",FALSE,FALSE,"annual_f_fmsy","F/FMSY",2012,1.1492,"annual"
"Diagnostic model","Diagnostic model",12,12,"Seed 12",FALSE,FALSE,"annual_f_fmsy","F/FMSY",2013,1.038625,"annual"
"Diagnostic model","Diagnostic model",12,12,"Seed 12",FALSE,FALSE,"annual_f_fmsy","F/FMSY",2014,1.116575,"annual"
"Diagnostic model","Diagnostic model",12,12,"Seed 12",FALSE,FALSE,"annual_f_fmsy","F/FMSY",2015,1.008125,"annual"
"Diagnostic model","Diagnostic model",12,12,"Seed 12",FALSE,FALSE,"annual_f_fmsy","F/FMSY",2016,1.0535,"annual"
"Diagnostic model","Diagnostic model",12,12,"Seed 12",FALSE,FALSE,"annual_f_fmsy","F/FMSY",2017,0.8919,"annual"
"Diagnostic model","Diagnostic model",12,12,"Seed 12",FALSE,FALSE,"annual_f_fmsy","F/FMSY",2018,1.03955,"annual"
"Diagnostic model","Diagnostic model",12,12,"Seed 12",FALSE,FALSE,"annual_f_fmsy","F/FMSY",2019,0.9187,"annual"
"Diagnostic model","Diagnostic model",12,12,"Seed 12",FALSE,FALSE,"annual_f_fmsy","F/FMSY",2020,0.975525,"annual"
"Diagnostic model","Diagnostic model",12,12,"Seed 12",FALSE,FALSE,"annual_f_fmsy","F/FMSY",2021,0.974725,"annual"
"Diagnostic model","Diagnostic model",12,12,"Seed 12",FALSE,FALSE,"annual_f_fmsy","F/FMSY",2022,1.07135,"annual"
"Diagnostic model","Diagnostic model",12,12,"Seed 12",FALSE,FALSE,"annual_f_fmsy","F/FMSY",2023,1.167725,"annual"
"Diagnostic model","Diagnostic model",12,12,"Seed 12",FALSE,FALSE,"annual_f_fmsy","F/FMSY",2024,1.29875,"annual"
"Diagnostic model","Diagnostic model",13,13,"Seed 13",FALSE,FALSE,"annual_depletion","SB/SBF=0",1952,0.992705571581685,"annual"
"Diagnostic model","Diagnostic model",13,13,"Seed 13",FALSE,FALSE,"annual_depletion","SB/SBF=0",1953,0.970062973344576,"annual"
"Diagnostic model","Diagnostic model",13,13,"Seed 13",FALSE,FALSE,"annual_depletion","SB/SBF=0",1954,0.956380988652784,"annual"
"Diagnostic model","Diagnostic model",13,13,"Seed 13",FALSE,FALSE,"annual_depletion","SB/SBF=0",1955,0.944983149439084,"annual"
"Diagnostic model","Diagnostic model",13,13,"Seed 13",FALSE,FALSE,"annual_depletion","SB/SBF=0",1956,0.930169684205924,"annual"
"Diagnostic model","Diagnostic model",13,13,"Seed 13",FALSE,FALSE,"annual_depletion","SB/SBF=0",1957,0.91679113885532,"annual"
"Diagnostic model","Diagnostic model",13,13,"Seed 13",FALSE,FALSE,"annual_depletion","SB/SBF=0",1958,0.89257150942387,"annual"
"Diagnostic model","Diagnostic model",13,13,"Seed 13",FALSE,FALSE,"annual_depletion","SB/SBF=0",1959,0.861035971066396,"annual"
"Diagnostic model","Diagnostic model",13,13,"Seed 13",FALSE,FALSE,"annual_depletion","SB/SBF=0",1960,0.835744440219564,"annual"
"Diagnostic model","Diagnostic model",13,13,"Seed 13",FALSE,FALSE,"annual_depletion","SB/SBF=0",1961,0.823932633359734,"annual"
"Diagnostic model","Diagnostic model",13,13,"Seed 13",FALSE,FALSE,"annual_depletion","SB/SBF=0",1962,0.811394710944534,"annual"
"Diagnostic model","Diagnostic model",13,13,"Seed 13",FALSE,FALSE,"annual_depletion","SB/SBF=0",1963,0.799825752700176,"annual"
"Diagnostic model","Diagnostic model",13,13,"Seed 13",FALSE,FALSE,"annual_depletion","SB/SBF=0",1964,0.785495371182264,"annual"
"Diagnostic model","Diagnostic model",13,13,"Seed 13",FALSE,FALSE,"annual_depletion","SB/SBF=0",1965,0.790097835048107,"annual"
"Diagnostic model","Diagnostic model",13,13,"Seed 13",FALSE,FALSE,"annual_depletion","SB/SBF=0",1966,0.795417451501442,"annual"
"Diagnostic model","Diagnostic model",13,13,"Seed 13",FALSE,FALSE,"annual_depletion","SB/SBF=0",1967,0.79034651479907,"annual"
"Diagnostic model","Diagnostic model",13,13,"Seed 13",FALSE,FALSE,"annual_depletion","SB/SBF=0",1968,0.786923268006328,"annual"
"Diagnostic model","Diagnostic model",13,13,"Seed 13",FALSE,FALSE,"annual_depletion","SB/SBF=0",1969,0.791110226799697,"annual"
"Diagnostic model","Diagnostic model",13,13,"Seed 13",FALSE,FALSE,"annual_depletion","SB/SBF=0",1970,0.786291919858796,"annual"
"Diagnostic model","Diagnostic model",13,13,"Seed 13",FALSE,FALSE,"annual_depletion","SB/SBF=0",1971,0.782803865493227,"annual"
"Diagnostic model","Diagnostic model",13,13,"Seed 13",FALSE,FALSE,"annual_depletion","SB/SBF=0",1972,0.778481937342357,"annual"
"Diagnostic model","Diagnostic model",13,13,"Seed 13",FALSE,FALSE,"annual_depletion","SB/SBF=0",1973,0.757698652343416,"annual"
"Diagnostic model","Diagnostic model",13,13,"Seed 13",FALSE,FALSE,"annual_depletion","SB/SBF=0",1974,0.744645310686281,"annual"
"Diagnostic model","Diagnostic model",13,13,"Seed 13",FALSE,FALSE,"annual_depletion","SB/SBF=0",1975,0.730393555298763,"annual"
"Diagnostic model","Diagnostic model",13,13,"Seed 13",FALSE,FALSE,"annual_depletion","SB/SBF=0",1976,0.70390153918169,"annual"
"Diagnostic model","Diagnostic model",13,13,"Seed 13",FALSE,FALSE,"annual_depletion","SB/SBF=0",1977,0.683659822655784,"annual"
"Diagnostic model","Diagnostic model",13,13,"Seed 13",FALSE,FALSE,"annual_depletion","SB/SBF=0",1978,0.675189292810812,"annual"
"Diagnostic model","Diagnostic model",13,13,"Seed 13",FALSE,FALSE,"annual_depletion","SB/SBF=0",1979,0.657550515032437,"annual"
"Diagnostic model","Diagnostic model",13,13,"Seed 13",FALSE,FALSE,"annual_depletion","SB/SBF=0",1980,0.631240195706813,"annual"
"Diagnostic model","Diagnostic model",13,13,"Seed 13",FALSE,FALSE,"annual_depletion","SB/SBF=0",1981,0.607546612879421,"annual"
"Diagnostic model","Diagnostic model",13,13,"Seed 13",FALSE,FALSE,"annual_depletion","SB/SBF=0",1982,0.594960258454788,"annual"
"Diagnostic model","Diagnostic model",13,13,"Seed 13",FALSE,FALSE,"annual_depletion","SB/SBF=0",1983,0.586672853076909,"annual"
"Diagnostic model","Diagnostic model",13,13,"Seed 13",FALSE,FALSE,"annual_depletion","SB/SBF=0",1984,0.582004954649904,"annual"
"Diagnostic model","Diagnostic model",13,13,"Seed 13",FALSE,FALSE,"annual_depletion","SB/SBF=0",1985,0.560852242687124,"annual"
"Diagnostic model","Diagnostic model",13,13,"Seed 13",FALSE,FALSE,"annual_depletion","SB/SBF=0",1986,0.534540147291841,"annual"
"Diagnostic model","Diagnostic model",13,13,"Seed 13",FALSE,FALSE,"annual_depletion","SB/SBF=0",1987,0.517903149856825,"annual"
"Diagnostic model","Diagnostic model",13,13,"Seed 13",FALSE,FALSE,"annual_depletion","SB/SBF=0",1988,0.49772281476776,"annual"
"Diagnostic model","Diagnostic model",13,13,"Seed 13",FALSE,FALSE,"annual_depletion","SB/SBF=0",1989,0.483347550040051,"annual"
"Diagnostic model","Diagnostic model",13,13,"Seed 13",FALSE,FALSE,"annual_depletion","SB/SBF=0",1990,0.477938198339394,"annual"
"Diagnostic model","Diagnostic model",13,13,"Seed 13",FALSE,FALSE,"annual_depletion","SB/SBF=0",1991,0.468269658695584,"annual"
"Diagnostic model","Diagnostic model",13,13,"Seed 13",FALSE,FALSE,"annual_depletion","SB/SBF=0",1992,0.451056717463797,"annual"
"Diagnostic model","Diagnostic model",13,13,"Seed 13",FALSE,FALSE,"annual_depletion","SB/SBF=0",1993,0.422693462223353,"annual"
"Diagnostic model","Diagnostic model",13,13,"Seed 13",FALSE,FALSE,"annual_depletion","SB/SBF=0",1994,0.399211808112191,"annual"
"Diagnostic model","Diagnostic model",13,13,"Seed 13",FALSE,FALSE,"annual_depletion","SB/SBF=0",1995,0.372668194815322,"annual"
"Diagnostic model","Diagnostic model",13,13,"Seed 13",FALSE,FALSE,"annual_depletion","SB/SBF=0",1996,0.364331971565979,"annual"
"Diagnostic model","Diagnostic model",13,13,"Seed 13",FALSE,FALSE,"annual_depletion","SB/SBF=0",1997,0.379725953180908,"annual"
"Diagnostic model","Diagnostic model",13,13,"Seed 13",FALSE,FALSE,"annual_depletion","SB/SBF=0",1998,0.363956949459684,"annual"
"Diagnostic model","Diagnostic model",13,13,"Seed 13",FALSE,FALSE,"annual_depletion","SB/SBF=0",1999,0.339209494428052,"annual"
"Diagnostic model","Diagnostic model",13,13,"Seed 13",FALSE,FALSE,"annual_depletion","SB/SBF=0",2000,0.308447527354883,"annual"
"Diagnostic model","Diagnostic model",13,13,"Seed 13",FALSE,FALSE,"annual_depletion","SB/SBF=0",2001,0.285140962100193,"annual"
"Diagnostic model","Diagnostic model",13,13,"Seed 13",FALSE,FALSE,"annual_depletion","SB/SBF=0",2002,0.271348598336926,"annual"
"Diagnostic model","Diagnostic model",13,13,"Seed 13",FALSE,FALSE,"annual_depletion","SB/SBF=0",2003,0.256438832161137,"annual"
"Diagnostic model","Diagnostic model",13,13,"Seed 13",FALSE,FALSE,"annual_depletion","SB/SBF=0",2004,0.24797570409382,"annual"
"Diagnostic model","Diagnostic model",13,13,"Seed 13",FALSE,FALSE,"annual_depletion","SB/SBF=0",2005,0.226148593893365,"annual"
"Diagnostic model","Diagnostic model",13,13,"Seed 13",FALSE,FALSE,"annual_depletion","SB/SBF=0",2006,0.220244207390067,"annual"
"Diagnostic model","Diagnostic model",13,13,"Seed 13",FALSE,FALSE,"annual_depletion","SB/SBF=0",2007,0.214419102865723,"annual"
"Diagnostic model","Diagnostic model",13,13,"Seed 13",FALSE,FALSE,"annual_depletion","SB/SBF=0",2008,0.205784938581049,"annual"
"Diagnostic model","Diagnostic model",13,13,"Seed 13",FALSE,FALSE,"annual_depletion","SB/SBF=0",2009,0.193599982856361,"annual"
"Diagnostic model","Diagnostic model",13,13,"Seed 13",FALSE,FALSE,"annual_depletion","SB/SBF=0",2010,0.179575041322314,"annual"
"Diagnostic model","Diagnostic model",13,13,"Seed 13",FALSE,FALSE,"annual_depletion","SB/SBF=0",2011,0.178560893504355,"annual"
"Diagnostic model","Diagnostic model",13,13,"Seed 13",FALSE,FALSE,"annual_depletion","SB/SBF=0",2012,0.173208815437748,"annual"
"Diagnostic model","Diagnostic model",13,13,"Seed 13",FALSE,FALSE,"annual_depletion","SB/SBF=0",2013,0.165607436408936,"annual"
"Diagnostic model","Diagnostic model",13,13,"Seed 13",FALSE,FALSE,"annual_depletion","SB/SBF=0",2014,0.16906703479104,"annual"
"Diagnostic model","Diagnostic model",13,13,"Seed 13",FALSE,FALSE,"annual_depletion","SB/SBF=0",2015,0.174990465188045,"annual"
"Diagnostic model","Diagnostic model",13,13,"Seed 13",FALSE,FALSE,"annual_depletion","SB/SBF=0",2016,0.176088582762709,"annual"
"Diagnostic model","Diagnostic model",13,13,"Seed 13",FALSE,FALSE,"annual_depletion","SB/SBF=0",2017,0.173736796536797,"annual"
"Diagnostic model","Diagnostic model",13,13,"Seed 13",FALSE,FALSE,"annual_depletion","SB/SBF=0",2018,0.174093066033751,"annual"
"Diagnostic model","Diagnostic model",13,13,"Seed 13",FALSE,FALSE,"annual_depletion","SB/SBF=0",2019,0.173565609845878,"annual"
"Diagnostic model","Diagnostic model",13,13,"Seed 13",FALSE,FALSE,"annual_depletion","SB/SBF=0",2020,0.177243729973878,"annual"
"Diagnostic model","Diagnostic model",13,13,"Seed 13",FALSE,FALSE,"annual_depletion","SB/SBF=0",2021,0.183910671856667,"annual"
"Diagnostic model","Diagnostic model",13,13,"Seed 13",FALSE,FALSE,"annual_depletion","SB/SBF=0",2022,0.186852907753014,"annual"
"Diagnostic model","Diagnostic model",13,13,"Seed 13",FALSE,FALSE,"annual_depletion","SB/SBF=0",2023,0.181085801590922,"annual"
"Diagnostic model","Diagnostic model",13,13,"Seed 13",FALSE,FALSE,"annual_depletion","SB/SBF=0",2024,0.159174150698712,"annual"
"Diagnostic model","Diagnostic model",13,13,"Seed 13",FALSE,FALSE,"annual_sb_sbmsy","SB/SBMSY",1952,4.8335,"annual"
"Diagnostic model","Diagnostic model",13,13,"Seed 13",FALSE,FALSE,"annual_sb_sbmsy","SB/SBMSY",1953,4.83775,"annual"
"Diagnostic model","Diagnostic model",13,13,"Seed 13",FALSE,FALSE,"annual_sb_sbmsy","SB/SBMSY",1954,4.852,"annual"
"Diagnostic model","Diagnostic model",13,13,"Seed 13",FALSE,FALSE,"annual_sb_sbmsy","SB/SBMSY",1955,4.8465,"annual"
"Diagnostic model","Diagnostic model",13,13,"Seed 13",FALSE,FALSE,"annual_sb_sbmsy","SB/SBMSY",1956,4.8355,"annual"
"Diagnostic model","Diagnostic model",13,13,"Seed 13",FALSE,FALSE,"annual_sb_sbmsy","SB/SBMSY",1957,4.9935,"annual"
"Diagnostic model","Diagnostic model",13,13,"Seed 13",FALSE,FALSE,"annual_sb_sbmsy","SB/SBMSY",1958,4.89925,"annual"
"Diagnostic model","Diagnostic model",13,13,"Seed 13",FALSE,FALSE,"annual_sb_sbmsy","SB/SBMSY",1959,4.495,"annual"
"Diagnostic model","Diagnostic model",13,13,"Seed 13",FALSE,FALSE,"annual_sb_sbmsy","SB/SBMSY",1960,4.0595,"annual"
"Diagnostic model","Diagnostic model",13,13,"Seed 13",FALSE,FALSE,"annual_sb_sbmsy","SB/SBMSY",1961,3.9115,"annual"
"Diagnostic model","Diagnostic model",13,13,"Seed 13",FALSE,FALSE,"annual_sb_sbmsy","SB/SBMSY",1962,3.67025,"annual"
"Diagnostic model","Diagnostic model",13,13,"Seed 13",FALSE,FALSE,"annual_sb_sbmsy","SB/SBMSY",1963,3.4605,"annual"
"Diagnostic model","Diagnostic model",13,13,"Seed 13",FALSE,FALSE,"annual_sb_sbmsy","SB/SBMSY",1964,3.2245,"annual"
"Diagnostic model","Diagnostic model",13,13,"Seed 13",FALSE,FALSE,"annual_sb_sbmsy","SB/SBMSY",1965,3.1405,"annual"
"Diagnostic model","Diagnostic model",13,13,"Seed 13",FALSE,FALSE,"annual_sb_sbmsy","SB/SBMSY",1966,3.1155,"annual"
"Diagnostic model","Diagnostic model",13,13,"Seed 13",FALSE,FALSE,"annual_sb_sbmsy","SB/SBMSY",1967,2.9865,"annual"
"Diagnostic model","Diagnostic model",13,13,"Seed 13",FALSE,FALSE,"annual_sb_sbmsy","SB/SBMSY",1968,2.85025,"annual"
"Diagnostic model","Diagnostic model",13,13,"Seed 13",FALSE,FALSE,"annual_sb_sbmsy","SB/SBMSY",1969,2.86175,"annual"
"Diagnostic model","Diagnostic model",13,13,"Seed 13",FALSE,FALSE,"annual_sb_sbmsy","SB/SBMSY",1970,2.7635,"annual"
"Diagnostic model","Diagnostic model",13,13,"Seed 13",FALSE,FALSE,"annual_sb_sbmsy","SB/SBMSY",1971,2.6805,"annual"
"Diagnostic model","Diagnostic model",13,13,"Seed 13",FALSE,FALSE,"annual_sb_sbmsy","SB/SBMSY",1972,2.67475,"annual"
"Diagnostic model","Diagnostic model",13,13,"Seed 13",FALSE,FALSE,"annual_sb_sbmsy","SB/SBMSY",1973,2.5145,"annual"
"Diagnostic model","Diagnostic model",13,13,"Seed 13",FALSE,FALSE,"annual_sb_sbmsy","SB/SBMSY",1974,2.3815,"annual"
"Diagnostic model","Diagnostic model",13,13,"Seed 13",FALSE,FALSE,"annual_sb_sbmsy","SB/SBMSY",1975,2.299,"annual"
"Diagnostic model","Diagnostic model",13,13,"Seed 13",FALSE,FALSE,"annual_sb_sbmsy","SB/SBMSY",1976,2.16475,"annual"
"Diagnostic model","Diagnostic model",13,13,"Seed 13",FALSE,FALSE,"annual_sb_sbmsy","SB/SBMSY",1977,2.12925,"annual"
"Diagnostic model","Diagnostic model",13,13,"Seed 13",FALSE,FALSE,"annual_sb_sbmsy","SB/SBMSY",1978,2.19175,"annual"
"Diagnostic model","Diagnostic model",13,13,"Seed 13",FALSE,FALSE,"annual_sb_sbmsy","SB/SBMSY",1979,2.14275,"annual"
"Diagnostic model","Diagnostic model",13,13,"Seed 13",FALSE,FALSE,"annual_sb_sbmsy","SB/SBMSY",1980,2.0505,"annual"
"Diagnostic model","Diagnostic model",13,13,"Seed 13",FALSE,FALSE,"annual_sb_sbmsy","SB/SBMSY",1981,1.87175,"annual"
"Diagnostic model","Diagnostic model",13,13,"Seed 13",FALSE,FALSE,"annual_sb_sbmsy","SB/SBMSY",1982,1.7775,"annual"
"Diagnostic model","Diagnostic model",13,13,"Seed 13",FALSE,FALSE,"annual_sb_sbmsy","SB/SBMSY",1983,1.7845,"annual"
"Diagnostic model","Diagnostic model",13,13,"Seed 13",FALSE,FALSE,"annual_sb_sbmsy","SB/SBMSY",1984,1.90475,"annual"
"Diagnostic model","Diagnostic model",13,13,"Seed 13",FALSE,FALSE,"annual_sb_sbmsy","SB/SBMSY",1985,1.96925,"annual"
"Diagnostic model","Diagnostic model",13,13,"Seed 13",FALSE,FALSE,"annual_sb_sbmsy","SB/SBMSY",1986,1.9235,"annual"
"Diagnostic model","Diagnostic model",13,13,"Seed 13",FALSE,FALSE,"annual_sb_sbmsy","SB/SBMSY",1987,1.92725,"annual"
"Diagnostic model","Diagnostic model",13,13,"Seed 13",FALSE,FALSE,"annual_sb_sbmsy","SB/SBMSY",1988,1.94425,"annual"
"Diagnostic model","Diagnostic model",13,13,"Seed 13",FALSE,FALSE,"annual_sb_sbmsy","SB/SBMSY",1989,1.93725,"annual"
"Diagnostic model","Diagnostic model",13,13,"Seed 13",FALSE,FALSE,"annual_sb_sbmsy","SB/SBMSY",1990,2.0565,"annual"
"Diagnostic model","Diagnostic model",13,13,"Seed 13",FALSE,FALSE,"annual_sb_sbmsy","SB/SBMSY",1991,2.12275,"annual"
"Diagnostic model","Diagnostic model",13,13,"Seed 13",FALSE,FALSE,"annual_sb_sbmsy","SB/SBMSY",1992,2.09725,"annual"
"Diagnostic model","Diagnostic model",13,13,"Seed 13",FALSE,FALSE,"annual_sb_sbmsy","SB/SBMSY",1993,1.967,"annual"
"Diagnostic model","Diagnostic model",13,13,"Seed 13",FALSE,FALSE,"annual_sb_sbmsy","SB/SBMSY",1994,1.895,"annual"
"Diagnostic model","Diagnostic model",13,13,"Seed 13",FALSE,FALSE,"annual_sb_sbmsy","SB/SBMSY",1995,1.79225,"annual"
"Diagnostic model","Diagnostic model",13,13,"Seed 13",FALSE,FALSE,"annual_sb_sbmsy","SB/SBMSY",1996,1.73475,"annual"
"Diagnostic model","Diagnostic model",13,13,"Seed 13",FALSE,FALSE,"annual_sb_sbmsy","SB/SBMSY",1997,1.8455,"annual"
"Diagnostic model","Diagnostic model",13,13,"Seed 13",FALSE,FALSE,"annual_sb_sbmsy","SB/SBMSY",1998,1.81475,"annual"
"Diagnostic model","Diagnostic model",13,13,"Seed 13",FALSE,FALSE,"annual_sb_sbmsy","SB/SBMSY",1999,1.7215,"annual"
"Diagnostic model","Diagnostic model",13,13,"Seed 13",FALSE,FALSE,"annual_sb_sbmsy","SB/SBMSY",2000,1.58275,"annual"
"Diagnostic model","Diagnostic model",13,13,"Seed 13",FALSE,FALSE,"annual_sb_sbmsy","SB/SBMSY",2001,1.4755,"annual"
"Diagnostic model","Diagnostic model",13,13,"Seed 13",FALSE,FALSE,"annual_sb_sbmsy","SB/SBMSY",2002,1.44525,"annual"
"Diagnostic model","Diagnostic model",13,13,"Seed 13",FALSE,FALSE,"annual_sb_sbmsy","SB/SBMSY",2003,1.42325,"annual"
"Diagnostic model","Diagnostic model",13,13,"Seed 13",FALSE,FALSE,"annual_sb_sbmsy","SB/SBMSY",2004,1.40225,"annual"
"Diagnostic model","Diagnostic model",13,13,"Seed 13",FALSE,FALSE,"annual_sb_sbmsy","SB/SBMSY",2005,1.27925,"annual"
"Diagnostic model","Diagnostic model",13,13,"Seed 13",FALSE,FALSE,"annual_sb_sbmsy","SB/SBMSY",2006,1.25475,"annual"
"Diagnostic model","Diagnostic model",13,13,"Seed 13",FALSE,FALSE,"annual_sb_sbmsy","SB/SBMSY",2007,1.2455,"annual"
"Diagnostic model","Diagnostic model",13,13,"Seed 13",FALSE,FALSE,"annual_sb_sbmsy","SB/SBMSY",2008,1.199,"annual"
"Diagnostic model","Diagnostic model",13,13,"Seed 13",FALSE,FALSE,"annual_sb_sbmsy","SB/SBMSY",2009,1.1125,"annual"
"Diagnostic model","Diagnostic model",13,13,"Seed 13",FALSE,FALSE,"annual_sb_sbmsy","SB/SBMSY",2010,1.029,"annual"
"Diagnostic model","Diagnostic model",13,13,"Seed 13",FALSE,FALSE,"annual_sb_sbmsy","SB/SBMSY",2011,1.03525,"annual"
"Diagnostic model","Diagnostic model",13,13,"Seed 13",FALSE,FALSE,"annual_sb_sbmsy","SB/SBMSY",2012,1.009,"annual"
"Diagnostic model","Diagnostic model",13,13,"Seed 13",FALSE,FALSE,"annual_sb_sbmsy","SB/SBMSY",2013,0.947475,"annual"
"Diagnostic model","Diagnostic model",13,13,"Seed 13",FALSE,FALSE,"annual_sb_sbmsy","SB/SBMSY",2014,0.97435,"annual"
"Diagnostic model","Diagnostic model",13,13,"Seed 13",FALSE,FALSE,"annual_sb_sbmsy","SB/SBMSY",2015,1.0475,"annual"
"Diagnostic model","Diagnostic model",13,13,"Seed 13",FALSE,FALSE,"annual_sb_sbmsy","SB/SBMSY",2016,1.0745,"annual"
"Diagnostic model","Diagnostic model",13,13,"Seed 13",FALSE,FALSE,"annual_sb_sbmsy","SB/SBMSY",2017,1.045,"annual"
"Diagnostic model","Diagnostic model",13,13,"Seed 13",FALSE,FALSE,"annual_sb_sbmsy","SB/SBMSY",2018,1.03475,"annual"
"Diagnostic model","Diagnostic model",13,13,"Seed 13",FALSE,FALSE,"annual_sb_sbmsy","SB/SBMSY",2019,1.027,"annual"
"Diagnostic model","Diagnostic model",13,13,"Seed 13",FALSE,FALSE,"annual_sb_sbmsy","SB/SBMSY",2020,1.0435,"annual"
"Diagnostic model","Diagnostic model",13,13,"Seed 13",FALSE,FALSE,"annual_sb_sbmsy","SB/SBMSY",2021,1.06575,"annual"
"Diagnostic model","Diagnostic model",13,13,"Seed 13",FALSE,FALSE,"annual_sb_sbmsy","SB/SBMSY",2022,1.06825,"annual"
"Diagnostic model","Diagnostic model",13,13,"Seed 13",FALSE,FALSE,"annual_sb_sbmsy","SB/SBMSY",2023,1.01155,"annual"
"Diagnostic model","Diagnostic model",13,13,"Seed 13",FALSE,FALSE,"annual_sb_sbmsy","SB/SBMSY",2024,0.8707,"annual"
"Diagnostic model","Diagnostic model",13,13,"Seed 13",FALSE,FALSE,"annual_f_fmsy","F/FMSY",1952,0.0815125,"annual"
"Diagnostic model","Diagnostic model",13,13,"Seed 13",FALSE,FALSE,"annual_f_fmsy","F/FMSY",1953,0.0759725,"annual"
"Diagnostic model","Diagnostic model",13,13,"Seed 13",FALSE,FALSE,"annual_f_fmsy","F/FMSY",1954,0.051925,"annual"
"Diagnostic model","Diagnostic model",13,13,"Seed 13",FALSE,FALSE,"annual_f_fmsy","F/FMSY",1955,0.082235,"annual"
"Diagnostic model","Diagnostic model",13,13,"Seed 13",FALSE,FALSE,"annual_f_fmsy","F/FMSY",1956,0.0907925,"annual"
"Diagnostic model","Diagnostic model",13,13,"Seed 13",FALSE,FALSE,"annual_f_fmsy","F/FMSY",1957,0.1213975,"annual"
"Diagnostic model","Diagnostic model",13,13,"Seed 13",FALSE,FALSE,"annual_f_fmsy","F/FMSY",1958,0.180025,"annual"
"Diagnostic model","Diagnostic model",13,13,"Seed 13",FALSE,FALSE,"annual_f_fmsy","F/FMSY",1959,0.166435,"annual"
"Diagnostic model","Diagnostic model",13,13,"Seed 13",FALSE,FALSE,"annual_f_fmsy","F/FMSY",1960,0.16702,"annual"
"Diagnostic model","Diagnostic model",13,13,"Seed 13",FALSE,FALSE,"annual_f_fmsy","F/FMSY",1961,0.1666,"annual"
"Diagnostic model","Diagnostic model",13,13,"Seed 13",FALSE,FALSE,"annual_f_fmsy","F/FMSY",1962,0.161575,"annual"
"Diagnostic model","Diagnostic model",13,13,"Seed 13",FALSE,FALSE,"annual_f_fmsy","F/FMSY",1963,0.2075,"annual"
"Diagnostic model","Diagnostic model",13,13,"Seed 13",FALSE,FALSE,"annual_f_fmsy","F/FMSY",1964,0.1547375,"annual"
"Diagnostic model","Diagnostic model",13,13,"Seed 13",FALSE,FALSE,"annual_f_fmsy","F/FMSY",1965,0.14395,"annual"
"Diagnostic model","Diagnostic model",13,13,"Seed 13",FALSE,FALSE,"annual_f_fmsy","F/FMSY",1966,0.163075,"annual"
"Diagnostic model","Diagnostic model",13,13,"Seed 13",FALSE,FALSE,"annual_f_fmsy","F/FMSY",1967,0.17775,"annual"
"Diagnostic model","Diagnostic model",13,13,"Seed 13",FALSE,FALSE,"annual_f_fmsy","F/FMSY",1968,0.1456,"annual"
"Diagnostic model","Diagnostic model",13,13,"Seed 13",FALSE,FALSE,"annual_f_fmsy","F/FMSY",1969,0.18295,"annual"
"Diagnostic model","Diagnostic model",13,13,"Seed 13",FALSE,FALSE,"annual_f_fmsy","F/FMSY",1970,0.1748,"annual"
"Diagnostic model","Diagnostic model",13,13,"Seed 13",FALSE,FALSE,"annual_f_fmsy","F/FMSY",1971,0.17735,"annual"
"Diagnostic model","Diagnostic model",13,13,"Seed 13",FALSE,FALSE,"annual_f_fmsy","F/FMSY",1972,0.245275,"annual"
"Diagnostic model","Diagnostic model",13,13,"Seed 13",FALSE,FALSE,"annual_f_fmsy","F/FMSY",1973,0.208275,"annual"
"Diagnostic model","Diagnostic model",13,13,"Seed 13",FALSE,FALSE,"annual_f_fmsy","F/FMSY",1974,0.23335,"annual"
"Diagnostic model","Diagnostic model",13,13,"Seed 13",FALSE,FALSE,"annual_f_fmsy","F/FMSY",1975,0.299425,"annual"
"Diagnostic model","Diagnostic model",13,13,"Seed 13",FALSE,FALSE,"annual_f_fmsy","F/FMSY",1976,0.3157,"annual"
"Diagnostic model","Diagnostic model",13,13,"Seed 13",FALSE,FALSE,"annual_f_fmsy","F/FMSY",1977,0.350375,"annual"
"Diagnostic model","Diagnostic model",13,13,"Seed 13",FALSE,FALSE,"annual_f_fmsy","F/FMSY",1978,0.294,"annual"
"Diagnostic model","Diagnostic model",13,13,"Seed 13",FALSE,FALSE,"annual_f_fmsy","F/FMSY",1979,0.3805,"annual"
"Diagnostic model","Diagnostic model",13,13,"Seed 13",FALSE,FALSE,"annual_f_fmsy","F/FMSY",1980,0.388425,"annual"
"Diagnostic model","Diagnostic model",13,13,"Seed 13",FALSE,FALSE,"annual_f_fmsy","F/FMSY",1981,0.36975,"annual"
"Diagnostic model","Diagnostic model",13,13,"Seed 13",FALSE,FALSE,"annual_f_fmsy","F/FMSY",1982,0.427475,"annual"
"Diagnostic model","Diagnostic model",13,13,"Seed 13",FALSE,FALSE,"annual_f_fmsy","F/FMSY",1983,0.41935,"annual"
"Diagnostic model","Diagnostic model",13,13,"Seed 13",FALSE,FALSE,"annual_f_fmsy","F/FMSY",1984,0.453325,"annual"
"Diagnostic model","Diagnostic model",13,13,"Seed 13",FALSE,FALSE,"annual_f_fmsy","F/FMSY",1985,0.473875,"annual"
"Diagnostic model","Diagnostic model",13,13,"Seed 13",FALSE,FALSE,"annual_f_fmsy","F/FMSY",1986,0.434625,"annual"
"Diagnostic model","Diagnostic model",13,13,"Seed 13",FALSE,FALSE,"annual_f_fmsy","F/FMSY",1987,0.553625,"annual"
"Diagnostic model","Diagnostic model",13,13,"Seed 13",FALSE,FALSE,"annual_f_fmsy","F/FMSY",1988,0.479875,"annual"
"Diagnostic model","Diagnostic model",13,13,"Seed 13",FALSE,FALSE,"annual_f_fmsy","F/FMSY",1989,0.4677,"annual"
"Diagnostic model","Diagnostic model",13,13,"Seed 13",FALSE,FALSE,"annual_f_fmsy","F/FMSY",1990,0.5708,"annual"
"Diagnostic model","Diagnostic model",13,13,"Seed 13",FALSE,FALSE,"annual_f_fmsy","F/FMSY",1991,0.528125,"annual"
"Diagnostic model","Diagnostic model",13,13,"Seed 13",FALSE,FALSE,"annual_f_fmsy","F/FMSY",1992,0.666,"annual"
"Diagnostic model","Diagnostic model",13,13,"Seed 13",FALSE,FALSE,"annual_f_fmsy","F/FMSY",1993,0.594825,"annual"
"Diagnostic model","Diagnostic model",13,13,"Seed 13",FALSE,FALSE,"annual_f_fmsy","F/FMSY",1994,0.689625,"annual"
"Diagnostic model","Diagnostic model",13,13,"Seed 13",FALSE,FALSE,"annual_f_fmsy","F/FMSY",1995,0.618025,"annual"
"Diagnostic model","Diagnostic model",13,13,"Seed 13",FALSE,FALSE,"annual_f_fmsy","F/FMSY",1996,0.574975,"annual"
"Diagnostic model","Diagnostic model",13,13,"Seed 13",FALSE,FALSE,"annual_f_fmsy","F/FMSY",1997,0.72175,"annual"
"Diagnostic model","Diagnostic model",13,13,"Seed 13",FALSE,FALSE,"annual_f_fmsy","F/FMSY",1998,0.8603,"annual"
"Diagnostic model","Diagnostic model",13,13,"Seed 13",FALSE,FALSE,"annual_f_fmsy","F/FMSY",1999,0.942425,"annual"
"Diagnostic model","Diagnostic model",13,13,"Seed 13",FALSE,FALSE,"annual_f_fmsy","F/FMSY",2000,0.92785,"annual"
"Diagnostic model","Diagnostic model",13,13,"Seed 13",FALSE,FALSE,"annual_f_fmsy","F/FMSY",2001,0.79455,"annual"
"Diagnostic model","Diagnostic model",13,13,"Seed 13",FALSE,FALSE,"annual_f_fmsy","F/FMSY",2002,0.98745,"annual"
"Diagnostic model","Diagnostic model",13,13,"Seed 13",FALSE,FALSE,"annual_f_fmsy","F/FMSY",2003,0.895,"annual"
"Diagnostic model","Diagnostic model",13,13,"Seed 13",FALSE,FALSE,"annual_f_fmsy","F/FMSY",2004,1.25175,"annual"
"Diagnostic model","Diagnostic model",13,13,"Seed 13",FALSE,FALSE,"annual_f_fmsy","F/FMSY",2005,1.01135,"annual"
"Diagnostic model","Diagnostic model",13,13,"Seed 13",FALSE,FALSE,"annual_f_fmsy","F/FMSY",2006,1.0786,"annual"
"Diagnostic model","Diagnostic model",13,13,"Seed 13",FALSE,FALSE,"annual_f_fmsy","F/FMSY",2007,1.10425,"annual"
"Diagnostic model","Diagnostic model",13,13,"Seed 13",FALSE,FALSE,"annual_f_fmsy","F/FMSY",2008,1.18825,"annual"
"Diagnostic model","Diagnostic model",13,13,"Seed 13",FALSE,FALSE,"annual_f_fmsy","F/FMSY",2009,1.217,"annual"
"Diagnostic model","Diagnostic model",13,13,"Seed 13",FALSE,FALSE,"annual_f_fmsy","F/FMSY",2010,1.003725,"annual"
"Diagnostic model","Diagnostic model",13,13,"Seed 13",FALSE,FALSE,"annual_f_fmsy","F/FMSY",2011,1.242875,"annual"
"Diagnostic model","Diagnostic model",13,13,"Seed 13",FALSE,FALSE,"annual_f_fmsy","F/FMSY",2012,1.27775,"annual"
"Diagnostic model","Diagnostic model",13,13,"Seed 13",FALSE,FALSE,"annual_f_fmsy","F/FMSY",2013,1.160075,"annual"
"Diagnostic model","Diagnostic model",13,13,"Seed 13",FALSE,FALSE,"annual_f_fmsy","F/FMSY",2014,1.24605,"annual"
"Diagnostic model","Diagnostic model",13,13,"Seed 13",FALSE,FALSE,"annual_f_fmsy","F/FMSY",2015,1.132975,"annual"
"Diagnostic model","Diagnostic model",13,13,"Seed 13",FALSE,FALSE,"annual_f_fmsy","F/FMSY",2016,1.18525,"annual"
"Diagnostic model","Diagnostic model",13,13,"Seed 13",FALSE,FALSE,"annual_f_fmsy","F/FMSY",2017,1.002325,"annual"
"Diagnostic model","Diagnostic model",13,13,"Seed 13",FALSE,FALSE,"annual_f_fmsy","F/FMSY",2018,1.15835,"annual"
"Diagnostic model","Diagnostic model",13,13,"Seed 13",FALSE,FALSE,"annual_f_fmsy","F/FMSY",2019,1.026575,"annual"
"Diagnostic model","Diagnostic model",13,13,"Seed 13",FALSE,FALSE,"annual_f_fmsy","F/FMSY",2020,1.084,"annual"
"Diagnostic model","Diagnostic model",13,13,"Seed 13",FALSE,FALSE,"annual_f_fmsy","F/FMSY",2021,1.071625,"annual"
"Diagnostic model","Diagnostic model",13,13,"Seed 13",FALSE,FALSE,"annual_f_fmsy","F/FMSY",2022,1.16495,"annual"
"Diagnostic model","Diagnostic model",13,13,"Seed 13",FALSE,FALSE,"annual_f_fmsy","F/FMSY",2023,1.2795,"annual"
"Diagnostic model","Diagnostic model",13,13,"Seed 13",FALSE,FALSE,"annual_f_fmsy","F/FMSY",2024,1.47175,"annual"
"Diagnostic model","Diagnostic model",14,14,"Seed 14",FALSE,FALSE,"annual_depletion","SB/SBF=0",1952,0.993229376239061,"annual"
"Diagnostic model","Diagnostic model",14,14,"Seed 14",FALSE,FALSE,"annual_depletion","SB/SBF=0",1953,0.972192808472593,"annual"
"Diagnostic model","Diagnostic model",14,14,"Seed 14",FALSE,FALSE,"annual_depletion","SB/SBF=0",1954,0.959456725754162,"annual"
"Diagnostic model","Diagnostic model",14,14,"Seed 14",FALSE,FALSE,"annual_depletion","SB/SBF=0",1955,0.949049534934026,"annual"
"Diagnostic model","Diagnostic model",14,14,"Seed 14",FALSE,FALSE,"annual_depletion","SB/SBF=0",1956,0.935501692343107,"annual"
"Diagnostic model","Diagnostic model",14,14,"Seed 14",FALSE,FALSE,"annual_depletion","SB/SBF=0",1957,0.922697888515441,"annual"
"Diagnostic model","Diagnostic model",14,14,"Seed 14",FALSE,FALSE,"annual_depletion","SB/SBF=0",1958,0.89958204497683,"annual"
"Diagnostic model","Diagnostic model",14,14,"Seed 14",FALSE,FALSE,"annual_depletion","SB/SBF=0",1959,0.869475264470879,"annual"
"Diagnostic model","Diagnostic model",14,14,"Seed 14",FALSE,FALSE,"annual_depletion","SB/SBF=0",1960,0.845292592796867,"annual"
"Diagnostic model","Diagnostic model",14,14,"Seed 14",FALSE,FALSE,"annual_depletion","SB/SBF=0",1961,0.834586932031543,"annual"
"Diagnostic model","Diagnostic model",14,14,"Seed 14",FALSE,FALSE,"annual_depletion","SB/SBF=0",1962,0.823336719795476,"annual"
"Diagnostic model","Diagnostic model",14,14,"Seed 14",FALSE,FALSE,"annual_depletion","SB/SBF=0",1963,0.812698516785042,"annual"
"Diagnostic model","Diagnostic model",14,14,"Seed 14",FALSE,FALSE,"annual_depletion","SB/SBF=0",1964,0.799301836885278,"annual"
"Diagnostic model","Diagnostic model",14,14,"Seed 14",FALSE,FALSE,"annual_depletion","SB/SBF=0",1965,0.803197384647291,"annual"
"Diagnostic model","Diagnostic model",14,14,"Seed 14",FALSE,FALSE,"annual_depletion","SB/SBF=0",1966,0.807565617839886,"annual"
"Diagnostic model","Diagnostic model",14,14,"Seed 14",FALSE,FALSE,"annual_depletion","SB/SBF=0",1967,0.802459887253204,"annual"
"Diagnostic model","Diagnostic model",14,14,"Seed 14",FALSE,FALSE,"annual_depletion","SB/SBF=0",1968,0.79904040018611,"annual"
"Diagnostic model","Diagnostic model",14,14,"Seed 14",FALSE,FALSE,"annual_depletion","SB/SBF=0",1969,0.80306515677123,"annual"
"Diagnostic model","Diagnostic model",14,14,"Seed 14",FALSE,FALSE,"annual_depletion","SB/SBF=0",1970,0.798746049675724,"annual"
"Diagnostic model","Diagnostic model",14,14,"Seed 14",FALSE,FALSE,"annual_depletion","SB/SBF=0",1971,0.795969504579517,"annual"
"Diagnostic model","Diagnostic model",14,14,"Seed 14",FALSE,FALSE,"annual_depletion","SB/SBF=0",1972,0.791351303616048,"annual"
"Diagnostic model","Diagnostic model",14,14,"Seed 14",FALSE,FALSE,"annual_depletion","SB/SBF=0",1973,0.771382497053898,"annual"
"Diagnostic model","Diagnostic model",14,14,"Seed 14",FALSE,FALSE,"annual_depletion","SB/SBF=0",1974,0.75905433583763,"annual"
"Diagnostic model","Diagnostic model",14,14,"Seed 14",FALSE,FALSE,"annual_depletion","SB/SBF=0",1975,0.745598395364386,"annual"
"Diagnostic model","Diagnostic model",14,14,"Seed 14",FALSE,FALSE,"annual_depletion","SB/SBF=0",1976,0.72020026006279,"annual"
"Diagnostic model","Diagnostic model",14,14,"Seed 14",FALSE,FALSE,"annual_depletion","SB/SBF=0",1977,0.700402458274333,"annual"
"Diagnostic model","Diagnostic model",14,14,"Seed 14",FALSE,FALSE,"annual_depletion","SB/SBF=0",1978,0.69215396726144,"annual"
"Diagnostic model","Diagnostic model",14,14,"Seed 14",FALSE,FALSE,"annual_depletion","SB/SBF=0",1979,0.6763150360914,"annual"
"Diagnostic model","Diagnostic model",14,14,"Seed 14",FALSE,FALSE,"annual_depletion","SB/SBF=0",1980,0.651218213695392,"annual"
"Diagnostic model","Diagnostic model",14,14,"Seed 14",FALSE,FALSE,"annual_depletion","SB/SBF=0",1981,0.629170109405856,"annual"
"Diagnostic model","Diagnostic model",14,14,"Seed 14",FALSE,FALSE,"annual_depletion","SB/SBF=0",1982,0.618294706482191,"annual"
"Diagnostic model","Diagnostic model",14,14,"Seed 14",FALSE,FALSE,"annual_depletion","SB/SBF=0",1983,0.610543574146294,"annual"
"Diagnostic model","Diagnostic model",14,14,"Seed 14",FALSE,FALSE,"annual_depletion","SB/SBF=0",1984,0.605885516434593,"annual"
"Diagnostic model","Diagnostic model",14,14,"Seed 14",FALSE,FALSE,"annual_depletion","SB/SBF=0",1985,0.585212519430237,"annual"
"Diagnostic model","Diagnostic model",14,14,"Seed 14",FALSE,FALSE,"annual_depletion","SB/SBF=0",1986,0.559415601714073,"annual"
"Diagnostic model","Diagnostic model",14,14,"Seed 14",FALSE,FALSE,"annual_depletion","SB/SBF=0",1987,0.541409997537552,"annual"
"Diagnostic model","Diagnostic model",14,14,"Seed 14",FALSE,FALSE,"annual_depletion","SB/SBF=0",1988,0.520813102364579,"annual"
"Diagnostic model","Diagnostic model",14,14,"Seed 14",FALSE,FALSE,"annual_depletion","SB/SBF=0",1989,0.506034607979895,"annual"
"Diagnostic model","Diagnostic model",14,14,"Seed 14",FALSE,FALSE,"annual_depletion","SB/SBF=0",1990,0.49839958409464,"annual"
"Diagnostic model","Diagnostic model",14,14,"Seed 14",FALSE,FALSE,"annual_depletion","SB/SBF=0",1991,0.487025573277394,"annual"
"Diagnostic model","Diagnostic model",14,14,"Seed 14",FALSE,FALSE,"annual_depletion","SB/SBF=0",1992,0.469313756795457,"annual"
"Diagnostic model","Diagnostic model",14,14,"Seed 14",FALSE,FALSE,"annual_depletion","SB/SBF=0",1993,0.441642384797508,"annual"
"Diagnostic model","Diagnostic model",14,14,"Seed 14",FALSE,FALSE,"annual_depletion","SB/SBF=0",1994,0.418237944860377,"annual"
"Diagnostic model","Diagnostic model",14,14,"Seed 14",FALSE,FALSE,"annual_depletion","SB/SBF=0",1995,0.391464323593232,"annual"
"Diagnostic model","Diagnostic model",14,14,"Seed 14",FALSE,FALSE,"annual_depletion","SB/SBF=0",1996,0.383074595112301,"annual"
"Diagnostic model","Diagnostic model",14,14,"Seed 14",FALSE,FALSE,"annual_depletion","SB/SBF=0",1997,0.398378518440322,"annual"
"Diagnostic model","Diagnostic model",14,14,"Seed 14",FALSE,FALSE,"annual_depletion","SB/SBF=0",1998,0.382559533300194,"annual"
"Diagnostic model","Diagnostic model",14,14,"Seed 14",FALSE,FALSE,"annual_depletion","SB/SBF=0",1999,0.358302965569239,"annual"
"Diagnostic model","Diagnostic model",14,14,"Seed 14",FALSE,FALSE,"annual_depletion","SB/SBF=0",2000,0.327346966470991,"annual"
"Diagnostic model","Diagnostic model",14,14,"Seed 14",FALSE,FALSE,"annual_depletion","SB/SBF=0",2001,0.304631839589529,"annual"
"Diagnostic model","Diagnostic model",14,14,"Seed 14",FALSE,FALSE,"annual_depletion","SB/SBF=0",2002,0.290556434613206,"annual"
"Diagnostic model","Diagnostic model",14,14,"Seed 14",FALSE,FALSE,"annual_depletion","SB/SBF=0",2003,0.274092271946834,"annual"
"Diagnostic model","Diagnostic model",14,14,"Seed 14",FALSE,FALSE,"annual_depletion","SB/SBF=0",2004,0.263781237769039,"annual"
"Diagnostic model","Diagnostic model",14,14,"Seed 14",FALSE,FALSE,"annual_depletion","SB/SBF=0",2005,0.241539986392615,"annual"
"Diagnostic model","Diagnostic model",14,14,"Seed 14",FALSE,FALSE,"annual_depletion","SB/SBF=0",2006,0.234763693757409,"annual"
"Diagnostic model","Diagnostic model",14,14,"Seed 14",FALSE,FALSE,"annual_depletion","SB/SBF=0",2007,0.228367350627032,"annual"
"Diagnostic model","Diagnostic model",14,14,"Seed 14",FALSE,FALSE,"annual_depletion","SB/SBF=0",2008,0.219237687830505,"annual"
"Diagnostic model","Diagnostic model",14,14,"Seed 14",FALSE,FALSE,"annual_depletion","SB/SBF=0",2009,0.207333444453704,"annual"
"Diagnostic model","Diagnostic model",14,14,"Seed 14",FALSE,FALSE,"annual_depletion","SB/SBF=0",2010,0.193505775621784,"annual"
"Diagnostic model","Diagnostic model",14,14,"Seed 14",FALSE,FALSE,"annual_depletion","SB/SBF=0",2011,0.191712573420404,"annual"
"Diagnostic model","Diagnostic model",14,14,"Seed 14",FALSE,FALSE,"annual_depletion","SB/SBF=0",2012,0.185210111513358,"annual"
"Diagnostic model","Diagnostic model",14,14,"Seed 14",FALSE,FALSE,"annual_depletion","SB/SBF=0",2013,0.176864557519595,"annual"
"Diagnostic model","Diagnostic model",14,14,"Seed 14",FALSE,FALSE,"annual_depletion","SB/SBF=0",2014,0.180361125916223,"annual"
"Diagnostic model","Diagnostic model",14,14,"Seed 14",FALSE,FALSE,"annual_depletion","SB/SBF=0",2015,0.186939867873274,"annual"
"Diagnostic model","Diagnostic model",14,14,"Seed 14",FALSE,FALSE,"annual_depletion","SB/SBF=0",2016,0.188551061492549,"annual"
"Diagnostic model","Diagnostic model",14,14,"Seed 14",FALSE,FALSE,"annual_depletion","SB/SBF=0",2017,0.186603170365851,"annual"
"Diagnostic model","Diagnostic model",14,14,"Seed 14",FALSE,FALSE,"annual_depletion","SB/SBF=0",2018,0.186518944329393,"annual"
"Diagnostic model","Diagnostic model",14,14,"Seed 14",FALSE,FALSE,"annual_depletion","SB/SBF=0",2019,0.18537917929576,"annual"
"Diagnostic model","Diagnostic model",14,14,"Seed 14",FALSE,FALSE,"annual_depletion","SB/SBF=0",2020,0.188671647670443,"annual"
"Diagnostic model","Diagnostic model",14,14,"Seed 14",FALSE,FALSE,"annual_depletion","SB/SBF=0",2021,0.195636166828156,"annual"
"Diagnostic model","Diagnostic model",14,14,"Seed 14",FALSE,FALSE,"annual_depletion","SB/SBF=0",2022,0.198539459798827,"annual"
"Diagnostic model","Diagnostic model",14,14,"Seed 14",FALSE,FALSE,"annual_depletion","SB/SBF=0",2023,0.192584174034013,"annual"
"Diagnostic model","Diagnostic model",14,14,"Seed 14",FALSE,FALSE,"annual_depletion","SB/SBF=0",2024,0.171501533067462,"annual"
"Diagnostic model","Diagnostic model",14,14,"Seed 14",FALSE,FALSE,"annual_sb_sbmsy","SB/SBMSY",1952,5.26225,"annual"
"Diagnostic model","Diagnostic model",14,14,"Seed 14",FALSE,FALSE,"annual_sb_sbmsy","SB/SBMSY",1953,5.282,"annual"
"Diagnostic model","Diagnostic model",14,14,"Seed 14",FALSE,FALSE,"annual_sb_sbmsy","SB/SBMSY",1954,5.30925,"annual"
"Diagnostic model","Diagnostic model",14,14,"Seed 14",FALSE,FALSE,"annual_sb_sbmsy","SB/SBMSY",1955,5.33875,"annual"
"Diagnostic model","Diagnostic model",14,14,"Seed 14",FALSE,FALSE,"annual_sb_sbmsy","SB/SBMSY",1956,5.3405,"annual"
"Diagnostic model","Diagnostic model",14,14,"Seed 14",FALSE,FALSE,"annual_sb_sbmsy","SB/SBMSY",1957,5.5105,"annual"
"Diagnostic model","Diagnostic model",14,14,"Seed 14",FALSE,FALSE,"annual_sb_sbmsy","SB/SBMSY",1958,5.39475,"annual"
"Diagnostic model","Diagnostic model",14,14,"Seed 14",FALSE,FALSE,"annual_sb_sbmsy","SB/SBMSY",1959,4.95,"annual"
"Diagnostic model","Diagnostic model",14,14,"Seed 14",FALSE,FALSE,"annual_sb_sbmsy","SB/SBMSY",1960,4.4755,"annual"
"Diagnostic model","Diagnostic model",14,14,"Seed 14",FALSE,FALSE,"annual_sb_sbmsy","SB/SBMSY",1961,4.327,"annual"
"Diagnostic model","Diagnostic model",14,14,"Seed 14",FALSE,FALSE,"annual_sb_sbmsy","SB/SBMSY",1962,4.07825,"annual"
"Diagnostic model","Diagnostic model",14,14,"Seed 14",FALSE,FALSE,"annual_sb_sbmsy","SB/SBMSY",1963,3.8605,"annual"
"Diagnostic model","Diagnostic model",14,14,"Seed 14",FALSE,FALSE,"annual_sb_sbmsy","SB/SBMSY",1964,3.6065,"annual"
"Diagnostic model","Diagnostic model",14,14,"Seed 14",FALSE,FALSE,"annual_sb_sbmsy","SB/SBMSY",1965,3.50575,"annual"
"Diagnostic model","Diagnostic model",14,14,"Seed 14",FALSE,FALSE,"annual_sb_sbmsy","SB/SBMSY",1966,3.46525,"annual"
"Diagnostic model","Diagnostic model",14,14,"Seed 14",FALSE,FALSE,"annual_sb_sbmsy","SB/SBMSY",1967,3.316,"annual"
"Diagnostic model","Diagnostic model",14,14,"Seed 14",FALSE,FALSE,"annual_sb_sbmsy","SB/SBMSY",1968,3.1595,"annual"
"Diagnostic model","Diagnostic model",14,14,"Seed 14",FALSE,FALSE,"annual_sb_sbmsy","SB/SBMSY",1969,3.1705,"annual"
"Diagnostic model","Diagnostic model",14,14,"Seed 14",FALSE,FALSE,"annual_sb_sbmsy","SB/SBMSY",1970,3.063,"annual"
"Diagnostic model","Diagnostic model",14,14,"Seed 14",FALSE,FALSE,"annual_sb_sbmsy","SB/SBMSY",1971,2.97775,"annual"
"Diagnostic model","Diagnostic model",14,14,"Seed 14",FALSE,FALSE,"annual_sb_sbmsy","SB/SBMSY",1972,2.966,"annual"
"Diagnostic model","Diagnostic model",14,14,"Seed 14",FALSE,FALSE,"annual_sb_sbmsy","SB/SBMSY",1973,2.78425,"annual"
"Diagnostic model","Diagnostic model",14,14,"Seed 14",FALSE,FALSE,"annual_sb_sbmsy","SB/SBMSY",1974,2.633,"annual"
"Diagnostic model","Diagnostic model",14,14,"Seed 14",FALSE,FALSE,"annual_sb_sbmsy","SB/SBMSY",1975,2.54,"annual"
"Diagnostic model","Diagnostic model",14,14,"Seed 14",FALSE,FALSE,"annual_sb_sbmsy","SB/SBMSY",1976,2.39375,"annual"
"Diagnostic model","Diagnostic model",14,14,"Seed 14",FALSE,FALSE,"annual_sb_sbmsy","SB/SBMSY",1977,2.34975,"annual"
"Diagnostic model","Diagnostic model",14,14,"Seed 14",FALSE,FALSE,"annual_sb_sbmsy","SB/SBMSY",1978,2.4135,"annual"
"Diagnostic model","Diagnostic model",14,14,"Seed 14",FALSE,FALSE,"annual_sb_sbmsy","SB/SBMSY",1979,2.3685,"annual"
"Diagnostic model","Diagnostic model",14,14,"Seed 14",FALSE,FALSE,"annual_sb_sbmsy","SB/SBMSY",1980,2.274,"annual"
"Diagnostic model","Diagnostic model",14,14,"Seed 14",FALSE,FALSE,"annual_sb_sbmsy","SB/SBMSY",1981,2.09025,"annual"
"Diagnostic model","Diagnostic model",14,14,"Seed 14",FALSE,FALSE,"annual_sb_sbmsy","SB/SBMSY",1982,1.995,"annual"
"Diagnostic model","Diagnostic model",14,14,"Seed 14",FALSE,FALSE,"annual_sb_sbmsy","SB/SBMSY",1983,2.001,"annual"
"Diagnostic model","Diagnostic model",14,14,"Seed 14",FALSE,FALSE,"annual_sb_sbmsy","SB/SBMSY",1984,2.1275,"annual"
"Diagnostic model","Diagnostic model",14,14,"Seed 14",FALSE,FALSE,"annual_sb_sbmsy","SB/SBMSY",1985,2.19525,"annual"
"Diagnostic model","Diagnostic model",14,14,"Seed 14",FALSE,FALSE,"annual_sb_sbmsy","SB/SBMSY",1986,2.1465,"annual"
"Diagnostic model","Diagnostic model",14,14,"Seed 14",FALSE,FALSE,"annual_sb_sbmsy","SB/SBMSY",1987,2.14025,"annual"
"Diagnostic model","Diagnostic model",14,14,"Seed 14",FALSE,FALSE,"annual_sb_sbmsy","SB/SBMSY",1988,2.15175,"annual"
"Diagnostic model","Diagnostic model",14,14,"Seed 14",FALSE,FALSE,"annual_sb_sbmsy","SB/SBMSY",1989,2.13625,"annual"
"Diagnostic model","Diagnostic model",14,14,"Seed 14",FALSE,FALSE,"annual_sb_sbmsy","SB/SBMSY",1990,2.249,"annual"
"Diagnostic model","Diagnostic model",14,14,"Seed 14",FALSE,FALSE,"annual_sb_sbmsy","SB/SBMSY",1991,2.30725,"annual"
"Diagnostic model","Diagnostic model",14,14,"Seed 14",FALSE,FALSE,"annual_sb_sbmsy","SB/SBMSY",1992,2.27475,"annual"
"Diagnostic model","Diagnostic model",14,14,"Seed 14",FALSE,FALSE,"annual_sb_sbmsy","SB/SBMSY",1993,2.14075,"annual"
"Diagnostic model","Diagnostic model",14,14,"Seed 14",FALSE,FALSE,"annual_sb_sbmsy","SB/SBMSY",1994,2.06525,"annual"
"Diagnostic model","Diagnostic model",14,14,"Seed 14",FALSE,FALSE,"annual_sb_sbmsy","SB/SBMSY",1995,1.95825,"annual"
"Diagnostic model","Diagnostic model",14,14,"Seed 14",FALSE,FALSE,"annual_sb_sbmsy","SB/SBMSY",1996,1.9,"annual"
"Diagnostic model","Diagnostic model",14,14,"Seed 14",FALSE,FALSE,"annual_sb_sbmsy","SB/SBMSY",1997,2.02025,"annual"
"Diagnostic model","Diagnostic model",14,14,"Seed 14",FALSE,FALSE,"annual_sb_sbmsy","SB/SBMSY",1998,1.985,"annual"
"Diagnostic model","Diagnostic model",14,14,"Seed 14",FALSE,FALSE,"annual_sb_sbmsy","SB/SBMSY",1999,1.88725,"annual"
"Diagnostic model","Diagnostic model",14,14,"Seed 14",FALSE,FALSE,"annual_sb_sbmsy","SB/SBMSY",2000,1.7375,"annual"
"Diagnostic model","Diagnostic model",14,14,"Seed 14",FALSE,FALSE,"annual_sb_sbmsy","SB/SBMSY",2001,1.62625,"annual"
"Diagnostic model","Diagnostic model",14,14,"Seed 14",FALSE,FALSE,"annual_sb_sbmsy","SB/SBMSY",2002,1.59275,"annual"
"Diagnostic model","Diagnostic model",14,14,"Seed 14",FALSE,FALSE,"annual_sb_sbmsy","SB/SBMSY",2003,1.56175,"annual"
"Diagnostic model","Diagnostic model",14,14,"Seed 14",FALSE,FALSE,"annual_sb_sbmsy","SB/SBMSY",2004,1.52825,"annual"
"Diagnostic model","Diagnostic model",14,14,"Seed 14",FALSE,FALSE,"annual_sb_sbmsy","SB/SBMSY",2005,1.3995,"annual"
"Diagnostic model","Diagnostic model",14,14,"Seed 14",FALSE,FALSE,"annual_sb_sbmsy","SB/SBMSY",2006,1.36675,"annual"
"Diagnostic model","Diagnostic model",14,14,"Seed 14",FALSE,FALSE,"annual_sb_sbmsy","SB/SBMSY",2007,1.353,"annual"
"Diagnostic model","Diagnostic model",14,14,"Seed 14",FALSE,FALSE,"annual_sb_sbmsy","SB/SBMSY",2008,1.299,"annual"
"Diagnostic model","Diagnostic model",14,14,"Seed 14",FALSE,FALSE,"annual_sb_sbmsy","SB/SBMSY",2009,1.211,"annual"
"Diagnostic model","Diagnostic model",14,14,"Seed 14",FALSE,FALSE,"annual_sb_sbmsy","SB/SBMSY",2010,1.12425,"annual"
"Diagnostic model","Diagnostic model",14,14,"Seed 14",FALSE,FALSE,"annual_sb_sbmsy","SB/SBMSY",2011,1.12525,"annual"
"Diagnostic model","Diagnostic model",14,14,"Seed 14",FALSE,FALSE,"annual_sb_sbmsy","SB/SBMSY",2012,1.0915,"annual"
"Diagnostic model","Diagnostic model",14,14,"Seed 14",FALSE,FALSE,"annual_sb_sbmsy","SB/SBMSY",2013,1.02425,"annual"
"Diagnostic model","Diagnostic model",14,14,"Seed 14",FALSE,FALSE,"annual_sb_sbmsy","SB/SBMSY",2014,1.051,"annual"
"Diagnostic model","Diagnostic model",14,14,"Seed 14",FALSE,FALSE,"annual_sb_sbmsy","SB/SBMSY",2015,1.132,"annual"
"Diagnostic model","Diagnostic model",14,14,"Seed 14",FALSE,FALSE,"annual_sb_sbmsy","SB/SBMSY",2016,1.168,"annual"
"Diagnostic model","Diagnostic model",14,14,"Seed 14",FALSE,FALSE,"annual_sb_sbmsy","SB/SBMSY",2017,1.14325,"annual"
"Diagnostic model","Diagnostic model",14,14,"Seed 14",FALSE,FALSE,"annual_sb_sbmsy","SB/SBMSY",2018,1.13,"annual"
"Diagnostic model","Diagnostic model",14,14,"Seed 14",FALSE,FALSE,"annual_sb_sbmsy","SB/SBMSY",2019,1.1185,"annual"
"Diagnostic model","Diagnostic model",14,14,"Seed 14",FALSE,FALSE,"annual_sb_sbmsy","SB/SBMSY",2020,1.133,"annual"
"Diagnostic model","Diagnostic model",14,14,"Seed 14",FALSE,FALSE,"annual_sb_sbmsy","SB/SBMSY",2021,1.1575,"annual"
"Diagnostic model","Diagnostic model",14,14,"Seed 14",FALSE,FALSE,"annual_sb_sbmsy","SB/SBMSY",2022,1.1575,"annual"
"Diagnostic model","Diagnostic model",14,14,"Seed 14",FALSE,FALSE,"annual_sb_sbmsy","SB/SBMSY",2023,1.09725,"annual"
"Diagnostic model","Diagnostic model",14,14,"Seed 14",FALSE,FALSE,"annual_sb_sbmsy","SB/SBMSY",2024,0.956075,"annual"
"Diagnostic model","Diagnostic model",14,14,"Seed 14",FALSE,FALSE,"annual_f_fmsy","F/FMSY",1952,0.074415,"annual"
"Diagnostic model","Diagnostic model",14,14,"Seed 14",FALSE,FALSE,"annual_f_fmsy","F/FMSY",1953,0.069095,"annual"
"Diagnostic model","Diagnostic model",14,14,"Seed 14",FALSE,FALSE,"annual_f_fmsy","F/FMSY",1954,0.04681,"annual"
"Diagnostic model","Diagnostic model",14,14,"Seed 14",FALSE,FALSE,"annual_f_fmsy","F/FMSY",1955,0.074335,"annual"
"Diagnostic model","Diagnostic model",14,14,"Seed 14",FALSE,FALSE,"annual_f_fmsy","F/FMSY",1956,0.0822425,"annual"
"Diagnostic model","Diagnostic model",14,14,"Seed 14",FALSE,FALSE,"annual_f_fmsy","F/FMSY",1957,0.1113975,"annual"
"Diagnostic model","Diagnostic model",14,14,"Seed 14",FALSE,FALSE,"annual_f_fmsy","F/FMSY",1958,0.1651425,"annual"
"Diagnostic model","Diagnostic model",14,14,"Seed 14",FALSE,FALSE,"annual_f_fmsy","F/FMSY",1959,0.152535,"annual"
"Diagnostic model","Diagnostic model",14,14,"Seed 14",FALSE,FALSE,"annual_f_fmsy","F/FMSY",1960,0.15184,"annual"
"Diagnostic model","Diagnostic model",14,14,"Seed 14",FALSE,FALSE,"annual_f_fmsy","F/FMSY",1961,0.150025,"annual"
"Diagnostic model","Diagnostic model",14,14,"Seed 14",FALSE,FALSE,"annual_f_fmsy","F/FMSY",1962,0.1452,"annual"
"Diagnostic model","Diagnostic model",14,14,"Seed 14",FALSE,FALSE,"annual_f_fmsy","F/FMSY",1963,0.1874,"annual"
"Diagnostic model","Diagnostic model",14,14,"Seed 14",FALSE,FALSE,"annual_f_fmsy","F/FMSY",1964,0.1396325,"annual"
"Diagnostic model","Diagnostic model",14,14,"Seed 14",FALSE,FALSE,"annual_f_fmsy","F/FMSY",1965,0.130975,"annual"
"Diagnostic model","Diagnostic model",14,14,"Seed 14",FALSE,FALSE,"annual_f_fmsy","F/FMSY",1966,0.148475,"annual"
"Diagnostic model","Diagnostic model",14,14,"Seed 14",FALSE,FALSE,"annual_f_fmsy","F/FMSY",1967,0.1613,"annual"
"Diagnostic model","Diagnostic model",14,14,"Seed 14",FALSE,FALSE,"annual_f_fmsy","F/FMSY",1968,0.1323,"annual"
"Diagnostic model","Diagnostic model",14,14,"Seed 14",FALSE,FALSE,"annual_f_fmsy","F/FMSY",1969,0.16575,"annual"
"Diagnostic model","Diagnostic model",14,14,"Seed 14",FALSE,FALSE,"annual_f_fmsy","F/FMSY",1970,0.157825,"annual"
"Diagnostic model","Diagnostic model",14,14,"Seed 14",FALSE,FALSE,"annual_f_fmsy","F/FMSY",1971,0.1614,"annual"
"Diagnostic model","Diagnostic model",14,14,"Seed 14",FALSE,FALSE,"annual_f_fmsy","F/FMSY",1972,0.223975,"annual"
"Diagnostic model","Diagnostic model",14,14,"Seed 14",FALSE,FALSE,"annual_f_fmsy","F/FMSY",1973,0.189925,"annual"
"Diagnostic model","Diagnostic model",14,14,"Seed 14",FALSE,FALSE,"annual_f_fmsy","F/FMSY",1974,0.213275,"annual"
"Diagnostic model","Diagnostic model",14,14,"Seed 14",FALSE,FALSE,"annual_f_fmsy","F/FMSY",1975,0.27205,"annual"
"Diagnostic model","Diagnostic model",14,14,"Seed 14",FALSE,FALSE,"annual_f_fmsy","F/FMSY",1976,0.288425,"annual"
"Diagnostic model","Diagnostic model",14,14,"Seed 14",FALSE,FALSE,"annual_f_fmsy","F/FMSY",1977,0.32115,"annual"
"Diagnostic model","Diagnostic model",14,14,"Seed 14",FALSE,FALSE,"annual_f_fmsy","F/FMSY",1978,0.26795,"annual"
"Diagnostic model","Diagnostic model",14,14,"Seed 14",FALSE,FALSE,"annual_f_fmsy","F/FMSY",1979,0.347125,"annual"
"Diagnostic model","Diagnostic model",14,14,"Seed 14",FALSE,FALSE,"annual_f_fmsy","F/FMSY",1980,0.35135,"annual"
"Diagnostic model","Diagnostic model",14,14,"Seed 14",FALSE,FALSE,"annual_f_fmsy","F/FMSY",1981,0.332175,"annual"
"Diagnostic model","Diagnostic model",14,14,"Seed 14",FALSE,FALSE,"annual_f_fmsy","F/FMSY",1982,0.38415,"annual"
"Diagnostic model","Diagnostic model",14,14,"Seed 14",FALSE,FALSE,"annual_f_fmsy","F/FMSY",1983,0.379325,"annual"
"Diagnostic model","Diagnostic model",14,14,"Seed 14",FALSE,FALSE,"annual_f_fmsy","F/FMSY",1984,0.411975,"annual"
"Diagnostic model","Diagnostic model",14,14,"Seed 14",FALSE,FALSE,"annual_f_fmsy","F/FMSY",1985,0.430225,"annual"
"Diagnostic model","Diagnostic model",14,14,"Seed 14",FALSE,FALSE,"annual_f_fmsy","F/FMSY",1986,0.396075,"annual"
"Diagnostic model","Diagnostic model",14,14,"Seed 14",FALSE,FALSE,"annual_f_fmsy","F/FMSY",1987,0.5073,"annual"
"Diagnostic model","Diagnostic model",14,14,"Seed 14",FALSE,FALSE,"annual_f_fmsy","F/FMSY",1988,0.43935,"annual"
"Diagnostic model","Diagnostic model",14,14,"Seed 14",FALSE,FALSE,"annual_f_fmsy","F/FMSY",1989,0.4329,"annual"
"Diagnostic model","Diagnostic model",14,14,"Seed 14",FALSE,FALSE,"annual_f_fmsy","F/FMSY",1990,0.531425,"annual"
"Diagnostic model","Diagnostic model",14,14,"Seed 14",FALSE,FALSE,"annual_f_fmsy","F/FMSY",1991,0.49125,"annual"
"Diagnostic model","Diagnostic model",14,14,"Seed 14",FALSE,FALSE,"annual_f_fmsy","F/FMSY",1992,0.617525,"annual"
"Diagnostic model","Diagnostic model",14,14,"Seed 14",FALSE,FALSE,"annual_f_fmsy","F/FMSY",1993,0.550975,"annual"
"Diagnostic model","Diagnostic model",14,14,"Seed 14",FALSE,FALSE,"annual_f_fmsy","F/FMSY",1994,0.639525,"annual"
"Diagnostic model","Diagnostic model",14,14,"Seed 14",FALSE,FALSE,"annual_f_fmsy","F/FMSY",1995,0.5673,"annual"
"Diagnostic model","Diagnostic model",14,14,"Seed 14",FALSE,FALSE,"annual_f_fmsy","F/FMSY",1996,0.52935,"annual"
"Diagnostic model","Diagnostic model",14,14,"Seed 14",FALSE,FALSE,"annual_f_fmsy","F/FMSY",1997,0.668875,"annual"
"Diagnostic model","Diagnostic model",14,14,"Seed 14",FALSE,FALSE,"annual_f_fmsy","F/FMSY",1998,0.7965,"annual"
"Diagnostic model","Diagnostic model",14,14,"Seed 14",FALSE,FALSE,"annual_f_fmsy","F/FMSY",1999,0.873,"annual"
"Diagnostic model","Diagnostic model",14,14,"Seed 14",FALSE,FALSE,"annual_f_fmsy","F/FMSY",2000,0.852275,"annual"
"Diagnostic model","Diagnostic model",14,14,"Seed 14",FALSE,FALSE,"annual_f_fmsy","F/FMSY",2001,0.731575,"annual"
"Diagnostic model","Diagnostic model",14,14,"Seed 14",FALSE,FALSE,"annual_f_fmsy","F/FMSY",2002,0.915075,"annual"
"Diagnostic model","Diagnostic model",14,14,"Seed 14",FALSE,FALSE,"annual_f_fmsy","F/FMSY",2003,0.833,"annual"
"Diagnostic model","Diagnostic model",14,14,"Seed 14",FALSE,FALSE,"annual_f_fmsy","F/FMSY",2004,1.163075,"annual"
"Diagnostic model","Diagnostic model",14,14,"Seed 14",FALSE,FALSE,"annual_f_fmsy","F/FMSY",2005,0.93965,"annual"
"Diagnostic model","Diagnostic model",14,14,"Seed 14",FALSE,FALSE,"annual_f_fmsy","F/FMSY",2006,1.009425,"annual"
"Diagnostic model","Diagnostic model",14,14,"Seed 14",FALSE,FALSE,"annual_f_fmsy","F/FMSY",2007,1.031675,"annual"
"Diagnostic model","Diagnostic model",14,14,"Seed 14",FALSE,FALSE,"annual_f_fmsy","F/FMSY",2008,1.1085,"annual"
"Diagnostic model","Diagnostic model",14,14,"Seed 14",FALSE,FALSE,"annual_f_fmsy","F/FMSY",2009,1.12835,"annual"
"Diagnostic model","Diagnostic model",14,14,"Seed 14",FALSE,FALSE,"annual_f_fmsy","F/FMSY",2010,0.936775,"annual"
"Diagnostic model","Diagnostic model",14,14,"Seed 14",FALSE,FALSE,"annual_f_fmsy","F/FMSY",2011,1.1653,"annual"
"Diagnostic model","Diagnostic model",14,14,"Seed 14",FALSE,FALSE,"annual_f_fmsy","F/FMSY",2012,1.192275,"annual"
"Diagnostic model","Diagnostic model",14,14,"Seed 14",FALSE,FALSE,"annual_f_fmsy","F/FMSY",2013,1.0815,"annual"
"Diagnostic model","Diagnostic model",14,14,"Seed 14",FALSE,FALSE,"annual_f_fmsy","F/FMSY",2014,1.162775,"annual"
"Diagnostic model","Diagnostic model",14,14,"Seed 14",FALSE,FALSE,"annual_f_fmsy","F/FMSY",2015,1.052125,"annual"
"Diagnostic model","Diagnostic model",14,14,"Seed 14",FALSE,FALSE,"annual_f_fmsy","F/FMSY",2016,1.098725,"annual"
"Diagnostic model","Diagnostic model",14,14,"Seed 14",FALSE,FALSE,"annual_f_fmsy","F/FMSY",2017,0.929025,"annual"
"Diagnostic model","Diagnostic model",14,14,"Seed 14",FALSE,FALSE,"annual_f_fmsy","F/FMSY",2018,1.078725,"annual"
"Diagnostic model","Diagnostic model",14,14,"Seed 14",FALSE,FALSE,"annual_f_fmsy","F/FMSY",2019,0.95445,"annual"
"Diagnostic model","Diagnostic model",14,14,"Seed 14",FALSE,FALSE,"annual_f_fmsy","F/FMSY",2020,1.01025,"annual"
"Diagnostic model","Diagnostic model",14,14,"Seed 14",FALSE,FALSE,"annual_f_fmsy","F/FMSY",2021,1.00085,"annual"
"Diagnostic model","Diagnostic model",14,14,"Seed 14",FALSE,FALSE,"annual_f_fmsy","F/FMSY",2022,1.08785,"annual"
"Diagnostic model","Diagnostic model",14,14,"Seed 14",FALSE,FALSE,"annual_f_fmsy","F/FMSY",2023,1.186575,"annual"
"Diagnostic model","Diagnostic model",14,14,"Seed 14",FALSE,FALSE,"annual_f_fmsy","F/FMSY",2024,1.343,"annual"
"Diagnostic model","Diagnostic model",15,15,"Seed 15",FALSE,FALSE,"annual_depletion","SB/SBF=0",1952,0.993448406649635,"annual"
"Diagnostic model","Diagnostic model",15,15,"Seed 15",FALSE,FALSE,"annual_depletion","SB/SBF=0",1953,0.973062863776847,"annual"
"Diagnostic model","Diagnostic model",15,15,"Seed 15",FALSE,FALSE,"annual_depletion","SB/SBF=0",1954,0.960643578752185,"annual"
"Diagnostic model","Diagnostic model",15,15,"Seed 15",FALSE,FALSE,"annual_depletion","SB/SBF=0",1955,0.950480875181054,"annual"
"Diagnostic model","Diagnostic model",15,15,"Seed 15",FALSE,FALSE,"annual_depletion","SB/SBF=0",1956,0.937192142752825,"annual"
"Diagnostic model","Diagnostic model",15,15,"Seed 15",FALSE,FALSE,"annual_depletion","SB/SBF=0",1957,0.924459579555517,"annual"
"Diagnostic model","Diagnostic model",15,15,"Seed 15",FALSE,FALSE,"annual_depletion","SB/SBF=0",1958,0.901900406664873,"annual"
"Diagnostic model","Diagnostic model",15,15,"Seed 15",FALSE,FALSE,"annual_depletion","SB/SBF=0",1959,0.872625032659181,"annual"
"Diagnostic model","Diagnostic model",15,15,"Seed 15",FALSE,FALSE,"annual_depletion","SB/SBF=0",1960,0.848680902836797,"annual"
"Diagnostic model","Diagnostic model",15,15,"Seed 15",FALSE,FALSE,"annual_depletion","SB/SBF=0",1961,0.838038393879215,"annual"
"Diagnostic model","Diagnostic model",15,15,"Seed 15",FALSE,FALSE,"annual_depletion","SB/SBF=0",1962,0.827481834413879,"annual"
"Diagnostic model","Diagnostic model",15,15,"Seed 15",FALSE,FALSE,"annual_depletion","SB/SBF=0",1963,0.817342553314201,"annual"
"Diagnostic model","Diagnostic model",15,15,"Seed 15",FALSE,FALSE,"annual_depletion","SB/SBF=0",1964,0.80456788058703,"annual"
"Diagnostic model","Diagnostic model",15,15,"Seed 15",FALSE,FALSE,"annual_depletion","SB/SBF=0",1965,0.808265023485336,"annual"
"Diagnostic model","Diagnostic model",15,15,"Seed 15",FALSE,FALSE,"annual_depletion","SB/SBF=0",1966,0.812303664921466,"annual"
"Diagnostic model","Diagnostic model",15,15,"Seed 15",FALSE,FALSE,"annual_depletion","SB/SBF=0",1967,0.807428313079695,"annual"
"Diagnostic model","Diagnostic model",15,15,"Seed 15",FALSE,FALSE,"annual_depletion","SB/SBF=0",1968,0.804025977435623,"annual"
"Diagnostic model","Diagnostic model",15,15,"Seed 15",FALSE,FALSE,"annual_depletion","SB/SBF=0",1969,0.807683468118419,"annual"
"Diagnostic model","Diagnostic model",15,15,"Seed 15",FALSE,FALSE,"annual_depletion","SB/SBF=0",1970,0.803528248914831,"annual"
"Diagnostic model","Diagnostic model",15,15,"Seed 15",FALSE,FALSE,"annual_depletion","SB/SBF=0",1971,0.800734293849025,"annual"
"Diagnostic model","Diagnostic model",15,15,"Seed 15",FALSE,FALSE,"annual_depletion","SB/SBF=0",1972,0.796090239238559,"annual"
"Diagnostic model","Diagnostic model",15,15,"Seed 15",FALSE,FALSE,"annual_depletion","SB/SBF=0",1973,0.777063986936841,"annual"
"Diagnostic model","Diagnostic model",15,15,"Seed 15",FALSE,FALSE,"annual_depletion","SB/SBF=0",1974,0.764788489963416,"annual"
"Diagnostic model","Diagnostic model",15,15,"Seed 15",FALSE,FALSE,"annual_depletion","SB/SBF=0",1975,0.751616946603159,"annual"
"Diagnostic model","Diagnostic model",15,15,"Seed 15",FALSE,FALSE,"annual_depletion","SB/SBF=0",1976,0.727222661343941,"annual"
"Diagnostic model","Diagnostic model",15,15,"Seed 15",FALSE,FALSE,"annual_depletion","SB/SBF=0",1977,0.707179932268001,"annual"
"Diagnostic model","Diagnostic model",15,15,"Seed 15",FALSE,FALSE,"annual_depletion","SB/SBF=0",1978,0.698416512496032,"annual"
"Diagnostic model","Diagnostic model",15,15,"Seed 15",FALSE,FALSE,"annual_depletion","SB/SBF=0",1979,0.683397565535926,"annual"
"Diagnostic model","Diagnostic model",15,15,"Seed 15",FALSE,FALSE,"annual_depletion","SB/SBF=0",1980,0.659294518078213,"annual"
"Diagnostic model","Diagnostic model",15,15,"Seed 15",FALSE,FALSE,"annual_depletion","SB/SBF=0",1981,0.637980913940735,"annual"
"Diagnostic model","Diagnostic model",15,15,"Seed 15",FALSE,FALSE,"annual_depletion","SB/SBF=0",1982,0.62723177517675,"annual"
"Diagnostic model","Diagnostic model",15,15,"Seed 15",FALSE,FALSE,"annual_depletion","SB/SBF=0",1983,0.61908423190213,"annual"
"Diagnostic model","Diagnostic model",15,15,"Seed 15",FALSE,FALSE,"annual_depletion","SB/SBF=0",1984,0.614062858203334,"annual"
"Diagnostic model","Diagnostic model",15,15,"Seed 15",FALSE,FALSE,"annual_depletion","SB/SBF=0",1985,0.593851202213884,"annual"
"Diagnostic model","Diagnostic model",15,15,"Seed 15",FALSE,FALSE,"annual_depletion","SB/SBF=0",1986,0.568832445657476,"annual"
"Diagnostic model","Diagnostic model",15,15,"Seed 15",FALSE,FALSE,"annual_depletion","SB/SBF=0",1987,0.55076013718956,"annual"
"Diagnostic model","Diagnostic model",15,15,"Seed 15",FALSE,FALSE,"annual_depletion","SB/SBF=0",1988,0.530106687786811,"annual"
"Diagnostic model","Diagnostic model",15,15,"Seed 15",FALSE,FALSE,"annual_depletion","SB/SBF=0",1989,0.515471692947876,"annual"
"Diagnostic model","Diagnostic model",15,15,"Seed 15",FALSE,FALSE,"annual_depletion","SB/SBF=0",1990,0.50736881948766,"annual"
"Diagnostic model","Diagnostic model",15,15,"Seed 15",FALSE,FALSE,"annual_depletion","SB/SBF=0",1991,0.495113958022335,"annual"
"Diagnostic model","Diagnostic model",15,15,"Seed 15",FALSE,FALSE,"annual_depletion","SB/SBF=0",1992,0.477015599621682,"annual"
"Diagnostic model","Diagnostic model",15,15,"Seed 15",FALSE,FALSE,"annual_depletion","SB/SBF=0",1993,0.449789830887179,"annual"
"Diagnostic model","Diagnostic model",15,15,"Seed 15",FALSE,FALSE,"annual_depletion","SB/SBF=0",1994,0.426729784353354,"annual"
"Diagnostic model","Diagnostic model",15,15,"Seed 15",FALSE,FALSE,"annual_depletion","SB/SBF=0",1995,0.400587846648363,"annual"
"Diagnostic model","Diagnostic model",15,15,"Seed 15",FALSE,FALSE,"annual_depletion","SB/SBF=0",1996,0.39160605130591,"annual"
"Diagnostic model","Diagnostic model",15,15,"Seed 15",FALSE,FALSE,"annual_depletion","SB/SBF=0",1997,0.406075547160577,"annual"
"Diagnostic model","Diagnostic model",15,15,"Seed 15",FALSE,FALSE,"annual_depletion","SB/SBF=0",1998,0.390811598807599,"annual"
"Diagnostic model","Diagnostic model",15,15,"Seed 15",FALSE,FALSE,"annual_depletion","SB/SBF=0",1999,0.366384196912654,"annual"
"Diagnostic model","Diagnostic model",15,15,"Seed 15",FALSE,FALSE,"annual_depletion","SB/SBF=0",2000,0.336437863726532,"annual"
"Diagnostic model","Diagnostic model",15,15,"Seed 15",FALSE,FALSE,"annual_depletion","SB/SBF=0",2001,0.313741189676159,"annual"
"Diagnostic model","Diagnostic model",15,15,"Seed 15",FALSE,FALSE,"annual_depletion","SB/SBF=0",2002,0.299081679823626,"annual"
"Diagnostic model","Diagnostic model",15,15,"Seed 15",FALSE,FALSE,"annual_depletion","SB/SBF=0",2003,0.282441143881152,"annual"
"Diagnostic model","Diagnostic model",15,15,"Seed 15",FALSE,FALSE,"annual_depletion","SB/SBF=0",2004,0.271395455248938,"annual"
"Diagnostic model","Diagnostic model",15,15,"Seed 15",FALSE,FALSE,"annual_depletion","SB/SBF=0",2005,0.248335310598985,"annual"
"Diagnostic model","Diagnostic model",15,15,"Seed 15",FALSE,FALSE,"annual_depletion","SB/SBF=0",2006,0.241125888500049,"annual"
"Diagnostic model","Diagnostic model",15,15,"Seed 15",FALSE,FALSE,"annual_depletion","SB/SBF=0",2007,0.234518432868517,"annual"
"Diagnostic model","Diagnostic model",15,15,"Seed 15",FALSE,FALSE,"annual_depletion","SB/SBF=0",2008,0.225028368232857,"annual"
"Diagnostic model","Diagnostic model",15,15,"Seed 15",FALSE,FALSE,"annual_depletion","SB/SBF=0",2009,0.213101487094562,"annual"
"Diagnostic model","Diagnostic model",15,15,"Seed 15",FALSE,FALSE,"annual_depletion","SB/SBF=0",2010,0.199359864532994,"annual"
"Diagnostic model","Diagnostic model",15,15,"Seed 15",FALSE,FALSE,"annual_depletion","SB/SBF=0",2011,0.197456504032473,"annual"
"Diagnostic model","Diagnostic model",15,15,"Seed 15",FALSE,FALSE,"annual_depletion","SB/SBF=0",2012,0.190740983911745,"annual"
"Diagnostic model","Diagnostic model",15,15,"Seed 15",FALSE,FALSE,"annual_depletion","SB/SBF=0",2013,0.181914064019785,"annual"
"Diagnostic model","Diagnostic model",15,15,"Seed 15",FALSE,FALSE,"annual_depletion","SB/SBF=0",2014,0.185070050402632,"annual"
"Diagnostic model","Diagnostic model",15,15,"Seed 15",FALSE,FALSE,"annual_depletion","SB/SBF=0",2015,0.19168196788202,"annual"
"Diagnostic model","Diagnostic model",15,15,"Seed 15",FALSE,FALSE,"annual_depletion","SB/SBF=0",2016,0.193523547360986,"annual"
"Diagnostic model","Diagnostic model",15,15,"Seed 15",FALSE,FALSE,"annual_depletion","SB/SBF=0",2017,0.191658663127028,"annual"
"Diagnostic model","Diagnostic model",15,15,"Seed 15",FALSE,FALSE,"annual_depletion","SB/SBF=0",2018,0.191398333019022,"annual"
"Diagnostic model","Diagnostic model",15,15,"Seed 15",FALSE,FALSE,"annual_depletion","SB/SBF=0",2019,0.189845776449476,"annual"
"Diagnostic model","Diagnostic model",15,15,"Seed 15",FALSE,FALSE,"annual_depletion","SB/SBF=0",2020,0.192875478569048,"annual"
"Diagnostic model","Diagnostic model",15,15,"Seed 15",FALSE,FALSE,"annual_depletion","SB/SBF=0",2021,0.199961904950377,"annual"
"Diagnostic model","Diagnostic model",15,15,"Seed 15",FALSE,FALSE,"annual_depletion","SB/SBF=0",2022,0.203167699575787,"annual"
"Diagnostic model","Diagnostic model",15,15,"Seed 15",FALSE,FALSE,"annual_depletion","SB/SBF=0",2023,0.196784083999212,"annual"
"Diagnostic model","Diagnostic model",15,15,"Seed 15",FALSE,FALSE,"annual_depletion","SB/SBF=0",2024,0.175536500977048,"annual"
"Diagnostic model","Diagnostic model",15,15,"Seed 15",FALSE,FALSE,"annual_sb_sbmsy","SB/SBMSY",1952,5.45875,"annual"
"Diagnostic model","Diagnostic model",15,15,"Seed 15",FALSE,FALSE,"annual_sb_sbmsy","SB/SBMSY",1953,5.48725,"annual"
"Diagnostic model","Diagnostic model",15,15,"Seed 15",FALSE,FALSE,"annual_sb_sbmsy","SB/SBMSY",1954,5.52075,"annual"
"Diagnostic model","Diagnostic model",15,15,"Seed 15",FALSE,FALSE,"annual_sb_sbmsy","SB/SBMSY",1955,5.55425,"annual"
"Diagnostic model","Diagnostic model",15,15,"Seed 15",FALSE,FALSE,"annual_sb_sbmsy","SB/SBMSY",1956,5.5515,"annual"
"Diagnostic model","Diagnostic model",15,15,"Seed 15",FALSE,FALSE,"annual_sb_sbmsy","SB/SBMSY",1957,5.71625,"annual"
"Diagnostic model","Diagnostic model",15,15,"Seed 15",FALSE,FALSE,"annual_sb_sbmsy","SB/SBMSY",1958,5.603,"annual"
"Diagnostic model","Diagnostic model",15,15,"Seed 15",FALSE,FALSE,"annual_sb_sbmsy","SB/SBMSY",1959,5.15475,"annual"
"Diagnostic model","Diagnostic model",15,15,"Seed 15",FALSE,FALSE,"annual_sb_sbmsy","SB/SBMSY",1960,4.66275,"annual"
"Diagnostic model","Diagnostic model",15,15,"Seed 15",FALSE,FALSE,"annual_sb_sbmsy","SB/SBMSY",1961,4.50525,"annual"
"Diagnostic model","Diagnostic model",15,15,"Seed 15",FALSE,FALSE,"annual_sb_sbmsy","SB/SBMSY",1962,4.2595,"annual"
"Diagnostic model","Diagnostic model",15,15,"Seed 15",FALSE,FALSE,"annual_sb_sbmsy","SB/SBMSY",1963,4.04,"annual"
"Diagnostic model","Diagnostic model",15,15,"Seed 15",FALSE,FALSE,"annual_sb_sbmsy","SB/SBMSY",1964,3.78325,"annual"
"Diagnostic model","Diagnostic model",15,15,"Seed 15",FALSE,FALSE,"annual_sb_sbmsy","SB/SBMSY",1965,3.67775,"annual"
"Diagnostic model","Diagnostic model",15,15,"Seed 15",FALSE,FALSE,"annual_sb_sbmsy","SB/SBMSY",1966,3.62975,"annual"
"Diagnostic model","Diagnostic model",15,15,"Seed 15",FALSE,FALSE,"annual_sb_sbmsy","SB/SBMSY",1967,3.476,"annual"
"Diagnostic model","Diagnostic model",15,15,"Seed 15",FALSE,FALSE,"annual_sb_sbmsy","SB/SBMSY",1968,3.3115,"annual"
"Diagnostic model","Diagnostic model",15,15,"Seed 15",FALSE,FALSE,"annual_sb_sbmsy","SB/SBMSY",1969,3.31625,"annual"
"Diagnostic model","Diagnostic model",15,15,"Seed 15",FALSE,FALSE,"annual_sb_sbmsy","SB/SBMSY",1970,3.20475,"annual"
"Diagnostic model","Diagnostic model",15,15,"Seed 15",FALSE,FALSE,"annual_sb_sbmsy","SB/SBMSY",1971,3.11275,"annual"
"Diagnostic model","Diagnostic model",15,15,"Seed 15",FALSE,FALSE,"annual_sb_sbmsy","SB/SBMSY",1972,3.098,"annual"
"Diagnostic model","Diagnostic model",15,15,"Seed 15",FALSE,FALSE,"annual_sb_sbmsy","SB/SBMSY",1973,2.9145,"annual"
"Diagnostic model","Diagnostic model",15,15,"Seed 15",FALSE,FALSE,"annual_sb_sbmsy","SB/SBMSY",1974,2.75175,"annual"
"Diagnostic model","Diagnostic model",15,15,"Seed 15",FALSE,FALSE,"annual_sb_sbmsy","SB/SBMSY",1975,2.6525,"annual"
"Diagnostic model","Diagnostic model",15,15,"Seed 15",FALSE,FALSE,"annual_sb_sbmsy","SB/SBMSY",1976,2.50525,"annual"
"Diagnostic model","Diagnostic model",15,15,"Seed 15",FALSE,FALSE,"annual_sb_sbmsy","SB/SBMSY",1977,2.45125,"annual"
"Diagnostic model","Diagnostic model",15,15,"Seed 15",FALSE,FALSE,"annual_sb_sbmsy","SB/SBMSY",1978,2.50875,"annual"
"Diagnostic model","Diagnostic model",15,15,"Seed 15",FALSE,FALSE,"annual_sb_sbmsy","SB/SBMSY",1979,2.465,"annual"
"Diagnostic model","Diagnostic model",15,15,"Seed 15",FALSE,FALSE,"annual_sb_sbmsy","SB/SBMSY",1980,2.3725,"annual"
"Diagnostic model","Diagnostic model",15,15,"Seed 15",FALSE,FALSE,"annual_sb_sbmsy","SB/SBMSY",1981,2.18775,"annual"
"Diagnostic model","Diagnostic model",15,15,"Seed 15",FALSE,FALSE,"annual_sb_sbmsy","SB/SBMSY",1982,2.08875,"annual"
"Diagnostic model","Diagnostic model",15,15,"Seed 15",FALSE,FALSE,"annual_sb_sbmsy","SB/SBMSY",1983,2.089,"annual"
"Diagnostic model","Diagnostic model",15,15,"Seed 15",FALSE,FALSE,"annual_sb_sbmsy","SB/SBMSY",1984,2.212,"annual"
"Diagnostic model","Diagnostic model",15,15,"Seed 15",FALSE,FALSE,"annual_sb_sbmsy","SB/SBMSY",1985,2.2825,"annual"
"Diagnostic model","Diagnostic model",15,15,"Seed 15",FALSE,FALSE,"annual_sb_sbmsy","SB/SBMSY",1986,2.2355,"annual"
"Diagnostic model","Diagnostic model",15,15,"Seed 15",FALSE,FALSE,"annual_sb_sbmsy","SB/SBMSY",1987,2.226,"annual"
"Diagnostic model","Diagnostic model",15,15,"Seed 15",FALSE,FALSE,"annual_sb_sbmsy","SB/SBMSY",1988,2.23725,"annual"
"Diagnostic model","Diagnostic model",15,15,"Seed 15",FALSE,FALSE,"annual_sb_sbmsy","SB/SBMSY",1989,2.221,"annual"
"Diagnostic model","Diagnostic model",15,15,"Seed 15",FALSE,FALSE,"annual_sb_sbmsy","SB/SBMSY",1990,2.33225,"annual"
"Diagnostic model","Diagnostic model",15,15,"Seed 15",FALSE,FALSE,"annual_sb_sbmsy","SB/SBMSY",1991,2.3865,"annual"
"Diagnostic model","Diagnostic model",15,15,"Seed 15",FALSE,FALSE,"annual_sb_sbmsy","SB/SBMSY",1992,2.35,"annual"
"Diagnostic model","Diagnostic model",15,15,"Seed 15",FALSE,FALSE,"annual_sb_sbmsy","SB/SBMSY",1993,2.21625,"annual"
"Diagnostic model","Diagnostic model",15,15,"Seed 15",FALSE,FALSE,"annual_sb_sbmsy","SB/SBMSY",1994,2.13775,"annual"
"Diagnostic model","Diagnostic model",15,15,"Seed 15",FALSE,FALSE,"annual_sb_sbmsy","SB/SBMSY",1995,2.03225,"annual"
"Diagnostic model","Diagnostic model",15,15,"Seed 15",FALSE,FALSE,"annual_sb_sbmsy","SB/SBMSY",1996,1.96925,"annual"
"Diagnostic model","Diagnostic model",15,15,"Seed 15",FALSE,FALSE,"annual_sb_sbmsy","SB/SBMSY",1997,2.08775,"annual"
"Diagnostic model","Diagnostic model",15,15,"Seed 15",FALSE,FALSE,"annual_sb_sbmsy","SB/SBMSY",1998,2.0555,"annual"
"Diagnostic model","Diagnostic model",15,15,"Seed 15",FALSE,FALSE,"annual_sb_sbmsy","SB/SBMSY",1999,1.9565,"annual"
"Diagnostic model","Diagnostic model",15,15,"Seed 15",FALSE,FALSE,"annual_sb_sbmsy","SB/SBMSY",2000,1.8105,"annual"
"Diagnostic model","Diagnostic model",15,15,"Seed 15",FALSE,FALSE,"annual_sb_sbmsy","SB/SBMSY",2001,1.6925,"annual"
"Diagnostic model","Diagnostic model",15,15,"Seed 15",FALSE,FALSE,"annual_sb_sbmsy","SB/SBMSY",2002,1.65375,"annual"
"Diagnostic model","Diagnostic model",15,15,"Seed 15",FALSE,FALSE,"annual_sb_sbmsy","SB/SBMSY",2003,1.624,"annual"
"Diagnostic model","Diagnostic model",15,15,"Seed 15",FALSE,FALSE,"annual_sb_sbmsy","SB/SBMSY",2004,1.586,"annual"
"Diagnostic model","Diagnostic model",15,15,"Seed 15",FALSE,FALSE,"annual_sb_sbmsy","SB/SBMSY",2005,1.45075,"annual"
"Diagnostic model","Diagnostic model",15,15,"Seed 15",FALSE,FALSE,"annual_sb_sbmsy","SB/SBMSY",2006,1.41525,"annual"
"Diagnostic model","Diagnostic model",15,15,"Seed 15",FALSE,FALSE,"annual_sb_sbmsy","SB/SBMSY",2007,1.3995,"annual"
"Diagnostic model","Diagnostic model",15,15,"Seed 15",FALSE,FALSE,"annual_sb_sbmsy","SB/SBMSY",2008,1.34125,"annual"
"Diagnostic model","Diagnostic model",15,15,"Seed 15",FALSE,FALSE,"annual_sb_sbmsy","SB/SBMSY",2009,1.25225,"annual"
"Diagnostic model","Diagnostic model",15,15,"Seed 15",FALSE,FALSE,"annual_sb_sbmsy","SB/SBMSY",2010,1.16425,"annual"
"Diagnostic model","Diagnostic model",15,15,"Seed 15",FALSE,FALSE,"annual_sb_sbmsy","SB/SBMSY",2011,1.16275,"annual"
"Diagnostic model","Diagnostic model",15,15,"Seed 15",FALSE,FALSE,"annual_sb_sbmsy","SB/SBMSY",2012,1.12825,"annual"
"Diagnostic model","Diagnostic model",15,15,"Seed 15",FALSE,FALSE,"annual_sb_sbmsy","SB/SBMSY",2013,1.05725,"annual"
"Diagnostic model","Diagnostic model",15,15,"Seed 15",FALSE,FALSE,"annual_sb_sbmsy","SB/SBMSY",2014,1.08075,"annual"
"Diagnostic model","Diagnostic model",15,15,"Seed 15",FALSE,FALSE,"annual_sb_sbmsy","SB/SBMSY",2015,1.164,"annual"
"Diagnostic model","Diagnostic model",15,15,"Seed 15",FALSE,FALSE,"annual_sb_sbmsy","SB/SBMSY",2016,1.204,"annual"
"Diagnostic model","Diagnostic model",15,15,"Seed 15",FALSE,FALSE,"annual_sb_sbmsy","SB/SBMSY",2017,1.18075,"annual"
"Diagnostic model","Diagnostic model",15,15,"Seed 15",FALSE,FALSE,"annual_sb_sbmsy","SB/SBMSY",2018,1.1675,"annual"
"Diagnostic model","Diagnostic model",15,15,"Seed 15",FALSE,FALSE,"annual_sb_sbmsy","SB/SBMSY",2019,1.15375,"annual"
"Diagnostic model","Diagnostic model",15,15,"Seed 15",FALSE,FALSE,"annual_sb_sbmsy","SB/SBMSY",2020,1.1665,"annual"
"Diagnostic model","Diagnostic model",15,15,"Seed 15",FALSE,FALSE,"annual_sb_sbmsy","SB/SBMSY",2021,1.192,"annual"
"Diagnostic model","Diagnostic model",15,15,"Seed 15",FALSE,FALSE,"annual_sb_sbmsy","SB/SBMSY",2022,1.193,"annual"
"Diagnostic model","Diagnostic model",15,15,"Seed 15",FALSE,FALSE,"annual_sb_sbmsy","SB/SBMSY",2023,1.12925,"annual"
"Diagnostic model","Diagnostic model",15,15,"Seed 15",FALSE,FALSE,"annual_sb_sbmsy","SB/SBMSY",2024,0.985425,"annual"
"Diagnostic model","Diagnostic model",15,15,"Seed 15",FALSE,FALSE,"annual_f_fmsy","F/FMSY",1952,0.071585,"annual"
"Diagnostic model","Diagnostic model",15,15,"Seed 15",FALSE,FALSE,"annual_f_fmsy","F/FMSY",1953,0.066425,"annual"
"Diagnostic model","Diagnostic model",15,15,"Seed 15",FALSE,FALSE,"annual_f_fmsy","F/FMSY",1954,0.04501,"annual"
"Diagnostic model","Diagnostic model",15,15,"Seed 15",FALSE,FALSE,"annual_f_fmsy","F/FMSY",1955,0.07161,"annual"
"Diagnostic model","Diagnostic model",15,15,"Seed 15",FALSE,FALSE,"annual_f_fmsy","F/FMSY",1956,0.0794175,"annual"
"Diagnostic model","Diagnostic model",15,15,"Seed 15",FALSE,FALSE,"annual_f_fmsy","F/FMSY",1957,0.10763,"annual"
"Diagnostic model","Diagnostic model",15,15,"Seed 15",FALSE,FALSE,"annual_f_fmsy","F/FMSY",1958,0.15898,"annual"
"Diagnostic model","Diagnostic model",15,15,"Seed 15",FALSE,FALSE,"annual_f_fmsy","F/FMSY",1959,0.1471975,"annual"
"Diagnostic model","Diagnostic model",15,15,"Seed 15",FALSE,FALSE,"annual_f_fmsy","F/FMSY",1960,0.14663,"annual"
"Diagnostic model","Diagnostic model",15,15,"Seed 15",FALSE,FALSE,"annual_f_fmsy","F/FMSY",1961,0.1437,"annual"
"Diagnostic model","Diagnostic model",15,15,"Seed 15",FALSE,FALSE,"annual_f_fmsy","F/FMSY",1962,0.1387,"annual"
"Diagnostic model","Diagnostic model",15,15,"Seed 15",FALSE,FALSE,"annual_f_fmsy","F/FMSY",1963,0.1791,"annual"
"Diagnostic model","Diagnostic model",15,15,"Seed 15",FALSE,FALSE,"annual_f_fmsy","F/FMSY",1964,0.1334275,"annual"
"Diagnostic model","Diagnostic model",15,15,"Seed 15",FALSE,FALSE,"annual_f_fmsy","F/FMSY",1965,0.125575,"annual"
"Diagnostic model","Diagnostic model",15,15,"Seed 15",FALSE,FALSE,"annual_f_fmsy","F/FMSY",1966,0.1418,"annual"
"Diagnostic model","Diagnostic model",15,15,"Seed 15",FALSE,FALSE,"annual_f_fmsy","F/FMSY",1967,0.15445,"annual"
"Diagnostic model","Diagnostic model",15,15,"Seed 15",FALSE,FALSE,"annual_f_fmsy","F/FMSY",1968,0.126865,"annual"
"Diagnostic model","Diagnostic model",15,15,"Seed 15",FALSE,FALSE,"annual_f_fmsy","F/FMSY",1969,0.158975,"annual"
"Diagnostic model","Diagnostic model",15,15,"Seed 15",FALSE,FALSE,"annual_f_fmsy","F/FMSY",1970,0.1513,"annual"
"Diagnostic model","Diagnostic model",15,15,"Seed 15",FALSE,FALSE,"annual_f_fmsy","F/FMSY",1971,0.154975,"annual"
"Diagnostic model","Diagnostic model",15,15,"Seed 15",FALSE,FALSE,"annual_f_fmsy","F/FMSY",1972,0.2148,"annual"
"Diagnostic model","Diagnostic model",15,15,"Seed 15",FALSE,FALSE,"annual_f_fmsy","F/FMSY",1973,0.18235,"annual"
"Diagnostic model","Diagnostic model",15,15,"Seed 15",FALSE,FALSE,"annual_f_fmsy","F/FMSY",1974,0.2052,"annual"
"Diagnostic model","Diagnostic model",15,15,"Seed 15",FALSE,FALSE,"annual_f_fmsy","F/FMSY",1975,0.260875,"annual"
"Diagnostic model","Diagnostic model",15,15,"Seed 15",FALSE,FALSE,"annual_f_fmsy","F/FMSY",1976,0.278175,"annual"
"Diagnostic model","Diagnostic model",15,15,"Seed 15",FALSE,FALSE,"annual_f_fmsy","F/FMSY",1977,0.3103,"annual"
"Diagnostic model","Diagnostic model",15,15,"Seed 15",FALSE,FALSE,"annual_f_fmsy","F/FMSY",1978,0.258325,"annual"
"Diagnostic model","Diagnostic model",15,15,"Seed 15",FALSE,FALSE,"annual_f_fmsy","F/FMSY",1979,0.33375,"annual"
"Diagnostic model","Diagnostic model",15,15,"Seed 15",FALSE,FALSE,"annual_f_fmsy","F/FMSY",1980,0.336825,"annual"
"Diagnostic model","Diagnostic model",15,15,"Seed 15",FALSE,FALSE,"annual_f_fmsy","F/FMSY",1981,0.318475,"annual"
"Diagnostic model","Diagnostic model",15,15,"Seed 15",FALSE,FALSE,"annual_f_fmsy","F/FMSY",1982,0.369325,"annual"
"Diagnostic model","Diagnostic model",15,15,"Seed 15",FALSE,FALSE,"annual_f_fmsy","F/FMSY",1983,0.36575,"annual"
"Diagnostic model","Diagnostic model",15,15,"Seed 15",FALSE,FALSE,"annual_f_fmsy","F/FMSY",1984,0.397175,"annual"
"Diagnostic model","Diagnostic model",15,15,"Seed 15",FALSE,FALSE,"annual_f_fmsy","F/FMSY",1985,0.41415,"annual"
"Diagnostic model","Diagnostic model",15,15,"Seed 15",FALSE,FALSE,"annual_f_fmsy","F/FMSY",1986,0.381975,"annual"
"Diagnostic model","Diagnostic model",15,15,"Seed 15",FALSE,FALSE,"annual_f_fmsy","F/FMSY",1987,0.48925,"annual"
"Diagnostic model","Diagnostic model",15,15,"Seed 15",FALSE,FALSE,"annual_f_fmsy","F/FMSY",1988,0.423275,"annual"
"Diagnostic model","Diagnostic model",15,15,"Seed 15",FALSE,FALSE,"annual_f_fmsy","F/FMSY",1989,0.419125,"annual"
"Diagnostic model","Diagnostic model",15,15,"Seed 15",FALSE,FALSE,"annual_f_fmsy","F/FMSY",1990,0.5155,"annual"
"Diagnostic model","Diagnostic model",15,15,"Seed 15",FALSE,FALSE,"annual_f_fmsy","F/FMSY",1991,0.476375,"annual"
"Diagnostic model","Diagnostic model",15,15,"Seed 15",FALSE,FALSE,"annual_f_fmsy","F/FMSY",1992,0.5982,"annual"
"Diagnostic model","Diagnostic model",15,15,"Seed 15",FALSE,FALSE,"annual_f_fmsy","F/FMSY",1993,0.533625,"annual"
"Diagnostic model","Diagnostic model",15,15,"Seed 15",FALSE,FALSE,"annual_f_fmsy","F/FMSY",1994,0.6185,"annual"
"Diagnostic model","Diagnostic model",15,15,"Seed 15",FALSE,FALSE,"annual_f_fmsy","F/FMSY",1995,0.5487,"annual"
"Diagnostic model","Diagnostic model",15,15,"Seed 15",FALSE,FALSE,"annual_f_fmsy","F/FMSY",1996,0.5124,"annual"
"Diagnostic model","Diagnostic model",15,15,"Seed 15",FALSE,FALSE,"annual_f_fmsy","F/FMSY",1997,0.647675,"annual"
"Diagnostic model","Diagnostic model",15,15,"Seed 15",FALSE,FALSE,"annual_f_fmsy","F/FMSY",1998,0.767975,"annual"
"Diagnostic model","Diagnostic model",15,15,"Seed 15",FALSE,FALSE,"annual_f_fmsy","F/FMSY",1999,0.8447,"annual"
"Diagnostic model","Diagnostic model",15,15,"Seed 15",FALSE,FALSE,"annual_f_fmsy","F/FMSY",2000,0.8211,"annual"
"Diagnostic model","Diagnostic model",15,15,"Seed 15",FALSE,FALSE,"annual_f_fmsy","F/FMSY",2001,0.70825,"annual"
"Diagnostic model","Diagnostic model",15,15,"Seed 15",FALSE,FALSE,"annual_f_fmsy","F/FMSY",2002,0.884975,"annual"
"Diagnostic model","Diagnostic model",15,15,"Seed 15",FALSE,FALSE,"annual_f_fmsy","F/FMSY",2003,0.807475,"annual"
"Diagnostic model","Diagnostic model",15,15,"Seed 15",FALSE,FALSE,"annual_f_fmsy","F/FMSY",2004,1.12725,"annual"
"Diagnostic model","Diagnostic model",15,15,"Seed 15",FALSE,FALSE,"annual_f_fmsy","F/FMSY",2005,0.91155,"annual"
"Diagnostic model","Diagnostic model",15,15,"Seed 15",FALSE,FALSE,"annual_f_fmsy","F/FMSY",2006,0.981025,"annual"
"Diagnostic model","Diagnostic model",15,15,"Seed 15",FALSE,FALSE,"annual_f_fmsy","F/FMSY",2007,1.0024,"annual"
"Diagnostic model","Diagnostic model",15,15,"Seed 15",FALSE,FALSE,"annual_f_fmsy","F/FMSY",2008,1.076,"annual"
"Diagnostic model","Diagnostic model",15,15,"Seed 15",FALSE,FALSE,"annual_f_fmsy","F/FMSY",2009,1.093825,"annual"
"Diagnostic model","Diagnostic model",15,15,"Seed 15",FALSE,FALSE,"annual_f_fmsy","F/FMSY",2010,0.910225,"annual"
"Diagnostic model","Diagnostic model",15,15,"Seed 15",FALSE,FALSE,"annual_f_fmsy","F/FMSY",2011,1.13235,"annual"
"Diagnostic model","Diagnostic model",15,15,"Seed 15",FALSE,FALSE,"annual_f_fmsy","F/FMSY",2012,1.156725,"annual"
"Diagnostic model","Diagnostic model",15,15,"Seed 15",FALSE,FALSE,"annual_f_fmsy","F/FMSY",2013,1.0515,"annual"
"Diagnostic model","Diagnostic model",15,15,"Seed 15",FALSE,FALSE,"annual_f_fmsy","F/FMSY",2014,1.132025,"annual"
"Diagnostic model","Diagnostic model",15,15,"Seed 15",FALSE,FALSE,"annual_f_fmsy","F/FMSY",2015,1.021525,"annual"
"Diagnostic model","Diagnostic model",15,15,"Seed 15",FALSE,FALSE,"annual_f_fmsy","F/FMSY",2016,1.0663,"annual"
"Diagnostic model","Diagnostic model",15,15,"Seed 15",FALSE,FALSE,"annual_f_fmsy","F/FMSY",2017,0.90125,"annual"
"Diagnostic model","Diagnostic model",15,15,"Seed 15",FALSE,FALSE,"annual_f_fmsy","F/FMSY",2018,1.0487,"annual"
"Diagnostic model","Diagnostic model",15,15,"Seed 15",FALSE,FALSE,"annual_f_fmsy","F/FMSY",2019,0.927925,"annual"
"Diagnostic model","Diagnostic model",15,15,"Seed 15",FALSE,FALSE,"annual_f_fmsy","F/FMSY",2020,0.98325,"annual"
"Diagnostic model","Diagnostic model",15,15,"Seed 15",FALSE,FALSE,"annual_f_fmsy","F/FMSY",2021,0.974125,"annual"
"Diagnostic model","Diagnostic model",15,15,"Seed 15",FALSE,FALSE,"annual_f_fmsy","F/FMSY",2022,1.060575,"annual"
"Diagnostic model","Diagnostic model",15,15,"Seed 15",FALSE,FALSE,"annual_f_fmsy","F/FMSY",2023,1.15255,"annual"
"Diagnostic model","Diagnostic model",15,15,"Seed 15",FALSE,FALSE,"annual_f_fmsy","F/FMSY",2024,1.2855,"annual"
"Diagnostic model","Diagnostic model",16,16,"Seed 16",FALSE,FALSE,"annual_depletion","SB/SBF=0",1952,0.992973395219027,"annual"
"Diagnostic model","Diagnostic model",16,16,"Seed 16",FALSE,FALSE,"annual_depletion","SB/SBF=0",1953,0.971176794905477,"annual"
"Diagnostic model","Diagnostic model",16,16,"Seed 16",FALSE,FALSE,"annual_depletion","SB/SBF=0",1954,0.958043317861803,"annual"
"Diagnostic model","Diagnostic model",16,16,"Seed 16",FALSE,FALSE,"annual_depletion","SB/SBF=0",1955,0.947073940106917,"annual"
"Diagnostic model","Diagnostic model",16,16,"Seed 16",FALSE,FALSE,"annual_depletion","SB/SBF=0",1956,0.932759097778503,"annual"
"Diagnostic model","Diagnostic model",16,16,"Seed 16",FALSE,FALSE,"annual_depletion","SB/SBF=0",1957,0.91950755003938,"annual"
"Diagnostic model","Diagnostic model",16,16,"Seed 16",FALSE,FALSE,"annual_depletion","SB/SBF=0",1958,0.895695448141654,"annual"
"Diagnostic model","Diagnostic model",16,16,"Seed 16",FALSE,FALSE,"annual_depletion","SB/SBF=0",1959,0.8649432182768,"annual"
"Diagnostic model","Diagnostic model",16,16,"Seed 16",FALSE,FALSE,"annual_depletion","SB/SBF=0",1960,0.84007109819961,"annual"
"Diagnostic model","Diagnostic model",16,16,"Seed 16",FALSE,FALSE,"annual_depletion","SB/SBF=0",1961,0.828246426571976,"annual"
"Diagnostic model","Diagnostic model",16,16,"Seed 16",FALSE,FALSE,"annual_depletion","SB/SBF=0",1962,0.816021318474505,"annual"
"Diagnostic model","Diagnostic model",16,16,"Seed 16",FALSE,FALSE,"annual_depletion","SB/SBF=0",1963,0.804763601550661,"annual"
"Diagnostic model","Diagnostic model",16,16,"Seed 16",FALSE,FALSE,"annual_depletion","SB/SBF=0",1964,0.790839045549221,"annual"
"Diagnostic model","Diagnostic model",16,16,"Seed 16",FALSE,FALSE,"annual_depletion","SB/SBF=0",1965,0.795347772889873,"annual"
"Diagnostic model","Diagnostic model",16,16,"Seed 16",FALSE,FALSE,"annual_depletion","SB/SBF=0",1966,0.80038836424678,"annual"
"Diagnostic model","Diagnostic model",16,16,"Seed 16",FALSE,FALSE,"annual_depletion","SB/SBF=0",1967,0.795500786318066,"annual"
"Diagnostic model","Diagnostic model",16,16,"Seed 16",FALSE,FALSE,"annual_depletion","SB/SBF=0",1968,0.792227668454352,"annual"
"Diagnostic model","Diagnostic model",16,16,"Seed 16",FALSE,FALSE,"annual_depletion","SB/SBF=0",1969,0.796328193385922,"annual"
"Diagnostic model","Diagnostic model",16,16,"Seed 16",FALSE,FALSE,"annual_depletion","SB/SBF=0",1970,0.791876724809528,"annual"
"Diagnostic model","Diagnostic model",16,16,"Seed 16",FALSE,FALSE,"annual_depletion","SB/SBF=0",1971,0.788782622352438,"annual"
"Diagnostic model","Diagnostic model",16,16,"Seed 16",FALSE,FALSE,"annual_depletion","SB/SBF=0",1972,0.784188259465012,"annual"
"Diagnostic model","Diagnostic model",16,16,"Seed 16",FALSE,FALSE,"annual_depletion","SB/SBF=0",1973,0.76376876157495,"annual"
"Diagnostic model","Diagnostic model",16,16,"Seed 16",FALSE,FALSE,"annual_depletion","SB/SBF=0",1974,0.750950099742272,"annual"
"Diagnostic model","Diagnostic model",16,16,"Seed 16",FALSE,FALSE,"annual_depletion","SB/SBF=0",1975,0.736923076923077,"annual"
"Diagnostic model","Diagnostic model",16,16,"Seed 16",FALSE,FALSE,"annual_depletion","SB/SBF=0",1976,0.710833027589699,"annual"
"Diagnostic model","Diagnostic model",16,16,"Seed 16",FALSE,FALSE,"annual_depletion","SB/SBF=0",1977,0.690575735572105,"annual"
"Diagnostic model","Diagnostic model",16,16,"Seed 16",FALSE,FALSE,"annual_depletion","SB/SBF=0",1978,0.682151269904883,"annual"
"Diagnostic model","Diagnostic model",16,16,"Seed 16",FALSE,FALSE,"annual_depletion","SB/SBF=0",1979,0.665233925099162,"annual"
"Diagnostic model","Diagnostic model",16,16,"Seed 16",FALSE,FALSE,"annual_depletion","SB/SBF=0",1980,0.639292261396915,"annual"
"Diagnostic model","Diagnostic model",16,16,"Seed 16",FALSE,FALSE,"annual_depletion","SB/SBF=0",1981,0.61654357549019,"annual"
"Diagnostic model","Diagnostic model",16,16,"Seed 16",FALSE,FALSE,"annual_depletion","SB/SBF=0",1982,0.604757853648772,"annual"
"Diagnostic model","Diagnostic model",16,16,"Seed 16",FALSE,FALSE,"annual_depletion","SB/SBF=0",1983,0.596817365306298,"annual"
"Diagnostic model","Diagnostic model",16,16,"Seed 16",FALSE,FALSE,"annual_depletion","SB/SBF=0",1984,0.592507234335157,"annual"
"Diagnostic model","Diagnostic model",16,16,"Seed 16",FALSE,FALSE,"annual_depletion","SB/SBF=0",1985,0.571680672718422,"annual"
"Diagnostic model","Diagnostic model",16,16,"Seed 16",FALSE,FALSE,"annual_depletion","SB/SBF=0",1986,0.545776869952252,"annual"
"Diagnostic model","Diagnostic model",16,16,"Seed 16",FALSE,FALSE,"annual_depletion","SB/SBF=0",1987,0.528808423565953,"annual"
"Diagnostic model","Diagnostic model",16,16,"Seed 16",FALSE,FALSE,"annual_depletion","SB/SBF=0",1988,0.50838349668113,"annual"
"Diagnostic model","Diagnostic model",16,16,"Seed 16",FALSE,FALSE,"annual_depletion","SB/SBF=0",1989,0.494019635330401,"annual"
"Diagnostic model","Diagnostic model",16,16,"Seed 16",FALSE,FALSE,"annual_depletion","SB/SBF=0",1990,0.488006523593076,"annual"
"Diagnostic model","Diagnostic model",16,16,"Seed 16",FALSE,FALSE,"annual_depletion","SB/SBF=0",1991,0.477573559385812,"annual"
"Diagnostic model","Diagnostic model",16,16,"Seed 16",FALSE,FALSE,"annual_depletion","SB/SBF=0",1992,0.459842593651468,"annual"
"Diagnostic model","Diagnostic model",16,16,"Seed 16",FALSE,FALSE,"annual_depletion","SB/SBF=0",1993,0.431358905641815,"annual"
"Diagnostic model","Diagnostic model",16,16,"Seed 16",FALSE,FALSE,"annual_depletion","SB/SBF=0",1994,0.407964988269989,"annual"
"Diagnostic model","Diagnostic model",16,16,"Seed 16",FALSE,FALSE,"annual_depletion","SB/SBF=0",1995,0.381666003889611,"annual"
"Diagnostic model","Diagnostic model",16,16,"Seed 16",FALSE,FALSE,"annual_depletion","SB/SBF=0",1996,0.373884526485136,"annual"
"Diagnostic model","Diagnostic model",16,16,"Seed 16",FALSE,FALSE,"annual_depletion","SB/SBF=0",1997,0.389312832416928,"annual"
"Diagnostic model","Diagnostic model",16,16,"Seed 16",FALSE,FALSE,"annual_depletion","SB/SBF=0",1998,0.373575822055453,"annual"
"Diagnostic model","Diagnostic model",16,16,"Seed 16",FALSE,FALSE,"annual_depletion","SB/SBF=0",1999,0.349219258112462,"annual"
"Diagnostic model","Diagnostic model",16,16,"Seed 16",FALSE,FALSE,"annual_depletion","SB/SBF=0",2000,0.318465427983699,"annual"
"Diagnostic model","Diagnostic model",16,16,"Seed 16",FALSE,FALSE,"annual_depletion","SB/SBF=0",2001,0.295857490301925,"annual"
"Diagnostic model","Diagnostic model",16,16,"Seed 16",FALSE,FALSE,"annual_depletion","SB/SBF=0",2002,0.282191545392538,"annual"
"Diagnostic model","Diagnostic model",16,16,"Seed 16",FALSE,FALSE,"annual_depletion","SB/SBF=0",2003,0.266861276244803,"annual"
"Diagnostic model","Diagnostic model",16,16,"Seed 16",FALSE,FALSE,"annual_depletion","SB/SBF=0",2004,0.257493384814775,"annual"
"Diagnostic model","Diagnostic model",16,16,"Seed 16",FALSE,FALSE,"annual_depletion","SB/SBF=0",2005,0.235099184576165,"annual"
"Diagnostic model","Diagnostic model",16,16,"Seed 16",FALSE,FALSE,"annual_depletion","SB/SBF=0",2006,0.229015520550498,"annual"
"Diagnostic model","Diagnostic model",16,16,"Seed 16",FALSE,FALSE,"annual_depletion","SB/SBF=0",2007,0.223024444770514,"annual"
"Diagnostic model","Diagnostic model",16,16,"Seed 16",FALSE,FALSE,"annual_depletion","SB/SBF=0",2008,0.213868283749242,"annual"
"Diagnostic model","Diagnostic model",16,16,"Seed 16",FALSE,FALSE,"annual_depletion","SB/SBF=0",2009,0.202125569154935,"annual"
"Diagnostic model","Diagnostic model",16,16,"Seed 16",FALSE,FALSE,"annual_depletion","SB/SBF=0",2010,0.188290268087655,"annual"
"Diagnostic model","Diagnostic model",16,16,"Seed 16",FALSE,FALSE,"annual_depletion","SB/SBF=0",2011,0.186677426210781,"annual"
"Diagnostic model","Diagnostic model",16,16,"Seed 16",FALSE,FALSE,"annual_depletion","SB/SBF=0",2012,0.180801032095866,"annual"
"Diagnostic model","Diagnostic model",16,16,"Seed 16",FALSE,FALSE,"annual_depletion","SB/SBF=0",2013,0.173155129545367,"annual"
"Diagnostic model","Diagnostic model",16,16,"Seed 16",FALSE,FALSE,"annual_depletion","SB/SBF=0",2014,0.17685937978042,"annual"
"Diagnostic model","Diagnostic model",16,16,"Seed 16",FALSE,FALSE,"annual_depletion","SB/SBF=0",2015,0.183008646163949,"annual"
"Diagnostic model","Diagnostic model",16,16,"Seed 16",FALSE,FALSE,"annual_depletion","SB/SBF=0",2016,0.184249451117953,"annual"
"Diagnostic model","Diagnostic model",16,16,"Seed 16",FALSE,FALSE,"annual_depletion","SB/SBF=0",2017,0.182012509450821,"annual"
"Diagnostic model","Diagnostic model",16,16,"Seed 16",FALSE,FALSE,"annual_depletion","SB/SBF=0",2018,0.182240731572356,"annual"
"Diagnostic model","Diagnostic model",16,16,"Seed 16",FALSE,FALSE,"annual_depletion","SB/SBF=0",2019,0.181461788192725,"annual"
"Diagnostic model","Diagnostic model",16,16,"Seed 16",FALSE,FALSE,"annual_depletion","SB/SBF=0",2020,0.185159705239872,"annual"
"Diagnostic model","Diagnostic model",16,16,"Seed 16",FALSE,FALSE,"annual_depletion","SB/SBF=0",2021,0.192218242870696,"annual"
"Diagnostic model","Diagnostic model",16,16,"Seed 16",FALSE,FALSE,"annual_depletion","SB/SBF=0",2022,0.195029979632991,"annual"
"Diagnostic model","Diagnostic model",16,16,"Seed 16",FALSE,FALSE,"annual_depletion","SB/SBF=0",2023,0.188422429070388,"annual"
"Diagnostic model","Diagnostic model",16,16,"Seed 16",FALSE,FALSE,"annual_depletion","SB/SBF=0",2024,0.166103132401226,"annual"
"Diagnostic model","Diagnostic model",16,16,"Seed 16",FALSE,FALSE,"annual_sb_sbmsy","SB/SBMSY",1952,5.092,"annual"
"Diagnostic model","Diagnostic model",16,16,"Seed 16",FALSE,FALSE,"annual_sb_sbmsy","SB/SBMSY",1953,5.10375,"annual"
"Diagnostic model","Diagnostic model",16,16,"Seed 16",FALSE,FALSE,"annual_sb_sbmsy","SB/SBMSY",1954,5.1255,"annual"
"Diagnostic model","Diagnostic model",16,16,"Seed 16",FALSE,FALSE,"annual_sb_sbmsy","SB/SBMSY",1955,5.13475,"annual"
"Diagnostic model","Diagnostic model",16,16,"Seed 16",FALSE,FALSE,"annual_sb_sbmsy","SB/SBMSY",1956,5.1125,"annual"
"Diagnostic model","Diagnostic model",16,16,"Seed 16",FALSE,FALSE,"annual_sb_sbmsy","SB/SBMSY",1957,5.26725,"annual"
"Diagnostic model","Diagnostic model",16,16,"Seed 16",FALSE,FALSE,"annual_sb_sbmsy","SB/SBMSY",1958,5.15525,"annual"
"Diagnostic model","Diagnostic model",16,16,"Seed 16",FALSE,FALSE,"annual_sb_sbmsy","SB/SBMSY",1959,4.73125,"annual"
"Diagnostic model","Diagnostic model",16,16,"Seed 16",FALSE,FALSE,"annual_sb_sbmsy","SB/SBMSY",1960,4.27375,"annual"
"Diagnostic model","Diagnostic model",16,16,"Seed 16",FALSE,FALSE,"annual_sb_sbmsy","SB/SBMSY",1961,4.114,"annual"
"Diagnostic model","Diagnostic model",16,16,"Seed 16",FALSE,FALSE,"annual_sb_sbmsy","SB/SBMSY",1962,3.86175,"annual"
"Diagnostic model","Diagnostic model",16,16,"Seed 16",FALSE,FALSE,"annual_sb_sbmsy","SB/SBMSY",1963,3.64525,"annual"
"Diagnostic model","Diagnostic model",16,16,"Seed 16",FALSE,FALSE,"annual_sb_sbmsy","SB/SBMSY",1964,3.4,"annual"
"Diagnostic model","Diagnostic model",16,16,"Seed 16",FALSE,FALSE,"annual_sb_sbmsy","SB/SBMSY",1965,3.31175,"annual"
"Diagnostic model","Diagnostic model",16,16,"Seed 16",FALSE,FALSE,"annual_sb_sbmsy","SB/SBMSY",1966,3.28225,"annual"
"Diagnostic model","Diagnostic model",16,16,"Seed 16",FALSE,FALSE,"annual_sb_sbmsy","SB/SBMSY",1967,3.1475,"annual"
"Diagnostic model","Diagnostic model",16,16,"Seed 16",FALSE,FALSE,"annual_sb_sbmsy","SB/SBMSY",1968,3.00475,"annual"
"Diagnostic model","Diagnostic model",16,16,"Seed 16",FALSE,FALSE,"annual_sb_sbmsy","SB/SBMSY",1969,3.01625,"annual"
"Diagnostic model","Diagnostic model",16,16,"Seed 16",FALSE,FALSE,"annual_sb_sbmsy","SB/SBMSY",1970,2.9155,"annual"
"Diagnostic model","Diagnostic model",16,16,"Seed 16",FALSE,FALSE,"annual_sb_sbmsy","SB/SBMSY",1971,2.83225,"annual"
"Diagnostic model","Diagnostic model",16,16,"Seed 16",FALSE,FALSE,"annual_sb_sbmsy","SB/SBMSY",1972,2.8205,"annual"
"Diagnostic model","Diagnostic model",16,16,"Seed 16",FALSE,FALSE,"annual_sb_sbmsy","SB/SBMSY",1973,2.6505,"annual"
"Diagnostic model","Diagnostic model",16,16,"Seed 16",FALSE,FALSE,"annual_sb_sbmsy","SB/SBMSY",1974,2.50725,"annual"
"Diagnostic model","Diagnostic model",16,16,"Seed 16",FALSE,FALSE,"annual_sb_sbmsy","SB/SBMSY",1975,2.419,"annual"
"Diagnostic model","Diagnostic model",16,16,"Seed 16",FALSE,FALSE,"annual_sb_sbmsy","SB/SBMSY",1976,2.279,"annual"
"Diagnostic model","Diagnostic model",16,16,"Seed 16",FALSE,FALSE,"annual_sb_sbmsy","SB/SBMSY",1977,2.23775,"annual"
"Diagnostic model","Diagnostic model",16,16,"Seed 16",FALSE,FALSE,"annual_sb_sbmsy","SB/SBMSY",1978,2.30025,"annual"
"Diagnostic model","Diagnostic model",16,16,"Seed 16",FALSE,FALSE,"annual_sb_sbmsy","SB/SBMSY",1979,2.25175,"annual"
"Diagnostic model","Diagnostic model",16,16,"Seed 16",FALSE,FALSE,"annual_sb_sbmsy","SB/SBMSY",1980,2.15625,"annual"
"Diagnostic model","Diagnostic model",16,16,"Seed 16",FALSE,FALSE,"annual_sb_sbmsy","SB/SBMSY",1981,1.97575,"annual"
"Diagnostic model","Diagnostic model",16,16,"Seed 16",FALSE,FALSE,"annual_sb_sbmsy","SB/SBMSY",1982,1.87975,"annual"
"Diagnostic model","Diagnostic model",16,16,"Seed 16",FALSE,FALSE,"annual_sb_sbmsy","SB/SBMSY",1983,1.8865,"annual"
"Diagnostic model","Diagnostic model",16,16,"Seed 16",FALSE,FALSE,"annual_sb_sbmsy","SB/SBMSY",1984,2.0105,"annual"
"Diagnostic model","Diagnostic model",16,16,"Seed 16",FALSE,FALSE,"annual_sb_sbmsy","SB/SBMSY",1985,2.07825,"annual"
"Diagnostic model","Diagnostic model",16,16,"Seed 16",FALSE,FALSE,"annual_sb_sbmsy","SB/SBMSY",1986,2.0315,"annual"
"Diagnostic model","Diagnostic model",16,16,"Seed 16",FALSE,FALSE,"annual_sb_sbmsy","SB/SBMSY",1987,2.0325,"annual"
"Diagnostic model","Diagnostic model",16,16,"Seed 16",FALSE,FALSE,"annual_sb_sbmsy","SB/SBMSY",1988,2.047,"annual"
"Diagnostic model","Diagnostic model",16,16,"Seed 16",FALSE,FALSE,"annual_sb_sbmsy","SB/SBMSY",1989,2.03875,"annual"
"Diagnostic model","Diagnostic model",16,16,"Seed 16",FALSE,FALSE,"annual_sb_sbmsy","SB/SBMSY",1990,2.159,"annual"
"Diagnostic model","Diagnostic model",16,16,"Seed 16",FALSE,FALSE,"annual_sb_sbmsy","SB/SBMSY",1991,2.22125,"annual"
"Diagnostic model","Diagnostic model",16,16,"Seed 16",FALSE,FALSE,"annual_sb_sbmsy","SB/SBMSY",1992,2.18925,"annual"
"Diagnostic model","Diagnostic model",16,16,"Seed 16",FALSE,FALSE,"annual_sb_sbmsy","SB/SBMSY",1993,2.05475,"annual"
"Diagnostic model","Diagnostic model",16,16,"Seed 16",FALSE,FALSE,"annual_sb_sbmsy","SB/SBMSY",1994,1.97975,"annual"
"Diagnostic model","Diagnostic model",16,16,"Seed 16",FALSE,FALSE,"annual_sb_sbmsy","SB/SBMSY",1995,1.87575,"annual"
"Diagnostic model","Diagnostic model",16,16,"Seed 16",FALSE,FALSE,"annual_sb_sbmsy","SB/SBMSY",1996,1.82125,"annual"
"Diagnostic model","Diagnostic model",16,16,"Seed 16",FALSE,FALSE,"annual_sb_sbmsy","SB/SBMSY",1997,1.93725,"annual"
"Diagnostic model","Diagnostic model",16,16,"Seed 16",FALSE,FALSE,"annual_sb_sbmsy","SB/SBMSY",1998,1.905,"annual"
"Diagnostic model","Diagnostic model",16,16,"Seed 16",FALSE,FALSE,"annual_sb_sbmsy","SB/SBMSY",1999,1.81175,"annual"
"Diagnostic model","Diagnostic model",16,16,"Seed 16",FALSE,FALSE,"annual_sb_sbmsy","SB/SBMSY",2000,1.6695,"annual"
"Diagnostic model","Diagnostic model",16,16,"Seed 16",FALSE,FALSE,"annual_sb_sbmsy","SB/SBMSY",2001,1.5625,"annual"
"Diagnostic model","Diagnostic model",16,16,"Seed 16",FALSE,FALSE,"annual_sb_sbmsy","SB/SBMSY",2002,1.5325,"annual"
"Diagnostic model","Diagnostic model",16,16,"Seed 16",FALSE,FALSE,"annual_sb_sbmsy","SB/SBMSY",2003,1.51,"annual"
"Diagnostic model","Diagnostic model",16,16,"Seed 16",FALSE,FALSE,"annual_sb_sbmsy","SB/SBMSY",2004,1.4835,"annual"
"Diagnostic model","Diagnostic model",16,16,"Seed 16",FALSE,FALSE,"annual_sb_sbmsy","SB/SBMSY",2005,1.35375,"annual"
"Diagnostic model","Diagnostic model",16,16,"Seed 16",FALSE,FALSE,"annual_sb_sbmsy","SB/SBMSY",2006,1.326,"annual"
"Diagnostic model","Diagnostic model",16,16,"Seed 16",FALSE,FALSE,"annual_sb_sbmsy","SB/SBMSY",2007,1.31525,"annual"
"Diagnostic model","Diagnostic model",16,16,"Seed 16",FALSE,FALSE,"annual_sb_sbmsy","SB/SBMSY",2008,1.2625,"annual"
"Diagnostic model","Diagnostic model",16,16,"Seed 16",FALSE,FALSE,"annual_sb_sbmsy","SB/SBMSY",2009,1.176,"annual"
"Diagnostic model","Diagnostic model",16,16,"Seed 16",FALSE,FALSE,"annual_sb_sbmsy","SB/SBMSY",2010,1.09125,"annual"
"Diagnostic model","Diagnostic model",16,16,"Seed 16",FALSE,FALSE,"annual_sb_sbmsy","SB/SBMSY",2011,1.093,"annual"
"Diagnostic model","Diagnostic model",16,16,"Seed 16",FALSE,FALSE,"annual_sb_sbmsy","SB/SBMSY",2012,1.06275,"annual"
"Diagnostic model","Diagnostic model",16,16,"Seed 16",FALSE,FALSE,"annual_sb_sbmsy","SB/SBMSY",2013,1.000075,"annual"
"Diagnostic model","Diagnostic model",16,16,"Seed 16",FALSE,FALSE,"annual_sb_sbmsy","SB/SBMSY",2014,1.0285,"annual"
"Diagnostic model","Diagnostic model",16,16,"Seed 16",FALSE,FALSE,"annual_sb_sbmsy","SB/SBMSY",2015,1.10575,"annual"
"Diagnostic model","Diagnostic model",16,16,"Seed 16",FALSE,FALSE,"annual_sb_sbmsy","SB/SBMSY",2016,1.13575,"annual"
"Diagnostic model","Diagnostic model",16,16,"Seed 16",FALSE,FALSE,"annual_sb_sbmsy","SB/SBMSY",2017,1.107,"annual"
"Diagnostic model","Diagnostic model",16,16,"Seed 16",FALSE,FALSE,"annual_sb_sbmsy","SB/SBMSY",2018,1.095,"annual"
"Diagnostic model","Diagnostic model",16,16,"Seed 16",FALSE,FALSE,"annual_sb_sbmsy","SB/SBMSY",2019,1.08625,"annual"
"Diagnostic model","Diagnostic model",16,16,"Seed 16",FALSE,FALSE,"annual_sb_sbmsy","SB/SBMSY",2020,1.10375,"annual"
"Diagnostic model","Diagnostic model",16,16,"Seed 16",FALSE,FALSE,"annual_sb_sbmsy","SB/SBMSY",2021,1.12875,"annual"
"Diagnostic model","Diagnostic model",16,16,"Seed 16",FALSE,FALSE,"annual_sb_sbmsy","SB/SBMSY",2022,1.1295,"annual"
"Diagnostic model","Diagnostic model",16,16,"Seed 16",FALSE,FALSE,"annual_sb_sbmsy","SB/SBMSY",2023,1.06475,"annual"
"Diagnostic model","Diagnostic model",16,16,"Seed 16",FALSE,FALSE,"annual_sb_sbmsy","SB/SBMSY",2024,0.917825,"annual"
"Diagnostic model","Diagnostic model",16,16,"Seed 16",FALSE,FALSE,"annual_f_fmsy","F/FMSY",1952,0.07725,"annual"
"Diagnostic model","Diagnostic model",16,16,"Seed 16",FALSE,FALSE,"annual_f_fmsy","F/FMSY",1953,0.071865,"annual"
"Diagnostic model","Diagnostic model",16,16,"Seed 16",FALSE,FALSE,"annual_f_fmsy","F/FMSY",1954,0.049025,"annual"
"Diagnostic model","Diagnostic model",16,16,"Seed 16",FALSE,FALSE,"annual_f_fmsy","F/FMSY",1955,0.0783325,"annual"
"Diagnostic model","Diagnostic model",16,16,"Seed 16",FALSE,FALSE,"annual_f_fmsy","F/FMSY",1956,0.0865175,"annual"
"Diagnostic model","Diagnostic model",16,16,"Seed 16",FALSE,FALSE,"annual_f_fmsy","F/FMSY",1957,0.1164725,"annual"
"Diagnostic model","Diagnostic model",16,16,"Seed 16",FALSE,FALSE,"annual_f_fmsy","F/FMSY",1958,0.17221,"annual"
"Diagnostic model","Diagnostic model",16,16,"Seed 16",FALSE,FALSE,"annual_f_fmsy","F/FMSY",1959,0.1589875,"annual"
"Diagnostic model","Diagnostic model",16,16,"Seed 16",FALSE,FALSE,"annual_f_fmsy","F/FMSY",1960,0.1603475,"annual"
"Diagnostic model","Diagnostic model",16,16,"Seed 16",FALSE,FALSE,"annual_f_fmsy","F/FMSY",1961,0.159475,"annual"
"Diagnostic model","Diagnostic model",16,16,"Seed 16",FALSE,FALSE,"annual_f_fmsy","F/FMSY",1962,0.1541,"annual"
"Diagnostic model","Diagnostic model",16,16,"Seed 16",FALSE,FALSE,"annual_f_fmsy","F/FMSY",1963,0.19805,"annual"
"Diagnostic model","Diagnostic model",16,16,"Seed 16",FALSE,FALSE,"annual_f_fmsy","F/FMSY",1964,0.14731,"annual"
"Diagnostic model","Diagnostic model",16,16,"Seed 16",FALSE,FALSE,"annual_f_fmsy","F/FMSY",1965,0.137525,"annual"
"Diagnostic model","Diagnostic model",16,16,"Seed 16",FALSE,FALSE,"annual_f_fmsy","F/FMSY",1966,0.1556,"annual"
"Diagnostic model","Diagnostic model",16,16,"Seed 16",FALSE,FALSE,"annual_f_fmsy","F/FMSY",1967,0.169125,"annual"
"Diagnostic model","Diagnostic model",16,16,"Seed 16",FALSE,FALSE,"annual_f_fmsy","F/FMSY",1968,0.138775,"annual"
"Diagnostic model","Diagnostic model",16,16,"Seed 16",FALSE,FALSE,"annual_f_fmsy","F/FMSY",1969,0.1741,"annual"
"Diagnostic model","Diagnostic model",16,16,"Seed 16",FALSE,FALSE,"annual_f_fmsy","F/FMSY",1970,0.1659,"annual"
"Diagnostic model","Diagnostic model",16,16,"Seed 16",FALSE,FALSE,"annual_f_fmsy","F/FMSY",1971,0.169375,"annual"
"Diagnostic model","Diagnostic model",16,16,"Seed 16",FALSE,FALSE,"annual_f_fmsy","F/FMSY",1972,0.234575,"annual"
"Diagnostic model","Diagnostic model",16,16,"Seed 16",FALSE,FALSE,"annual_f_fmsy","F/FMSY",1973,0.198825,"annual"
"Diagnostic model","Diagnostic model",16,16,"Seed 16",FALSE,FALSE,"annual_f_fmsy","F/FMSY",1974,0.22325,"annual"
"Diagnostic model","Diagnostic model",16,16,"Seed 16",FALSE,FALSE,"annual_f_fmsy","F/FMSY",1975,0.2854,"annual"
"Diagnostic model","Diagnostic model",16,16,"Seed 16",FALSE,FALSE,"annual_f_fmsy","F/FMSY",1976,0.30205,"annual"
"Diagnostic model","Diagnostic model",16,16,"Seed 16",FALSE,FALSE,"annual_f_fmsy","F/FMSY",1977,0.335825,"annual"
"Diagnostic model","Diagnostic model",16,16,"Seed 16",FALSE,FALSE,"annual_f_fmsy","F/FMSY",1978,0.281225,"annual"
"Diagnostic model","Diagnostic model",16,16,"Seed 16",FALSE,FALSE,"annual_f_fmsy","F/FMSY",1979,0.36425,"annual"
"Diagnostic model","Diagnostic model",16,16,"Seed 16",FALSE,FALSE,"annual_f_fmsy","F/FMSY",1980,0.370375,"annual"
"Diagnostic model","Diagnostic model",16,16,"Seed 16",FALSE,FALSE,"annual_f_fmsy","F/FMSY",1981,0.350975,"annual"
"Diagnostic model","Diagnostic model",16,16,"Seed 16",FALSE,FALSE,"annual_f_fmsy","F/FMSY",1982,0.405975,"annual"
"Diagnostic model","Diagnostic model",16,16,"Seed 16",FALSE,FALSE,"annual_f_fmsy","F/FMSY",1983,0.39935,"annual"
"Diagnostic model","Diagnostic model",16,16,"Seed 16",FALSE,FALSE,"annual_f_fmsy","F/FMSY",1984,0.43275,"annual"
"Diagnostic model","Diagnostic model",16,16,"Seed 16",FALSE,FALSE,"annual_f_fmsy","F/FMSY",1985,0.451175,"annual"
"Diagnostic model","Diagnostic model",16,16,"Seed 16",FALSE,FALSE,"annual_f_fmsy","F/FMSY",1986,0.414575,"annual"
"Diagnostic model","Diagnostic model",16,16,"Seed 16",FALSE,FALSE,"annual_f_fmsy","F/FMSY",1987,0.52955,"annual"
"Diagnostic model","Diagnostic model",16,16,"Seed 16",FALSE,FALSE,"annual_f_fmsy","F/FMSY",1988,0.45735,"annual"
"Diagnostic model","Diagnostic model",16,16,"Seed 16",FALSE,FALSE,"annual_f_fmsy","F/FMSY",1989,0.44835,"annual"
"Diagnostic model","Diagnostic model",16,16,"Seed 16",FALSE,FALSE,"annual_f_fmsy","F/FMSY",1990,0.549775,"annual"
"Diagnostic model","Diagnostic model",16,16,"Seed 16",FALSE,FALSE,"annual_f_fmsy","F/FMSY",1991,0.50935,"annual"
"Diagnostic model","Diagnostic model",16,16,"Seed 16",FALSE,FALSE,"annual_f_fmsy","F/FMSY",1992,0.640775,"annual"
"Diagnostic model","Diagnostic model",16,16,"Seed 16",FALSE,FALSE,"annual_f_fmsy","F/FMSY",1993,0.57275,"annual"
"Diagnostic model","Diagnostic model",16,16,"Seed 16",FALSE,FALSE,"annual_f_fmsy","F/FMSY",1994,0.663475,"annual"
"Diagnostic model","Diagnostic model",16,16,"Seed 16",FALSE,FALSE,"annual_f_fmsy","F/FMSY",1995,0.590725,"annual"
"Diagnostic model","Diagnostic model",16,16,"Seed 16",FALSE,FALSE,"annual_f_fmsy","F/FMSY",1996,0.54985,"annual"
"Diagnostic model","Diagnostic model",16,16,"Seed 16",FALSE,FALSE,"annual_f_fmsy","F/FMSY",1997,0.693475,"annual"
"Diagnostic model","Diagnostic model",16,16,"Seed 16",FALSE,FALSE,"annual_f_fmsy","F/FMSY",1998,0.823075,"annual"
"Diagnostic model","Diagnostic model",16,16,"Seed 16",FALSE,FALSE,"annual_f_fmsy","F/FMSY",1999,0.90325,"annual"
"Diagnostic model","Diagnostic model",16,16,"Seed 16",FALSE,FALSE,"annual_f_fmsy","F/FMSY",2000,0.881825,"annual"
"Diagnostic model","Diagnostic model",16,16,"Seed 16",FALSE,FALSE,"annual_f_fmsy","F/FMSY",2001,0.7554,"annual"
"Diagnostic model","Diagnostic model",16,16,"Seed 16",FALSE,FALSE,"annual_f_fmsy","F/FMSY",2002,0.939975,"annual"
"Diagnostic model","Diagnostic model",16,16,"Seed 16",FALSE,FALSE,"annual_f_fmsy","F/FMSY",2003,0.855075,"annual"
"Diagnostic model","Diagnostic model",16,16,"Seed 16",FALSE,FALSE,"annual_f_fmsy","F/FMSY",2004,1.19475,"annual"
"Diagnostic model","Diagnostic model",16,16,"Seed 16",FALSE,FALSE,"annual_f_fmsy","F/FMSY",2005,0.964875,"annual"
"Diagnostic model","Diagnostic model",16,16,"Seed 16",FALSE,FALSE,"annual_f_fmsy","F/FMSY",2006,1.032325,"annual"
"Diagnostic model","Diagnostic model",16,16,"Seed 16",FALSE,FALSE,"annual_f_fmsy","F/FMSY",2007,1.057525,"annual"
"Diagnostic model","Diagnostic model",16,16,"Seed 16",FALSE,FALSE,"annual_f_fmsy","F/FMSY",2008,1.135,"annual"
"Diagnostic model","Diagnostic model",16,16,"Seed 16",FALSE,FALSE,"annual_f_fmsy","F/FMSY",2009,1.158125,"annual"
"Diagnostic model","Diagnostic model",16,16,"Seed 16",FALSE,FALSE,"annual_f_fmsy","F/FMSY",2010,0.960225,"annual"
"Diagnostic model","Diagnostic model",16,16,"Seed 16",FALSE,FALSE,"annual_f_fmsy","F/FMSY",2011,1.19155,"annual"
"Diagnostic model","Diagnostic model",16,16,"Seed 16",FALSE,FALSE,"annual_f_fmsy","F/FMSY",2012,1.217525,"annual"
"Diagnostic model","Diagnostic model",16,16,"Seed 16",FALSE,FALSE,"annual_f_fmsy","F/FMSY",2013,1.103675,"annual"
"Diagnostic model","Diagnostic model",16,16,"Seed 16",FALSE,FALSE,"annual_f_fmsy","F/FMSY",2014,1.189275,"annual"
"Diagnostic model","Diagnostic model",16,16,"Seed 16",FALSE,FALSE,"annual_f_fmsy","F/FMSY",2015,1.08045,"annual"
"Diagnostic model","Diagnostic model",16,16,"Seed 16",FALSE,FALSE,"annual_f_fmsy","F/FMSY",2016,1.129075,"annual"
"Diagnostic model","Diagnostic model",16,16,"Seed 16",FALSE,FALSE,"annual_f_fmsy","F/FMSY",2017,0.9539,"annual"
"Diagnostic model","Diagnostic model",16,16,"Seed 16",FALSE,FALSE,"annual_f_fmsy","F/FMSY",2018,1.104575,"annual"
"Diagnostic model","Diagnostic model",16,16,"Seed 16",FALSE,FALSE,"annual_f_fmsy","F/FMSY",2019,0.977175,"annual"
"Diagnostic model","Diagnostic model",16,16,"Seed 16",FALSE,FALSE,"annual_f_fmsy","F/FMSY",2020,1.0327,"annual"
"Diagnostic model","Diagnostic model",16,16,"Seed 16",FALSE,FALSE,"annual_f_fmsy","F/FMSY",2021,1.024975,"annual"
"Diagnostic model","Diagnostic model",16,16,"Seed 16",FALSE,FALSE,"annual_f_fmsy","F/FMSY",2022,1.11865,"annual"
"Diagnostic model","Diagnostic model",16,16,"Seed 16",FALSE,FALSE,"annual_f_fmsy","F/FMSY",2023,1.2275,"annual"
"Diagnostic model","Diagnostic model",16,16,"Seed 16",FALSE,FALSE,"annual_f_fmsy","F/FMSY",2024,1.402,"annual"
"Diagnostic model","Diagnostic model",17,17,"Seed 17",FALSE,FALSE,"annual_depletion","SB/SBF=0",1952,0.993439148505833,"annual"
"Diagnostic model","Diagnostic model",17,17,"Seed 17",FALSE,FALSE,"annual_depletion","SB/SBF=0",1953,0.973040852066373,"annual"
"Diagnostic model","Diagnostic model",17,17,"Seed 17",FALSE,FALSE,"annual_depletion","SB/SBF=0",1954,0.960661812006278,"annual"
"Diagnostic model","Diagnostic model",17,17,"Seed 17",FALSE,FALSE,"annual_depletion","SB/SBF=0",1955,0.95051381451372,"annual"
"Diagnostic model","Diagnostic model",17,17,"Seed 17",FALSE,FALSE,"annual_depletion","SB/SBF=0",1956,0.937325865909057,"annual"
"Diagnostic model","Diagnostic model",17,17,"Seed 17",FALSE,FALSE,"annual_depletion","SB/SBF=0",1957,0.924762315578696,"annual"
"Diagnostic model","Diagnostic model",17,17,"Seed 17",FALSE,FALSE,"annual_depletion","SB/SBF=0",1958,0.902159877919944,"annual"
"Diagnostic model","Diagnostic model",17,17,"Seed 17",FALSE,FALSE,"annual_depletion","SB/SBF=0",1959,0.872783911540196,"annual"
"Diagnostic model","Diagnostic model",17,17,"Seed 17",FALSE,FALSE,"annual_depletion","SB/SBF=0",1960,0.84912923626914,"annual"
"Diagnostic model","Diagnostic model",17,17,"Seed 17",FALSE,FALSE,"annual_depletion","SB/SBF=0",1961,0.838593603355232,"annual"
"Diagnostic model","Diagnostic model",17,17,"Seed 17",FALSE,FALSE,"annual_depletion","SB/SBF=0",1962,0.827742198896277,"annual"
"Diagnostic model","Diagnostic model",17,17,"Seed 17",FALSE,FALSE,"annual_depletion","SB/SBF=0",1963,0.817398983440956,"annual"
"Diagnostic model","Diagnostic model",17,17,"Seed 17",FALSE,FALSE,"annual_depletion","SB/SBF=0",1964,0.804398464468766,"annual"
"Diagnostic model","Diagnostic model",17,17,"Seed 17",FALSE,FALSE,"annual_depletion","SB/SBF=0",1965,0.808053673771443,"annual"
"Diagnostic model","Diagnostic model",17,17,"Seed 17",FALSE,FALSE,"annual_depletion","SB/SBF=0",1966,0.812130894350319,"annual"
"Diagnostic model","Diagnostic model",17,17,"Seed 17",FALSE,FALSE,"annual_depletion","SB/SBF=0",1967,0.807152704379394,"annual"
"Diagnostic model","Diagnostic model",17,17,"Seed 17",FALSE,FALSE,"annual_depletion","SB/SBF=0",1968,0.803794352892588,"annual"
"Diagnostic model","Diagnostic model",17,17,"Seed 17",FALSE,FALSE,"annual_depletion","SB/SBF=0",1969,0.807567583183469,"annual"
"Diagnostic model","Diagnostic model",17,17,"Seed 17",FALSE,FALSE,"annual_depletion","SB/SBF=0",1970,0.803463581098998,"annual"
"Diagnostic model","Diagnostic model",17,17,"Seed 17",FALSE,FALSE,"annual_depletion","SB/SBF=0",1971,0.800767364154947,"annual"
"Diagnostic model","Diagnostic model",17,17,"Seed 17",FALSE,FALSE,"annual_depletion","SB/SBF=0",1972,0.796132233335619,"annual"
"Diagnostic model","Diagnostic model",17,17,"Seed 17",FALSE,FALSE,"annual_depletion","SB/SBF=0",1973,0.776639776442054,"annual"
"Diagnostic model","Diagnostic model",17,17,"Seed 17",FALSE,FALSE,"annual_depletion","SB/SBF=0",1974,0.764579622152627,"annual"
"Diagnostic model","Diagnostic model",17,17,"Seed 17",FALSE,FALSE,"annual_depletion","SB/SBF=0",1975,0.751443325197592,"annual"
"Diagnostic model","Diagnostic model",17,17,"Seed 17",FALSE,FALSE,"annual_depletion","SB/SBF=0",1976,0.726671880102435,"annual"
"Diagnostic model","Diagnostic model",17,17,"Seed 17",FALSE,FALSE,"annual_depletion","SB/SBF=0",1977,0.706948698859406,"annual"
"Diagnostic model","Diagnostic model",17,17,"Seed 17",FALSE,FALSE,"annual_depletion","SB/SBF=0",1978,0.698484479193767,"annual"
"Diagnostic model","Diagnostic model",17,17,"Seed 17",FALSE,FALSE,"annual_depletion","SB/SBF=0",1979,0.68296901771196,"annual"
"Diagnostic model","Diagnostic model",17,17,"Seed 17",FALSE,FALSE,"annual_depletion","SB/SBF=0",1980,0.658202691938146,"annual"
"Diagnostic model","Diagnostic model",17,17,"Seed 17",FALSE,FALSE,"annual_depletion","SB/SBF=0",1981,0.636663714676757,"annual"
"Diagnostic model","Diagnostic model",17,17,"Seed 17",FALSE,FALSE,"annual_depletion","SB/SBF=0",1982,0.626083042913105,"annual"
"Diagnostic model","Diagnostic model",17,17,"Seed 17",FALSE,FALSE,"annual_depletion","SB/SBF=0",1983,0.618374110508627,"annual"
"Diagnostic model","Diagnostic model",17,17,"Seed 17",FALSE,FALSE,"annual_depletion","SB/SBF=0",1984,0.613723974198907,"annual"
"Diagnostic model","Diagnostic model",17,17,"Seed 17",FALSE,FALSE,"annual_depletion","SB/SBF=0",1985,0.593382848388113,"annual"
"Diagnostic model","Diagnostic model",17,17,"Seed 17",FALSE,FALSE,"annual_depletion","SB/SBF=0",1986,0.568045217400025,"annual"
"Diagnostic model","Diagnostic model",17,17,"Seed 17",FALSE,FALSE,"annual_depletion","SB/SBF=0",1987,0.550008526312199,"annual"
"Diagnostic model","Diagnostic model",17,17,"Seed 17",FALSE,FALSE,"annual_depletion","SB/SBF=0",1988,0.529419453015231,"annual"
"Diagnostic model","Diagnostic model",17,17,"Seed 17",FALSE,FALSE,"annual_depletion","SB/SBF=0",1989,0.514764640393931,"annual"
"Diagnostic model","Diagnostic model",17,17,"Seed 17",FALSE,FALSE,"annual_depletion","SB/SBF=0",1990,0.506942246454246,"annual"
"Diagnostic model","Diagnostic model",17,17,"Seed 17",FALSE,FALSE,"annual_depletion","SB/SBF=0",1991,0.495411006724562,"annual"
"Diagnostic model","Diagnostic model",17,17,"Seed 17",FALSE,FALSE,"annual_depletion","SB/SBF=0",1992,0.477700228718676,"annual"
"Diagnostic model","Diagnostic model",17,17,"Seed 17",FALSE,FALSE,"annual_depletion","SB/SBF=0",1993,0.450243160729842,"annual"
"Diagnostic model","Diagnostic model",17,17,"Seed 17",FALSE,FALSE,"annual_depletion","SB/SBF=0",1994,0.426759191624057,"annual"
"Diagnostic model","Diagnostic model",17,17,"Seed 17",FALSE,FALSE,"annual_depletion","SB/SBF=0",1995,0.400167822996213,"annual"
"Diagnostic model","Diagnostic model",17,17,"Seed 17",FALSE,FALSE,"annual_depletion","SB/SBF=0",1996,0.391740341978686,"annual"
"Diagnostic model","Diagnostic model",17,17,"Seed 17",FALSE,FALSE,"annual_depletion","SB/SBF=0",1997,0.406707153736061,"annual"
"Diagnostic model","Diagnostic model",17,17,"Seed 17",FALSE,FALSE,"annual_depletion","SB/SBF=0",1998,0.39101861173591,"annual"
"Diagnostic model","Diagnostic model",17,17,"Seed 17",FALSE,FALSE,"annual_depletion","SB/SBF=0",1999,0.367059303179341,"annual"
"Diagnostic model","Diagnostic model",17,17,"Seed 17",FALSE,FALSE,"annual_depletion","SB/SBF=0",2000,0.336040417515723,"annual"
"Diagnostic model","Diagnostic model",17,17,"Seed 17",FALSE,FALSE,"annual_depletion","SB/SBF=0",2001,0.313540207238762,"annual"
"Diagnostic model","Diagnostic model",17,17,"Seed 17",FALSE,FALSE,"annual_depletion","SB/SBF=0",2002,0.299156030336663,"annual"
"Diagnostic model","Diagnostic model",17,17,"Seed 17",FALSE,FALSE,"annual_depletion","SB/SBF=0",2003,0.282168121362191,"annual"
"Diagnostic model","Diagnostic model",17,17,"Seed 17",FALSE,FALSE,"annual_depletion","SB/SBF=0",2004,0.271229079462655,"annual"
"Diagnostic model","Diagnostic model",17,17,"Seed 17",FALSE,FALSE,"annual_depletion","SB/SBF=0",2005,0.248760108998442,"annual"
"Diagnostic model","Diagnostic model",17,17,"Seed 17",FALSE,FALSE,"annual_depletion","SB/SBF=0",2006,0.241926513999013,"annual"
"Diagnostic model","Diagnostic model",17,17,"Seed 17",FALSE,FALSE,"annual_depletion","SB/SBF=0",2007,0.235281786504817,"annual"
"Diagnostic model","Diagnostic model",17,17,"Seed 17",FALSE,FALSE,"annual_depletion","SB/SBF=0",2008,0.225713289740192,"annual"
"Diagnostic model","Diagnostic model",17,17,"Seed 17",FALSE,FALSE,"annual_depletion","SB/SBF=0",2009,0.213765519092678,"annual"
"Diagnostic model","Diagnostic model",17,17,"Seed 17",FALSE,FALSE,"annual_depletion","SB/SBF=0",2010,0.1999012509896,"annual"
"Diagnostic model","Diagnostic model",17,17,"Seed 17",FALSE,FALSE,"annual_depletion","SB/SBF=0",2011,0.197737990447917,"annual"
"Diagnostic model","Diagnostic model",17,17,"Seed 17",FALSE,FALSE,"annual_depletion","SB/SBF=0",2012,0.190876718360648,"annual"
"Diagnostic model","Diagnostic model",17,17,"Seed 17",FALSE,FALSE,"annual_depletion","SB/SBF=0",2013,0.182357984885452,"annual"
"Diagnostic model","Diagnostic model",17,17,"Seed 17",FALSE,FALSE,"annual_depletion","SB/SBF=0",2014,0.185888726445196,"annual"
"Diagnostic model","Diagnostic model",17,17,"Seed 17",FALSE,FALSE,"annual_depletion","SB/SBF=0",2015,0.192539434995208,"annual"
"Diagnostic model","Diagnostic model",17,17,"Seed 17",FALSE,FALSE,"annual_depletion","SB/SBF=0",2016,0.194174209941242,"annual"
"Diagnostic model","Diagnostic model",17,17,"Seed 17",FALSE,FALSE,"annual_depletion","SB/SBF=0",2017,0.192236397164441,"annual"
"Diagnostic model","Diagnostic model",17,17,"Seed 17",FALSE,FALSE,"annual_depletion","SB/SBF=0",2018,0.192125455327227,"annual"
"Diagnostic model","Diagnostic model",17,17,"Seed 17",FALSE,FALSE,"annual_depletion","SB/SBF=0",2019,0.190831374503777,"annual"
"Diagnostic model","Diagnostic model",17,17,"Seed 17",FALSE,FALSE,"annual_depletion","SB/SBF=0",2020,0.193979009179597,"annual"
"Diagnostic model","Diagnostic model",17,17,"Seed 17",FALSE,FALSE,"annual_depletion","SB/SBF=0",2021,0.200942472338321,"annual"
"Diagnostic model","Diagnostic model",17,17,"Seed 17",FALSE,FALSE,"annual_depletion","SB/SBF=0",2022,0.203920118716954,"annual"
"Diagnostic model","Diagnostic model",17,17,"Seed 17",FALSE,FALSE,"annual_depletion","SB/SBF=0",2023,0.197827796750492,"annual"
"Diagnostic model","Diagnostic model",17,17,"Seed 17",FALSE,FALSE,"annual_depletion","SB/SBF=0",2024,0.176730044596235,"annual"
"Diagnostic model","Diagnostic model",17,17,"Seed 17",FALSE,FALSE,"annual_sb_sbmsy","SB/SBMSY",1952,5.5,"annual"
"Diagnostic model","Diagnostic model",17,17,"Seed 17",FALSE,FALSE,"annual_sb_sbmsy","SB/SBMSY",1953,5.52675,"annual"
"Diagnostic model","Diagnostic model",17,17,"Seed 17",FALSE,FALSE,"annual_sb_sbmsy","SB/SBMSY",1954,5.5595,"annual"
"Diagnostic model","Diagnostic model",17,17,"Seed 17",FALSE,FALSE,"annual_sb_sbmsy","SB/SBMSY",1955,5.59125,"annual"
"Diagnostic model","Diagnostic model",17,17,"Seed 17",FALSE,FALSE,"annual_sb_sbmsy","SB/SBMSY",1956,5.59425,"annual"
"Diagnostic model","Diagnostic model",17,17,"Seed 17",FALSE,FALSE,"annual_sb_sbmsy","SB/SBMSY",1957,5.7675,"annual"
"Diagnostic model","Diagnostic model",17,17,"Seed 17",FALSE,FALSE,"annual_sb_sbmsy","SB/SBMSY",1958,5.64575,"annual"
"Diagnostic model","Diagnostic model",17,17,"Seed 17",FALSE,FALSE,"annual_sb_sbmsy","SB/SBMSY",1959,5.18725,"annual"
"Diagnostic model","Diagnostic model",17,17,"Seed 17",FALSE,FALSE,"annual_sb_sbmsy","SB/SBMSY",1960,4.697,"annual"
"Diagnostic model","Diagnostic model",17,17,"Seed 17",FALSE,FALSE,"annual_sb_sbmsy","SB/SBMSY",1961,4.5415,"annual"
"Diagnostic model","Diagnostic model",17,17,"Seed 17",FALSE,FALSE,"annual_sb_sbmsy","SB/SBMSY",1962,4.28675,"annual"
"Diagnostic model","Diagnostic model",17,17,"Seed 17",FALSE,FALSE,"annual_sb_sbmsy","SB/SBMSY",1963,4.06125,"annual"
"Diagnostic model","Diagnostic model",17,17,"Seed 17",FALSE,FALSE,"annual_sb_sbmsy","SB/SBMSY",1964,3.79825,"annual"
"Diagnostic model","Diagnostic model",17,17,"Seed 17",FALSE,FALSE,"annual_sb_sbmsy","SB/SBMSY",1965,3.69075,"annual"
"Diagnostic model","Diagnostic model",17,17,"Seed 17",FALSE,FALSE,"annual_sb_sbmsy","SB/SBMSY",1966,3.6435,"annual"
"Diagnostic model","Diagnostic model",17,17,"Seed 17",FALSE,FALSE,"annual_sb_sbmsy","SB/SBMSY",1967,3.4875,"annual"
"Diagnostic model","Diagnostic model",17,17,"Seed 17",FALSE,FALSE,"annual_sb_sbmsy","SB/SBMSY",1968,3.323,"annual"
"Diagnostic model","Diagnostic model",17,17,"Seed 17",FALSE,FALSE,"annual_sb_sbmsy","SB/SBMSY",1969,3.33,"annual"
"Diagnostic model","Diagnostic model",17,17,"Seed 17",FALSE,FALSE,"annual_sb_sbmsy","SB/SBMSY",1970,3.2185,"annual"
"Diagnostic model","Diagnostic model",17,17,"Seed 17",FALSE,FALSE,"annual_sb_sbmsy","SB/SBMSY",1971,3.12825,"annual"
"Diagnostic model","Diagnostic model",17,17,"Seed 17",FALSE,FALSE,"annual_sb_sbmsy","SB/SBMSY",1972,3.1125,"annual"
"Diagnostic model","Diagnostic model",17,17,"Seed 17",FALSE,FALSE,"annual_sb_sbmsy","SB/SBMSY",1973,2.9245,"annual"
"Diagnostic model","Diagnostic model",17,17,"Seed 17",FALSE,FALSE,"annual_sb_sbmsy","SB/SBMSY",1974,2.76525,"annual"
"Diagnostic model","Diagnostic model",17,17,"Seed 17",FALSE,FALSE,"annual_sb_sbmsy","SB/SBMSY",1975,2.66825,"annual"
"Diagnostic model","Diagnostic model",17,17,"Seed 17",FALSE,FALSE,"annual_sb_sbmsy","SB/SBMSY",1976,2.51825,"annual"
"Diagnostic model","Diagnostic model",17,17,"Seed 17",FALSE,FALSE,"annual_sb_sbmsy","SB/SBMSY",1977,2.46975,"annual"
"Diagnostic model","Diagnostic model",17,17,"Seed 17",FALSE,FALSE,"annual_sb_sbmsy","SB/SBMSY",1978,2.53225,"annual"
"Diagnostic model","Diagnostic model",17,17,"Seed 17",FALSE,FALSE,"annual_sb_sbmsy","SB/SBMSY",1979,2.485,"annual"
"Diagnostic model","Diagnostic model",17,17,"Seed 17",FALSE,FALSE,"annual_sb_sbmsy","SB/SBMSY",1980,2.387,"annual"
"Diagnostic model","Diagnostic model",17,17,"Seed 17",FALSE,FALSE,"annual_sb_sbmsy","SB/SBMSY",1981,2.198,"annual"
"Diagnostic model","Diagnostic model",17,17,"Seed 17",FALSE,FALSE,"annual_sb_sbmsy","SB/SBMSY",1982,2.099,"annual"
"Diagnostic model","Diagnostic model",17,17,"Seed 17",FALSE,FALSE,"annual_sb_sbmsy","SB/SBMSY",1983,2.1025,"annual"
"Diagnostic model","Diagnostic model",17,17,"Seed 17",FALSE,FALSE,"annual_sb_sbmsy","SB/SBMSY",1984,2.23025,"annual"
"Diagnostic model","Diagnostic model",17,17,"Seed 17",FALSE,FALSE,"annual_sb_sbmsy","SB/SBMSY",1985,2.29925,"annual"
"Diagnostic model","Diagnostic model",17,17,"Seed 17",FALSE,FALSE,"annual_sb_sbmsy","SB/SBMSY",1986,2.24925,"annual"
"Diagnostic model","Diagnostic model",17,17,"Seed 17",FALSE,FALSE,"annual_sb_sbmsy","SB/SBMSY",1987,2.24125,"annual"
"Diagnostic model","Diagnostic model",17,17,"Seed 17",FALSE,FALSE,"annual_sb_sbmsy","SB/SBMSY",1988,2.25175,"annual"
"Diagnostic model","Diagnostic model",17,17,"Seed 17",FALSE,FALSE,"annual_sb_sbmsy","SB/SBMSY",1989,2.23525,"annual"
"Diagnostic model","Diagnostic model",17,17,"Seed 17",FALSE,FALSE,"annual_sb_sbmsy","SB/SBMSY",1990,2.35,"annual"
"Diagnostic model","Diagnostic model",17,17,"Seed 17",FALSE,FALSE,"annual_sb_sbmsy","SB/SBMSY",1991,2.409,"annual"
"Diagnostic model","Diagnostic model",17,17,"Seed 17",FALSE,FALSE,"annual_sb_sbmsy","SB/SBMSY",1992,2.374,"annual"
"Diagnostic model","Diagnostic model",17,17,"Seed 17",FALSE,FALSE,"annual_sb_sbmsy","SB/SBMSY",1993,2.237,"annual"
"Diagnostic model","Diagnostic model",17,17,"Seed 17",FALSE,FALSE,"annual_sb_sbmsy","SB/SBMSY",1994,2.1575,"annual"
"Diagnostic model","Diagnostic model",17,17,"Seed 17",FALSE,FALSE,"annual_sb_sbmsy","SB/SBMSY",1995,2.04775,"annual"
"Diagnostic model","Diagnostic model",17,17,"Seed 17",FALSE,FALSE,"annual_sb_sbmsy","SB/SBMSY",1996,1.98725,"annual"
"Diagnostic model","Diagnostic model",17,17,"Seed 17",FALSE,FALSE,"annual_sb_sbmsy","SB/SBMSY",1997,2.11025,"annual"
"Diagnostic model","Diagnostic model",17,17,"Seed 17",FALSE,FALSE,"annual_sb_sbmsy","SB/SBMSY",1998,2.07425,"annual"
"Diagnostic model","Diagnostic model",17,17,"Seed 17",FALSE,FALSE,"annual_sb_sbmsy","SB/SBMSY",1999,1.97525,"annual"
"Diagnostic model","Diagnostic model",17,17,"Seed 17",FALSE,FALSE,"annual_sb_sbmsy","SB/SBMSY",2000,1.82025,"annual"
"Diagnostic model","Diagnostic model",17,17,"Seed 17",FALSE,FALSE,"annual_sb_sbmsy","SB/SBMSY",2001,1.70625,"annual"
"Diagnostic model","Diagnostic model",17,17,"Seed 17",FALSE,FALSE,"annual_sb_sbmsy","SB/SBMSY",2002,1.66975,"annual"
"Diagnostic model","Diagnostic model",17,17,"Seed 17",FALSE,FALSE,"annual_sb_sbmsy","SB/SBMSY",2003,1.63575,"annual"
"Diagnostic model","Diagnostic model",17,17,"Seed 17",FALSE,FALSE,"annual_sb_sbmsy","SB/SBMSY",2004,1.598,"annual"
"Diagnostic model","Diagnostic model",17,17,"Seed 17",FALSE,FALSE,"annual_sb_sbmsy","SB/SBMSY",2005,1.46425,"annual"
"Diagnostic model","Diagnostic model",17,17,"Seed 17",FALSE,FALSE,"annual_sb_sbmsy","SB/SBMSY",2006,1.43,"annual"
"Diagnostic model","Diagnostic model",17,17,"Seed 17",FALSE,FALSE,"annual_sb_sbmsy","SB/SBMSY",2007,1.415,"annual"
"Diagnostic model","Diagnostic model",17,17,"Seed 17",FALSE,FALSE,"annual_sb_sbmsy","SB/SBMSY",2008,1.3565,"annual"
"Diagnostic model","Diagnostic model",17,17,"Seed 17",FALSE,FALSE,"annual_sb_sbmsy","SB/SBMSY",2009,1.26475,"annual"
"Diagnostic model","Diagnostic model",17,17,"Seed 17",FALSE,FALSE,"annual_sb_sbmsy","SB/SBMSY",2010,1.17575,"annual"
"Diagnostic model","Diagnostic model",17,17,"Seed 17",FALSE,FALSE,"annual_sb_sbmsy","SB/SBMSY",2011,1.173,"annual"
"Diagnostic model","Diagnostic model",17,17,"Seed 17",FALSE,FALSE,"annual_sb_sbmsy","SB/SBMSY",2012,1.13625,"annual"
"Diagnostic model","Diagnostic model",17,17,"Seed 17",FALSE,FALSE,"annual_sb_sbmsy","SB/SBMSY",2013,1.06625,"annual"
"Diagnostic model","Diagnostic model",17,17,"Seed 17",FALSE,FALSE,"annual_sb_sbmsy","SB/SBMSY",2014,1.093,"annual"
"Diagnostic model","Diagnostic model",17,17,"Seed 17",FALSE,FALSE,"annual_sb_sbmsy","SB/SBMSY",2015,1.17675,"annual"
"Diagnostic model","Diagnostic model",17,17,"Seed 17",FALSE,FALSE,"annual_sb_sbmsy","SB/SBMSY",2016,1.214,"annual"
"Diagnostic model","Diagnostic model",17,17,"Seed 17",FALSE,FALSE,"annual_sb_sbmsy","SB/SBMSY",2017,1.18925,"annual"
"Diagnostic model","Diagnostic model",17,17,"Seed 17",FALSE,FALSE,"annual_sb_sbmsy","SB/SBMSY",2018,1.17525,"annual"
"Diagnostic model","Diagnostic model",17,17,"Seed 17",FALSE,FALSE,"annual_sb_sbmsy","SB/SBMSY",2019,1.163,"annual"
"Diagnostic model","Diagnostic model",17,17,"Seed 17",FALSE,FALSE,"annual_sb_sbmsy","SB/SBMSY",2020,1.1765,"annual"
"Diagnostic model","Diagnostic model",17,17,"Seed 17",FALSE,FALSE,"annual_sb_sbmsy","SB/SBMSY",2021,1.20175,"annual"
"Diagnostic model","Diagnostic model",17,17,"Seed 17",FALSE,FALSE,"annual_sb_sbmsy","SB/SBMSY",2022,1.202,"annual"
"Diagnostic model","Diagnostic model",17,17,"Seed 17",FALSE,FALSE,"annual_sb_sbmsy","SB/SBMSY",2023,1.13875,"annual"
"Diagnostic model","Diagnostic model",17,17,"Seed 17",FALSE,FALSE,"annual_sb_sbmsy","SB/SBMSY",2024,0.994675,"annual"
"Diagnostic model","Diagnostic model",17,17,"Seed 17",FALSE,FALSE,"annual_f_fmsy","F/FMSY",1952,0.070865,"annual"
"Diagnostic model","Diagnostic model",17,17,"Seed 17",FALSE,FALSE,"annual_f_fmsy","F/FMSY",1953,0.06578,"annual"
"Diagnostic model","Diagnostic model",17,17,"Seed 17",FALSE,FALSE,"annual_f_fmsy","F/FMSY",1954,0.0445675,"annual"
"Diagnostic model","Diagnostic model",17,17,"Seed 17",FALSE,FALSE,"annual_f_fmsy","F/FMSY",1955,0.0707225,"annual"
"Diagnostic model","Diagnostic model",17,17,"Seed 17",FALSE,FALSE,"annual_f_fmsy","F/FMSY",1956,0.07846,"annual"
"Diagnostic model","Diagnostic model",17,17,"Seed 17",FALSE,FALSE,"annual_f_fmsy","F/FMSY",1957,0.10651,"annual"
"Diagnostic model","Diagnostic model",17,17,"Seed 17",FALSE,FALSE,"annual_f_fmsy","F/FMSY",1958,0.1576,"annual"
"Diagnostic model","Diagnostic model",17,17,"Seed 17",FALSE,FALSE,"annual_f_fmsy","F/FMSY",1959,0.1454275,"annual"
"Diagnostic model","Diagnostic model",17,17,"Seed 17",FALSE,FALSE,"annual_f_fmsy","F/FMSY",1960,0.1447725,"annual"
"Diagnostic model","Diagnostic model",17,17,"Seed 17",FALSE,FALSE,"annual_f_fmsy","F/FMSY",1961,0.142575,"annual"
"Diagnostic model","Diagnostic model",17,17,"Seed 17",FALSE,FALSE,"annual_f_fmsy","F/FMSY",1962,0.13775,"annual"
"Diagnostic model","Diagnostic model",17,17,"Seed 17",FALSE,FALSE,"annual_f_fmsy","F/FMSY",1963,0.17785,"annual"
"Diagnostic model","Diagnostic model",17,17,"Seed 17",FALSE,FALSE,"annual_f_fmsy","F/FMSY",1964,0.13249,"annual"
"Diagnostic model","Diagnostic model",17,17,"Seed 17",FALSE,FALSE,"annual_f_fmsy","F/FMSY",1965,0.124575,"annual"
"Diagnostic model","Diagnostic model",17,17,"Seed 17",FALSE,FALSE,"annual_f_fmsy","F/FMSY",1966,0.141125,"annual"
"Diagnostic model","Diagnostic model",17,17,"Seed 17",FALSE,FALSE,"annual_f_fmsy","F/FMSY",1967,0.15325,"annual"
"Diagnostic model","Diagnostic model",17,17,"Seed 17",FALSE,FALSE,"annual_f_fmsy","F/FMSY",1968,0.12588,"annual"
"Diagnostic model","Diagnostic model",17,17,"Seed 17",FALSE,FALSE,"annual_f_fmsy","F/FMSY",1969,0.1577,"annual"
"Diagnostic model","Diagnostic model",17,17,"Seed 17",FALSE,FALSE,"annual_f_fmsy","F/FMSY",1970,0.15005,"annual"
"Diagnostic model","Diagnostic model",17,17,"Seed 17",FALSE,FALSE,"annual_f_fmsy","F/FMSY",1971,0.153875,"annual"
"Diagnostic model","Diagnostic model",17,17,"Seed 17",FALSE,FALSE,"annual_f_fmsy","F/FMSY",1972,0.21335,"annual"
"Diagnostic model","Diagnostic model",17,17,"Seed 17",FALSE,FALSE,"annual_f_fmsy","F/FMSY",1973,0.18095,"annual"
"Diagnostic model","Diagnostic model",17,17,"Seed 17",FALSE,FALSE,"annual_f_fmsy","F/FMSY",1974,0.2033,"annual"
"Diagnostic model","Diagnostic model",17,17,"Seed 17",FALSE,FALSE,"annual_f_fmsy","F/FMSY",1975,0.2582,"annual"
"Diagnostic model","Diagnostic model",17,17,"Seed 17",FALSE,FALSE,"annual_f_fmsy","F/FMSY",1976,0.274725,"annual"
"Diagnostic model","Diagnostic model",17,17,"Seed 17",FALSE,FALSE,"annual_f_fmsy","F/FMSY",1977,0.30635,"annual"
"Diagnostic model","Diagnostic model",17,17,"Seed 17",FALSE,FALSE,"annual_f_fmsy","F/FMSY",1978,0.25565,"annual"
"Diagnostic model","Diagnostic model",17,17,"Seed 17",FALSE,FALSE,"annual_f_fmsy","F/FMSY",1979,0.33135,"annual"
"Diagnostic model","Diagnostic model",17,17,"Seed 17",FALSE,FALSE,"annual_f_fmsy","F/FMSY",1980,0.33455,"annual"
"Diagnostic model","Diagnostic model",17,17,"Seed 17",FALSE,FALSE,"annual_f_fmsy","F/FMSY",1981,0.315975,"annual"
"Diagnostic model","Diagnostic model",17,17,"Seed 17",FALSE,FALSE,"annual_f_fmsy","F/FMSY",1982,0.365525,"annual"
"Diagnostic model","Diagnostic model",17,17,"Seed 17",FALSE,FALSE,"annual_f_fmsy","F/FMSY",1983,0.3618,"annual"
"Diagnostic model","Diagnostic model",17,17,"Seed 17",FALSE,FALSE,"annual_f_fmsy","F/FMSY",1984,0.393675,"annual"
"Diagnostic model","Diagnostic model",17,17,"Seed 17",FALSE,FALSE,"annual_f_fmsy","F/FMSY",1985,0.4106,"annual"
"Diagnostic model","Diagnostic model",17,17,"Seed 17",FALSE,FALSE,"annual_f_fmsy","F/FMSY",1986,0.3785,"annual"
"Diagnostic model","Diagnostic model",17,17,"Seed 17",FALSE,FALSE,"annual_f_fmsy","F/FMSY",1987,0.485175,"annual"
"Diagnostic model","Diagnostic model",17,17,"Seed 17",FALSE,FALSE,"annual_f_fmsy","F/FMSY",1988,0.419275,"annual"
"Diagnostic model","Diagnostic model",17,17,"Seed 17",FALSE,FALSE,"annual_f_fmsy","F/FMSY",1989,0.4144,"annual"
"Diagnostic model","Diagnostic model",17,17,"Seed 17",FALSE,FALSE,"annual_f_fmsy","F/FMSY",1990,0.509575,"annual"
"Diagnostic model","Diagnostic model",17,17,"Seed 17",FALSE,FALSE,"annual_f_fmsy","F/FMSY",1991,0.471175,"annual"
"Diagnostic model","Diagnostic model",17,17,"Seed 17",FALSE,FALSE,"annual_f_fmsy","F/FMSY",1992,0.591575,"annual"
"Diagnostic model","Diagnostic model",17,17,"Seed 17",FALSE,FALSE,"annual_f_fmsy","F/FMSY",1993,0.528125,"annual"
"Diagnostic model","Diagnostic model",17,17,"Seed 17",FALSE,FALSE,"annual_f_fmsy","F/FMSY",1994,0.612525,"annual"
"Diagnostic model","Diagnostic model",17,17,"Seed 17",FALSE,FALSE,"annual_f_fmsy","F/FMSY",1995,0.54205,"annual"
"Diagnostic model","Diagnostic model",17,17,"Seed 17",FALSE,FALSE,"annual_f_fmsy","F/FMSY",1996,0.506225,"annual"
"Diagnostic model","Diagnostic model",17,17,"Seed 17",FALSE,FALSE,"annual_f_fmsy","F/FMSY",1997,0.6417,"annual"
"Diagnostic model","Diagnostic model",17,17,"Seed 17",FALSE,FALSE,"annual_f_fmsy","F/FMSY",1998,0.762225,"annual"
"Diagnostic model","Diagnostic model",17,17,"Seed 17",FALSE,FALSE,"annual_f_fmsy","F/FMSY",1999,0.8373,"annual"
"Diagnostic model","Diagnostic model",17,17,"Seed 17",FALSE,FALSE,"annual_f_fmsy","F/FMSY",2000,0.813475,"annual"
"Diagnostic model","Diagnostic model",17,17,"Seed 17",FALSE,FALSE,"annual_f_fmsy","F/FMSY",2001,0.6999,"annual"
"Diagnostic model","Diagnostic model",17,17,"Seed 17",FALSE,FALSE,"annual_f_fmsy","F/FMSY",2002,0.87615,"annual"
"Diagnostic model","Diagnostic model",17,17,"Seed 17",FALSE,FALSE,"annual_f_fmsy","F/FMSY",2003,0.799675,"annual"
"Diagnostic model","Diagnostic model",17,17,"Seed 17",FALSE,FALSE,"annual_f_fmsy","F/FMSY",2004,1.1147,"annual"
"Diagnostic model","Diagnostic model",17,17,"Seed 17",FALSE,FALSE,"annual_f_fmsy","F/FMSY",2005,0.9004,"annual"
"Diagnostic model","Diagnostic model",17,17,"Seed 17",FALSE,FALSE,"annual_f_fmsy","F/FMSY",2006,0.968525,"annual"
"Diagnostic model","Diagnostic model",17,17,"Seed 17",FALSE,FALSE,"annual_f_fmsy","F/FMSY",2007,0.991175,"annual"
"Diagnostic model","Diagnostic model",17,17,"Seed 17",FALSE,FALSE,"annual_f_fmsy","F/FMSY",2008,1.06455,"annual"
"Diagnostic model","Diagnostic model",17,17,"Seed 17",FALSE,FALSE,"annual_f_fmsy","F/FMSY",2009,1.08245,"annual"
"Diagnostic model","Diagnostic model",17,17,"Seed 17",FALSE,FALSE,"annual_f_fmsy","F/FMSY",2010,0.901,"annual"
"Diagnostic model","Diagnostic model",17,17,"Seed 17",FALSE,FALSE,"annual_f_fmsy","F/FMSY",2011,1.122125,"annual"
"Diagnostic model","Diagnostic model",17,17,"Seed 17",FALSE,FALSE,"annual_f_fmsy","F/FMSY",2012,1.14445,"annual"
"Diagnostic model","Diagnostic model",17,17,"Seed 17",FALSE,FALSE,"annual_f_fmsy","F/FMSY",2013,1.03825,"annual"
"Diagnostic model","Diagnostic model",17,17,"Seed 17",FALSE,FALSE,"annual_f_fmsy","F/FMSY",2014,1.119375,"annual"
"Diagnostic model","Diagnostic model",17,17,"Seed 17",FALSE,FALSE,"annual_f_fmsy","F/FMSY",2015,1.0124,"annual"
"Diagnostic model","Diagnostic model",17,17,"Seed 17",FALSE,FALSE,"annual_f_fmsy","F/FMSY",2016,1.0568,"annual"
"Diagnostic model","Diagnostic model",17,17,"Seed 17",FALSE,FALSE,"annual_f_fmsy","F/FMSY",2017,0.893175,"annual"
"Diagnostic model","Diagnostic model",17,17,"Seed 17",FALSE,FALSE,"annual_f_fmsy","F/FMSY",2018,1.038775,"annual"
"Diagnostic model","Diagnostic model",17,17,"Seed 17",FALSE,FALSE,"annual_f_fmsy","F/FMSY",2019,0.9185,"annual"
"Diagnostic model","Diagnostic model",17,17,"Seed 17",FALSE,FALSE,"annual_f_fmsy","F/FMSY",2020,0.9727,"annual"
"Diagnostic model","Diagnostic model",17,17,"Seed 17",FALSE,FALSE,"annual_f_fmsy","F/FMSY",2021,0.96495,"annual"
"Diagnostic model","Diagnostic model",17,17,"Seed 17",FALSE,FALSE,"annual_f_fmsy","F/FMSY",2022,1.049175,"annual"
"Diagnostic model","Diagnostic model",17,17,"Seed 17",FALSE,FALSE,"annual_f_fmsy","F/FMSY",2023,1.14315,"annual"
"Diagnostic model","Diagnostic model",17,17,"Seed 17",FALSE,FALSE,"annual_f_fmsy","F/FMSY",2024,1.2875,"annual"
"Diagnostic model","Diagnostic model",18,18,"Seed 18",FALSE,FALSE,"annual_depletion","SB/SBF=0",1952,0.992488020714491,"annual"
"Diagnostic model","Diagnostic model",18,18,"Seed 18",FALSE,FALSE,"annual_depletion","SB/SBF=0",1953,0.969210503852809,"annual"
"Diagnostic model","Diagnostic model",18,18,"Seed 18",FALSE,FALSE,"annual_depletion","SB/SBF=0",1954,0.955364456146313,"annual"
"Diagnostic model","Diagnostic model",18,18,"Seed 18",FALSE,FALSE,"annual_depletion","SB/SBF=0",1955,0.944490720937737,"annual"
"Diagnostic model","Diagnostic model",18,18,"Seed 18",FALSE,FALSE,"annual_depletion","SB/SBF=0",1956,0.929902958927228,"annual"
"Diagnostic model","Diagnostic model",18,18,"Seed 18",FALSE,FALSE,"annual_depletion","SB/SBF=0",1957,0.917074784334549,"annual"
"Diagnostic model","Diagnostic model",18,18,"Seed 18",FALSE,FALSE,"annual_depletion","SB/SBF=0",1958,0.893077879246051,"annual"
"Diagnostic model","Diagnostic model",18,18,"Seed 18",FALSE,FALSE,"annual_depletion","SB/SBF=0",1959,0.861209329424831,"annual"
"Diagnostic model","Diagnostic model",18,18,"Seed 18",FALSE,FALSE,"annual_depletion","SB/SBF=0",1960,0.834808207309389,"annual"
"Diagnostic model","Diagnostic model",18,18,"Seed 18",FALSE,FALSE,"annual_depletion","SB/SBF=0",1961,0.823623184896401,"annual"
"Diagnostic model","Diagnostic model",18,18,"Seed 18",FALSE,FALSE,"annual_depletion","SB/SBF=0",1962,0.812333728239743,"annual"
"Diagnostic model","Diagnostic model",18,18,"Seed 18",FALSE,FALSE,"annual_depletion","SB/SBF=0",1963,0.800821808375649,"annual"
"Diagnostic model","Diagnostic model",18,18,"Seed 18",FALSE,FALSE,"annual_depletion","SB/SBF=0",1964,0.786031469183704,"annual"
"Diagnostic model","Diagnostic model",18,18,"Seed 18",FALSE,FALSE,"annual_depletion","SB/SBF=0",1965,0.790692836861312,"annual"
"Diagnostic model","Diagnostic model",18,18,"Seed 18",FALSE,FALSE,"annual_depletion","SB/SBF=0",1966,0.796369037149948,"annual"
"Diagnostic model","Diagnostic model",18,18,"Seed 18",FALSE,FALSE,"annual_depletion","SB/SBF=0",1967,0.790407654354253,"annual"
"Diagnostic model","Diagnostic model",18,18,"Seed 18",FALSE,FALSE,"annual_depletion","SB/SBF=0",1968,0.786588342794,"annual"
"Diagnostic model","Diagnostic model",18,18,"Seed 18",FALSE,FALSE,"annual_depletion","SB/SBF=0",1969,0.790913775973733,"annual"
"Diagnostic model","Diagnostic model",18,18,"Seed 18",FALSE,FALSE,"annual_depletion","SB/SBF=0",1970,0.785482349327541,"annual"
"Diagnostic model","Diagnostic model",18,18,"Seed 18",FALSE,FALSE,"annual_depletion","SB/SBF=0",1971,0.781903852599146,"annual"
"Diagnostic model","Diagnostic model",18,18,"Seed 18",FALSE,FALSE,"annual_depletion","SB/SBF=0",1972,0.777181610044727,"annual"
"Diagnostic model","Diagnostic model",18,18,"Seed 18",FALSE,FALSE,"annual_depletion","SB/SBF=0",1973,0.754775906349441,"annual"
"Diagnostic model","Diagnostic model",18,18,"Seed 18",FALSE,FALSE,"annual_depletion","SB/SBF=0",1974,0.740784527344124,"annual"
"Diagnostic model","Diagnostic model",18,18,"Seed 18",FALSE,FALSE,"annual_depletion","SB/SBF=0",1975,0.726455808722154,"annual"
"Diagnostic model","Diagnostic model",18,18,"Seed 18",FALSE,FALSE,"annual_depletion","SB/SBF=0",1976,0.698299349080329,"annual"
"Diagnostic model","Diagnostic model",18,18,"Seed 18",FALSE,FALSE,"annual_depletion","SB/SBF=0",1977,0.678104920208754,"annual"
"Diagnostic model","Diagnostic model",18,18,"Seed 18",FALSE,FALSE,"annual_depletion","SB/SBF=0",1978,0.670053773036334,"annual"
"Diagnostic model","Diagnostic model",18,18,"Seed 18",FALSE,FALSE,"annual_depletion","SB/SBF=0",1979,0.651594144030756,"annual"
"Diagnostic model","Diagnostic model",18,18,"Seed 18",FALSE,FALSE,"annual_depletion","SB/SBF=0",1980,0.624836938899076,"annual"
"Diagnostic model","Diagnostic model",18,18,"Seed 18",FALSE,FALSE,"annual_depletion","SB/SBF=0",1981,0.600020361709046,"annual"
"Diagnostic model","Diagnostic model",18,18,"Seed 18",FALSE,FALSE,"annual_depletion","SB/SBF=0",1982,0.586796187040447,"annual"
"Diagnostic model","Diagnostic model",18,18,"Seed 18",FALSE,FALSE,"annual_depletion","SB/SBF=0",1983,0.579133496912995,"annual"
"Diagnostic model","Diagnostic model",18,18,"Seed 18",FALSE,FALSE,"annual_depletion","SB/SBF=0",1984,0.575171661262647,"annual"
"Diagnostic model","Diagnostic model",18,18,"Seed 18",FALSE,FALSE,"annual_depletion","SB/SBF=0",1985,0.554238996822957,"annual"
"Diagnostic model","Diagnostic model",18,18,"Seed 18",FALSE,FALSE,"annual_depletion","SB/SBF=0",1986,0.527594657422932,"annual"
"Diagnostic model","Diagnostic model",18,18,"Seed 18",FALSE,FALSE,"annual_depletion","SB/SBF=0",1987,0.511056978978919,"annual"
"Diagnostic model","Diagnostic model",18,18,"Seed 18",FALSE,FALSE,"annual_depletion","SB/SBF=0",1988,0.491497730424616,"annual"
"Diagnostic model","Diagnostic model",18,18,"Seed 18",FALSE,FALSE,"annual_depletion","SB/SBF=0",1989,0.478569502043601,"annual"
"Diagnostic model","Diagnostic model",18,18,"Seed 18",FALSE,FALSE,"annual_depletion","SB/SBF=0",1990,0.474107926749425,"annual"
"Diagnostic model","Diagnostic model",18,18,"Seed 18",FALSE,FALSE,"annual_depletion","SB/SBF=0",1991,0.466637254323919,"annual"
"Diagnostic model","Diagnostic model",18,18,"Seed 18",FALSE,FALSE,"annual_depletion","SB/SBF=0",1992,0.44929459217032,"annual"
"Diagnostic model","Diagnostic model",18,18,"Seed 18",FALSE,FALSE,"annual_depletion","SB/SBF=0",1993,0.417957341305147,"annual"
"Diagnostic model","Diagnostic model",18,18,"Seed 18",FALSE,FALSE,"annual_depletion","SB/SBF=0",1994,0.396691334669463,"annual"
"Diagnostic model","Diagnostic model",18,18,"Seed 18",FALSE,FALSE,"annual_depletion","SB/SBF=0",1995,0.372197591102061,"annual"
"Diagnostic model","Diagnostic model",18,18,"Seed 18",FALSE,FALSE,"annual_depletion","SB/SBF=0",1996,0.363999549394693,"annual"
"Diagnostic model","Diagnostic model",18,18,"Seed 18",FALSE,FALSE,"annual_depletion","SB/SBF=0",1997,0.379402116482564,"annual"
"Diagnostic model","Diagnostic model",18,18,"Seed 18",FALSE,FALSE,"annual_depletion","SB/SBF=0",1998,0.361585908615793,"annual"
"Diagnostic model","Diagnostic model",18,18,"Seed 18",FALSE,FALSE,"annual_depletion","SB/SBF=0",1999,0.333986999369413,"annual"
"Diagnostic model","Diagnostic model",18,18,"Seed 18",FALSE,FALSE,"annual_depletion","SB/SBF=0",2000,0.301638005624054,"annual"
"Diagnostic model","Diagnostic model",18,18,"Seed 18",FALSE,FALSE,"annual_depletion","SB/SBF=0",2001,0.277409664881102,"annual"
"Diagnostic model","Diagnostic model",18,18,"Seed 18",FALSE,FALSE,"annual_depletion","SB/SBF=0",2002,0.26292826645076,"annual"
"Diagnostic model","Diagnostic model",18,18,"Seed 18",FALSE,FALSE,"annual_depletion","SB/SBF=0",2003,0.247744936263977,"annual"
"Diagnostic model","Diagnostic model",18,18,"Seed 18",FALSE,FALSE,"annual_depletion","SB/SBF=0",2004,0.241408911429266,"annual"
"Diagnostic model","Diagnostic model",18,18,"Seed 18",FALSE,FALSE,"annual_depletion","SB/SBF=0",2005,0.222685377736241,"annual"
"Diagnostic model","Diagnostic model",18,18,"Seed 18",FALSE,FALSE,"annual_depletion","SB/SBF=0",2006,0.215026093042444,"annual"
"Diagnostic model","Diagnostic model",18,18,"Seed 18",FALSE,FALSE,"annual_depletion","SB/SBF=0",2007,0.207977356464569,"annual"
"Diagnostic model","Diagnostic model",18,18,"Seed 18",FALSE,FALSE,"annual_depletion","SB/SBF=0",2008,0.200080745671439,"annual"
"Diagnostic model","Diagnostic model",18,18,"Seed 18",FALSE,FALSE,"annual_depletion","SB/SBF=0",2009,0.187184607813567,"annual"
"Diagnostic model","Diagnostic model",18,18,"Seed 18",FALSE,FALSE,"annual_depletion","SB/SBF=0",2010,0.172892108814094,"annual"
"Diagnostic model","Diagnostic model",18,18,"Seed 18",FALSE,FALSE,"annual_depletion","SB/SBF=0",2011,0.172418421312888,"annual"
"Diagnostic model","Diagnostic model",18,18,"Seed 18",FALSE,FALSE,"annual_depletion","SB/SBF=0",2012,0.167842298958578,"annual"
"Diagnostic model","Diagnostic model",18,18,"Seed 18",FALSE,FALSE,"annual_depletion","SB/SBF=0",2013,0.160949951572225,"annual"
"Diagnostic model","Diagnostic model",18,18,"Seed 18",FALSE,FALSE,"annual_depletion","SB/SBF=0",2014,0.164923098888721,"annual"
"Diagnostic model","Diagnostic model",18,18,"Seed 18",FALSE,FALSE,"annual_depletion","SB/SBF=0",2015,0.171406540683443,"annual"
"Diagnostic model","Diagnostic model",18,18,"Seed 18",FALSE,FALSE,"annual_depletion","SB/SBF=0",2016,0.172626304650616,"annual"
"Diagnostic model","Diagnostic model",18,18,"Seed 18",FALSE,FALSE,"annual_depletion","SB/SBF=0",2017,0.170305068305403,"annual"
"Diagnostic model","Diagnostic model",18,18,"Seed 18",FALSE,FALSE,"annual_depletion","SB/SBF=0",2018,0.171077775371678,"annual"
"Diagnostic model","Diagnostic model",18,18,"Seed 18",FALSE,FALSE,"annual_depletion","SB/SBF=0",2019,0.171050505683064,"annual"
"Diagnostic model","Diagnostic model",18,18,"Seed 18",FALSE,FALSE,"annual_depletion","SB/SBF=0",2020,0.174649890194088,"annual"
"Diagnostic model","Diagnostic model",18,18,"Seed 18",FALSE,FALSE,"annual_depletion","SB/SBF=0",2021,0.181138614099772,"annual"
"Diagnostic model","Diagnostic model",18,18,"Seed 18",FALSE,FALSE,"annual_depletion","SB/SBF=0",2022,0.184171567550859,"annual"
"Diagnostic model","Diagnostic model",18,18,"Seed 18",FALSE,FALSE,"annual_depletion","SB/SBF=0",2023,0.178729663464824,"annual"
"Diagnostic model","Diagnostic model",18,18,"Seed 18",FALSE,FALSE,"annual_depletion","SB/SBF=0",2024,0.156884254297085,"annual"
"Diagnostic model","Diagnostic model",18,18,"Seed 18",FALSE,FALSE,"annual_sb_sbmsy","SB/SBMSY",1952,4.43225,"annual"
"Diagnostic model","Diagnostic model",18,18,"Seed 18",FALSE,FALSE,"annual_sb_sbmsy","SB/SBMSY",1953,4.42675,"annual"
"Diagnostic model","Diagnostic model",18,18,"Seed 18",FALSE,FALSE,"annual_sb_sbmsy","SB/SBMSY",1954,4.43375,"annual"
"Diagnostic model","Diagnostic model",18,18,"Seed 18",FALSE,FALSE,"annual_sb_sbmsy","SB/SBMSY",1955,4.46075,"annual"
"Diagnostic model","Diagnostic model",18,18,"Seed 18",FALSE,FALSE,"annual_sb_sbmsy","SB/SBMSY",1956,4.49175,"annual"
"Diagnostic model","Diagnostic model",18,18,"Seed 18",FALSE,FALSE,"annual_sb_sbmsy","SB/SBMSY",1957,4.66725,"annual"
"Diagnostic model","Diagnostic model",18,18,"Seed 18",FALSE,FALSE,"annual_sb_sbmsy","SB/SBMSY",1958,4.59,"annual"
"Diagnostic model","Diagnostic model",18,18,"Seed 18",FALSE,FALSE,"annual_sb_sbmsy","SB/SBMSY",1959,4.191,"annual"
"Diagnostic model","Diagnostic model",18,18,"Seed 18",FALSE,FALSE,"annual_sb_sbmsy","SB/SBMSY",1960,3.7565,"annual"
"Diagnostic model","Diagnostic model",18,18,"Seed 18",FALSE,FALSE,"annual_sb_sbmsy","SB/SBMSY",1961,3.61675,"annual"
"Diagnostic model","Diagnostic model",18,18,"Seed 18",FALSE,FALSE,"annual_sb_sbmsy","SB/SBMSY",1962,3.41425,"annual"
"Diagnostic model","Diagnostic model",18,18,"Seed 18",FALSE,FALSE,"annual_sb_sbmsy","SB/SBMSY",1963,3.2155,"annual"
"Diagnostic model","Diagnostic model",18,18,"Seed 18",FALSE,FALSE,"annual_sb_sbmsy","SB/SBMSY",1964,2.98675,"annual"
"Diagnostic model","Diagnostic model",18,18,"Seed 18",FALSE,FALSE,"annual_sb_sbmsy","SB/SBMSY",1965,2.90675,"annual"
"Diagnostic model","Diagnostic model",18,18,"Seed 18",FALSE,FALSE,"annual_sb_sbmsy","SB/SBMSY",1966,2.88875,"annual"
"Diagnostic model","Diagnostic model",18,18,"Seed 18",FALSE,FALSE,"annual_sb_sbmsy","SB/SBMSY",1967,2.75525,"annual"
"Diagnostic model","Diagnostic model",18,18,"Seed 18",FALSE,FALSE,"annual_sb_sbmsy","SB/SBMSY",1968,2.624,"annual"
"Diagnostic model","Diagnostic model",18,18,"Seed 18",FALSE,FALSE,"annual_sb_sbmsy","SB/SBMSY",1969,2.638,"annual"
"Diagnostic model","Diagnostic model",18,18,"Seed 18",FALSE,FALSE,"annual_sb_sbmsy","SB/SBMSY",1970,2.53775,"annual"
"Diagnostic model","Diagnostic model",18,18,"Seed 18",FALSE,FALSE,"annual_sb_sbmsy","SB/SBMSY",1971,2.46,"annual"
"Diagnostic model","Diagnostic model",18,18,"Seed 18",FALSE,FALSE,"annual_sb_sbmsy","SB/SBMSY",1972,2.4605,"annual"
"Diagnostic model","Diagnostic model",18,18,"Seed 18",FALSE,FALSE,"annual_sb_sbmsy","SB/SBMSY",1973,2.30975,"annual"
"Diagnostic model","Diagnostic model",18,18,"Seed 18",FALSE,FALSE,"annual_sb_sbmsy","SB/SBMSY",1974,2.193,"annual"
"Diagnostic model","Diagnostic model",18,18,"Seed 18",FALSE,FALSE,"annual_sb_sbmsy","SB/SBMSY",1975,2.129,"annual"
"Diagnostic model","Diagnostic model",18,18,"Seed 18",FALSE,FALSE,"annual_sb_sbmsy","SB/SBMSY",1976,2.0075,"annual"
"Diagnostic model","Diagnostic model",18,18,"Seed 18",FALSE,FALSE,"annual_sb_sbmsy","SB/SBMSY",1977,1.99175,"annual"
"Diagnostic model","Diagnostic model",18,18,"Seed 18",FALSE,FALSE,"annual_sb_sbmsy","SB/SBMSY",1978,2.06275,"annual"
"Diagnostic model","Diagnostic model",18,18,"Seed 18",FALSE,FALSE,"annual_sb_sbmsy","SB/SBMSY",1979,2.0185,"annual"
"Diagnostic model","Diagnostic model",18,18,"Seed 18",FALSE,FALSE,"annual_sb_sbmsy","SB/SBMSY",1980,1.92925,"annual"
"Diagnostic model","Diagnostic model",18,18,"Seed 18",FALSE,FALSE,"annual_sb_sbmsy","SB/SBMSY",1981,1.74925,"annual"
"Diagnostic model","Diagnostic model",18,18,"Seed 18",FALSE,FALSE,"annual_sb_sbmsy","SB/SBMSY",1982,1.6605,"annual"
"Diagnostic model","Diagnostic model",18,18,"Seed 18",FALSE,FALSE,"annual_sb_sbmsy","SB/SBMSY",1983,1.6775,"annual"
"Diagnostic model","Diagnostic model",18,18,"Seed 18",FALSE,FALSE,"annual_sb_sbmsy","SB/SBMSY",1984,1.80275,"annual"
"Diagnostic model","Diagnostic model",18,18,"Seed 18",FALSE,FALSE,"annual_sb_sbmsy","SB/SBMSY",1985,1.86575,"annual"
"Diagnostic model","Diagnostic model",18,18,"Seed 18",FALSE,FALSE,"annual_sb_sbmsy","SB/SBMSY",1986,1.81825,"annual"
"Diagnostic model","Diagnostic model",18,18,"Seed 18",FALSE,FALSE,"annual_sb_sbmsy","SB/SBMSY",1987,1.81875,"annual"
"Diagnostic model","Diagnostic model",18,18,"Seed 18",FALSE,FALSE,"annual_sb_sbmsy","SB/SBMSY",1988,1.84025,"annual"
"Diagnostic model","Diagnostic model",18,18,"Seed 18",FALSE,FALSE,"annual_sb_sbmsy","SB/SBMSY",1989,1.8395,"annual"
"Diagnostic model","Diagnostic model",18,18,"Seed 18",FALSE,FALSE,"annual_sb_sbmsy","SB/SBMSY",1990,1.957,"annual"
"Diagnostic model","Diagnostic model",18,18,"Seed 18",FALSE,FALSE,"annual_sb_sbmsy","SB/SBMSY",1991,2.03375,"annual"
"Diagnostic model","Diagnostic model",18,18,"Seed 18",FALSE,FALSE,"annual_sb_sbmsy","SB/SBMSY",1992,2.01075,"annual"
"Diagnostic model","Diagnostic model",18,18,"Seed 18",FALSE,FALSE,"annual_sb_sbmsy","SB/SBMSY",1993,1.87325,"annual"
"Diagnostic model","Diagnostic model",18,18,"Seed 18",FALSE,FALSE,"annual_sb_sbmsy","SB/SBMSY",1994,1.8135,"annual"
"Diagnostic model","Diagnostic model",18,18,"Seed 18",FALSE,FALSE,"annual_sb_sbmsy","SB/SBMSY",1995,1.71675,"annual"
"Diagnostic model","Diagnostic model",18,18,"Seed 18",FALSE,FALSE,"annual_sb_sbmsy","SB/SBMSY",1996,1.66075,"annual"
"Diagnostic model","Diagnostic model",18,18,"Seed 18",FALSE,FALSE,"annual_sb_sbmsy","SB/SBMSY",1997,1.76875,"annual"
"Diagnostic model","Diagnostic model",18,18,"Seed 18",FALSE,FALSE,"annual_sb_sbmsy","SB/SBMSY",1998,1.735,"annual"
"Diagnostic model","Diagnostic model",18,18,"Seed 18",FALSE,FALSE,"annual_sb_sbmsy","SB/SBMSY",1999,1.6285,"annual"
"Diagnostic model","Diagnostic model",18,18,"Seed 18",FALSE,FALSE,"annual_sb_sbmsy","SB/SBMSY",2000,1.4825,"annual"
"Diagnostic model","Diagnostic model",18,18,"Seed 18",FALSE,FALSE,"annual_sb_sbmsy","SB/SBMSY",2001,1.378,"annual"
"Diagnostic model","Diagnostic model",18,18,"Seed 18",FALSE,FALSE,"annual_sb_sbmsy","SB/SBMSY",2002,1.34675,"annual"
"Diagnostic model","Diagnostic model",18,18,"Seed 18",FALSE,FALSE,"annual_sb_sbmsy","SB/SBMSY",2003,1.32125,"annual"
"Diagnostic model","Diagnostic model",18,18,"Seed 18",FALSE,FALSE,"annual_sb_sbmsy","SB/SBMSY",2004,1.3105,"annual"
"Diagnostic model","Diagnostic model",18,18,"Seed 18",FALSE,FALSE,"annual_sb_sbmsy","SB/SBMSY",2005,1.20975,"annual"
"Diagnostic model","Diagnostic model",18,18,"Seed 18",FALSE,FALSE,"annual_sb_sbmsy","SB/SBMSY",2006,1.187,"annual"
"Diagnostic model","Diagnostic model",18,18,"Seed 18",FALSE,FALSE,"annual_sb_sbmsy","SB/SBMSY",2007,1.1735,"annual"
"Diagnostic model","Diagnostic model",18,18,"Seed 18",FALSE,FALSE,"annual_sb_sbmsy","SB/SBMSY",2008,1.135,"annual"
"Diagnostic model","Diagnostic model",18,18,"Seed 18",FALSE,FALSE,"annual_sb_sbmsy","SB/SBMSY",2009,1.045,"annual"
"Diagnostic model","Diagnostic model",18,18,"Seed 18",FALSE,FALSE,"annual_sb_sbmsy","SB/SBMSY",2010,0.96275,"annual"
"Diagnostic model","Diagnostic model",18,18,"Seed 18",FALSE,FALSE,"annual_sb_sbmsy","SB/SBMSY",2011,0.973225,"annual"
"Diagnostic model","Diagnostic model",18,18,"Seed 18",FALSE,FALSE,"annual_sb_sbmsy","SB/SBMSY",2012,0.94965,"annual"
"Diagnostic model","Diagnostic model",18,18,"Seed 18",FALSE,FALSE,"annual_sb_sbmsy","SB/SBMSY",2013,0.8923,"annual"
"Diagnostic model","Diagnostic model",18,18,"Seed 18",FALSE,FALSE,"annual_sb_sbmsy","SB/SBMSY",2014,0.921125,"annual"
"Diagnostic model","Diagnostic model",18,18,"Seed 18",FALSE,FALSE,"annual_sb_sbmsy","SB/SBMSY",2015,0.99265,"annual"
"Diagnostic model","Diagnostic model",18,18,"Seed 18",FALSE,FALSE,"annual_sb_sbmsy","SB/SBMSY",2016,1.01475,"annual"
"Diagnostic model","Diagnostic model",18,18,"Seed 18",FALSE,FALSE,"annual_sb_sbmsy","SB/SBMSY",2017,0.983225,"annual"
"Diagnostic model","Diagnostic model",18,18,"Seed 18",FALSE,FALSE,"annual_sb_sbmsy","SB/SBMSY",2018,0.973025,"annual"
"Diagnostic model","Diagnostic model",18,18,"Seed 18",FALSE,FALSE,"annual_sb_sbmsy","SB/SBMSY",2019,0.968075,"annual"
"Diagnostic model","Diagnostic model",18,18,"Seed 18",FALSE,FALSE,"annual_sb_sbmsy","SB/SBMSY",2020,0.9816,"annual"
"Diagnostic model","Diagnostic model",18,18,"Seed 18",FALSE,FALSE,"annual_sb_sbmsy","SB/SBMSY",2021,1.00005,"annual"
"Diagnostic model","Diagnostic model",18,18,"Seed 18",FALSE,FALSE,"annual_sb_sbmsy","SB/SBMSY",2022,1.003075,"annual"
"Diagnostic model","Diagnostic model",18,18,"Seed 18",FALSE,FALSE,"annual_sb_sbmsy","SB/SBMSY",2023,0.95015,"annual"
"Diagnostic model","Diagnostic model",18,18,"Seed 18",FALSE,FALSE,"annual_sb_sbmsy","SB/SBMSY",2024,0.818375,"annual"
"Diagnostic model","Diagnostic model",18,18,"Seed 18",FALSE,FALSE,"annual_f_fmsy","F/FMSY",1952,0.087055,"annual"
"Diagnostic model","Diagnostic model",18,18,"Seed 18",FALSE,FALSE,"annual_f_fmsy","F/FMSY",1953,0.080985,"annual"
"Diagnostic model","Diagnostic model",18,18,"Seed 18",FALSE,FALSE,"annual_f_fmsy","F/FMSY",1954,0.0543875,"annual"
"Diagnostic model","Diagnostic model",18,18,"Seed 18",FALSE,FALSE,"annual_f_fmsy","F/FMSY",1955,0.085395,"annual"
"Diagnostic model","Diagnostic model",18,18,"Seed 18",FALSE,FALSE,"annual_f_fmsy","F/FMSY",1956,0.0946575,"annual"
"Diagnostic model","Diagnostic model",18,18,"Seed 18",FALSE,FALSE,"annual_f_fmsy","F/FMSY",1957,0.1261675,"annual"
"Diagnostic model","Diagnostic model",18,18,"Seed 18",FALSE,FALSE,"annual_f_fmsy","F/FMSY",1958,0.188575,"annual"
"Diagnostic model","Diagnostic model",18,18,"Seed 18",FALSE,FALSE,"annual_f_fmsy","F/FMSY",1959,0.1761475,"annual"
"Diagnostic model","Diagnostic model",18,18,"Seed 18",FALSE,FALSE,"annual_f_fmsy","F/FMSY",1960,0.1765625,"annual"
"Diagnostic model","Diagnostic model",18,18,"Seed 18",FALSE,FALSE,"annual_f_fmsy","F/FMSY",1961,0.173475,"annual"
"Diagnostic model","Diagnostic model",18,18,"Seed 18",FALSE,FALSE,"annual_f_fmsy","F/FMSY",1962,0.1695,"annual"
"Diagnostic model","Diagnostic model",18,18,"Seed 18",FALSE,FALSE,"annual_f_fmsy","F/FMSY",1963,0.2187,"annual"
"Diagnostic model","Diagnostic model",18,18,"Seed 18",FALSE,FALSE,"annual_f_fmsy","F/FMSY",1964,0.1640025,"annual"
"Diagnostic model","Diagnostic model",18,18,"Seed 18",FALSE,FALSE,"annual_f_fmsy","F/FMSY",1965,0.1516,"annual"
"Diagnostic model","Diagnostic model",18,18,"Seed 18",FALSE,FALSE,"annual_f_fmsy","F/FMSY",1966,0.1731,"annual"
"Diagnostic model","Diagnostic model",18,18,"Seed 18",FALSE,FALSE,"annual_f_fmsy","F/FMSY",1967,0.188925,"annual"
"Diagnostic model","Diagnostic model",18,18,"Seed 18",FALSE,FALSE,"annual_f_fmsy","F/FMSY",1968,0.15435,"annual"
"Diagnostic model","Diagnostic model",18,18,"Seed 18",FALSE,FALSE,"annual_f_fmsy","F/FMSY",1969,0.19475,"annual"
"Diagnostic model","Diagnostic model",18,18,"Seed 18",FALSE,FALSE,"annual_f_fmsy","F/FMSY",1970,0.18675,"annual"
"Diagnostic model","Diagnostic model",18,18,"Seed 18",FALSE,FALSE,"annual_f_fmsy","F/FMSY",1971,0.1882,"annual"
"Diagnostic model","Diagnostic model",18,18,"Seed 18",FALSE,FALSE,"annual_f_fmsy","F/FMSY",1972,0.260575,"annual"
"Diagnostic model","Diagnostic model",18,18,"Seed 18",FALSE,FALSE,"annual_f_fmsy","F/FMSY",1973,0.2204,"annual"
"Diagnostic model","Diagnostic model",18,18,"Seed 18",FALSE,FALSE,"annual_f_fmsy","F/FMSY",1974,0.2454,"annual"
"Diagnostic model","Diagnostic model",18,18,"Seed 18",FALSE,FALSE,"annual_f_fmsy","F/FMSY",1975,0.31685,"annual"
"Diagnostic model","Diagnostic model",18,18,"Seed 18",FALSE,FALSE,"annual_f_fmsy","F/FMSY",1976,0.32995,"annual"
"Diagnostic model","Diagnostic model",18,18,"Seed 18",FALSE,FALSE,"annual_f_fmsy","F/FMSY",1977,0.36515,"annual"
"Diagnostic model","Diagnostic model",18,18,"Seed 18",FALSE,FALSE,"annual_f_fmsy","F/FMSY",1978,0.306125,"annual"
"Diagnostic model","Diagnostic model",18,18,"Seed 18",FALSE,FALSE,"annual_f_fmsy","F/FMSY",1979,0.396125,"annual"
"Diagnostic model","Diagnostic model",18,18,"Seed 18",FALSE,FALSE,"annual_f_fmsy","F/FMSY",1980,0.407575,"annual"
"Diagnostic model","Diagnostic model",18,18,"Seed 18",FALSE,FALSE,"annual_f_fmsy","F/FMSY",1981,0.3887,"annual"
"Diagnostic model","Diagnostic model",18,18,"Seed 18",FALSE,FALSE,"annual_f_fmsy","F/FMSY",1982,0.44915,"annual"
"Diagnostic model","Diagnostic model",18,18,"Seed 18",FALSE,FALSE,"annual_f_fmsy","F/FMSY",1983,0.43715,"annual"
"Diagnostic model","Diagnostic model",18,18,"Seed 18",FALSE,FALSE,"annual_f_fmsy","F/FMSY",1984,0.4705,"annual"
"Diagnostic model","Diagnostic model",18,18,"Seed 18",FALSE,FALSE,"annual_f_fmsy","F/FMSY",1985,0.495325,"annual"
"Diagnostic model","Diagnostic model",18,18,"Seed 18",FALSE,FALSE,"annual_f_fmsy","F/FMSY",1986,0.453525,"annual"
"Diagnostic model","Diagnostic model",18,18,"Seed 18",FALSE,FALSE,"annual_f_fmsy","F/FMSY",1987,0.575025,"annual"
"Diagnostic model","Diagnostic model",18,18,"Seed 18",FALSE,FALSE,"annual_f_fmsy","F/FMSY",1988,0.501775,"annual"
"Diagnostic model","Diagnostic model",18,18,"Seed 18",FALSE,FALSE,"annual_f_fmsy","F/FMSY",1989,0.483925,"annual"
"Diagnostic model","Diagnostic model",18,18,"Seed 18",FALSE,FALSE,"annual_f_fmsy","F/FMSY",1990,0.588375,"annual"
"Diagnostic model","Diagnostic model",18,18,"Seed 18",FALSE,FALSE,"annual_f_fmsy","F/FMSY",1991,0.542425,"annual"
"Diagnostic model","Diagnostic model",18,18,"Seed 18",FALSE,FALSE,"annual_f_fmsy","F/FMSY",1992,0.68755,"annual"
"Diagnostic model","Diagnostic model",18,18,"Seed 18",FALSE,FALSE,"annual_f_fmsy","F/FMSY",1993,0.6134,"annual"
"Diagnostic model","Diagnostic model",18,18,"Seed 18",FALSE,FALSE,"annual_f_fmsy","F/FMSY",1994,0.714075,"annual"
"Diagnostic model","Diagnostic model",18,18,"Seed 18",FALSE,FALSE,"annual_f_fmsy","F/FMSY",1995,0.640825,"annual"
"Diagnostic model","Diagnostic model",18,18,"Seed 18",FALSE,FALSE,"annual_f_fmsy","F/FMSY",1996,0.598125,"annual"
"Diagnostic model","Diagnostic model",18,18,"Seed 18",FALSE,FALSE,"annual_f_fmsy","F/FMSY",1997,0.746,"annual"
"Diagnostic model","Diagnostic model",18,18,"Seed 18",FALSE,FALSE,"annual_f_fmsy","F/FMSY",1998,0.906,"annual"
"Diagnostic model","Diagnostic model",18,18,"Seed 18",FALSE,FALSE,"annual_f_fmsy","F/FMSY",1999,0.9889,"annual"
"Diagnostic model","Diagnostic model",18,18,"Seed 18",FALSE,FALSE,"annual_f_fmsy","F/FMSY",2000,0.985275,"annual"
"Diagnostic model","Diagnostic model",18,18,"Seed 18",FALSE,FALSE,"annual_f_fmsy","F/FMSY",2001,0.84175,"annual"
"Diagnostic model","Diagnostic model",18,18,"Seed 18",FALSE,FALSE,"annual_f_fmsy","F/FMSY",2002,1.051025,"annual"
"Diagnostic model","Diagnostic model",18,18,"Seed 18",FALSE,FALSE,"annual_f_fmsy","F/FMSY",2003,0.948175,"annual"
"Diagnostic model","Diagnostic model",18,18,"Seed 18",FALSE,FALSE,"annual_f_fmsy","F/FMSY",2004,1.31475,"annual"
"Diagnostic model","Diagnostic model",18,18,"Seed 18",FALSE,FALSE,"annual_f_fmsy","F/FMSY",2005,1.06335,"annual"
"Diagnostic model","Diagnostic model",18,18,"Seed 18",FALSE,FALSE,"annual_f_fmsy","F/FMSY",2006,1.13375,"annual"
"Diagnostic model","Diagnostic model",18,18,"Seed 18",FALSE,FALSE,"annual_f_fmsy","F/FMSY",2007,1.15725,"annual"
"Diagnostic model","Diagnostic model",18,18,"Seed 18",FALSE,FALSE,"annual_f_fmsy","F/FMSY",2008,1.25375,"annual"
"Diagnostic model","Diagnostic model",18,18,"Seed 18",FALSE,FALSE,"annual_f_fmsy","F/FMSY",2009,1.2885,"annual"
"Diagnostic model","Diagnostic model",18,18,"Seed 18",FALSE,FALSE,"annual_f_fmsy","F/FMSY",2010,1.058975,"annual"
"Diagnostic model","Diagnostic model",18,18,"Seed 18",FALSE,FALSE,"annual_f_fmsy","F/FMSY",2011,1.3077,"annual"
"Diagnostic model","Diagnostic model",18,18,"Seed 18",FALSE,FALSE,"annual_f_fmsy","F/FMSY",2012,1.35175,"annual"
"Diagnostic model","Diagnostic model",18,18,"Seed 18",FALSE,FALSE,"annual_f_fmsy","F/FMSY",2013,1.223225,"annual"
"Diagnostic model","Diagnostic model",18,18,"Seed 18",FALSE,FALSE,"annual_f_fmsy","F/FMSY",2014,1.30975,"annual"
"Diagnostic model","Diagnostic model",18,18,"Seed 18",FALSE,FALSE,"annual_f_fmsy","F/FMSY",2015,1.19235,"annual"
"Diagnostic model","Diagnostic model",18,18,"Seed 18",FALSE,FALSE,"annual_f_fmsy","F/FMSY",2016,1.249925,"annual"
"Diagnostic model","Diagnostic model",18,18,"Seed 18",FALSE,FALSE,"annual_f_fmsy","F/FMSY",2017,1.05715,"annual"
"Diagnostic model","Diagnostic model",18,18,"Seed 18",FALSE,FALSE,"annual_f_fmsy","F/FMSY",2018,1.2187,"annual"
"Diagnostic model","Diagnostic model",18,18,"Seed 18",FALSE,FALSE,"annual_f_fmsy","F/FMSY",2019,1.085175,"annual"
"Diagnostic model","Diagnostic model",18,18,"Seed 18",FALSE,FALSE,"annual_f_fmsy","F/FMSY",2020,1.14365,"annual"
"Diagnostic model","Diagnostic model",18,18,"Seed 18",FALSE,FALSE,"annual_f_fmsy","F/FMSY",2021,1.1262,"annual"
"Diagnostic model","Diagnostic model",18,18,"Seed 18",FALSE,FALSE,"annual_f_fmsy","F/FMSY",2022,1.21835,"annual"
"Diagnostic model","Diagnostic model",18,18,"Seed 18",FALSE,FALSE,"annual_f_fmsy","F/FMSY",2023,1.34525,"annual"
"Diagnostic model","Diagnostic model",18,18,"Seed 18",FALSE,FALSE,"annual_f_fmsy","F/FMSY",2024,1.571,"annual"
"Diagnostic model","Diagnostic model",19,19,"Seed 19",FALSE,FALSE,"annual_depletion","SB/SBF=0",1952,0.993915350474821,"annual"
"Diagnostic model","Diagnostic model",19,19,"Seed 19",FALSE,FALSE,"annual_depletion","SB/SBF=0",1953,0.974971376969345,"annual"
"Diagnostic model","Diagnostic model",19,19,"Seed 19",FALSE,FALSE,"annual_depletion","SB/SBF=0",1954,0.963501026612779,"annual"
"Diagnostic model","Diagnostic model",19,19,"Seed 19",FALSE,FALSE,"annual_depletion","SB/SBF=0",1955,0.95475516960249,"annual"
"Diagnostic model","Diagnostic model",19,19,"Seed 19",FALSE,FALSE,"annual_depletion","SB/SBF=0",1956,0.942609579738845,"annual"
"Diagnostic model","Diagnostic model",19,19,"Seed 19",FALSE,FALSE,"annual_depletion","SB/SBF=0",1957,0.9312764966866,"annual"
"Diagnostic model","Diagnostic model",19,19,"Seed 19",FALSE,FALSE,"annual_depletion","SB/SBF=0",1958,0.910366197998871,"annual"
"Diagnostic model","Diagnostic model",19,19,"Seed 19",FALSE,FALSE,"annual_depletion","SB/SBF=0",1959,0.883379868013501,"annual"
"Diagnostic model","Diagnostic model",19,19,"Seed 19",FALSE,FALSE,"annual_depletion","SB/SBF=0",1960,0.862675279917025,"annual"
"Diagnostic model","Diagnostic model",19,19,"Seed 19",FALSE,FALSE,"annual_depletion","SB/SBF=0",1961,0.854464757231567,"annual"
"Diagnostic model","Diagnostic model",19,19,"Seed 19",FALSE,FALSE,"annual_depletion","SB/SBF=0",1962,0.844809629916683,"annual"
"Diagnostic model","Diagnostic model",19,19,"Seed 19",FALSE,FALSE,"annual_depletion","SB/SBF=0",1963,0.835781452658885,"annual"
"Diagnostic model","Diagnostic model",19,19,"Seed 19",FALSE,FALSE,"annual_depletion","SB/SBF=0",1964,0.823776611184998,"annual"
"Diagnostic model","Diagnostic model",19,19,"Seed 19",FALSE,FALSE,"annual_depletion","SB/SBF=0",1965,0.826938548056056,"annual"
"Diagnostic model","Diagnostic model",19,19,"Seed 19",FALSE,FALSE,"annual_depletion","SB/SBF=0",1966,0.830790266882248,"annual"
"Diagnostic model","Diagnostic model",19,19,"Seed 19",FALSE,FALSE,"annual_depletion","SB/SBF=0",1967,0.826329323931978,"annual"
"Diagnostic model","Diagnostic model",19,19,"Seed 19",FALSE,FALSE,"annual_depletion","SB/SBF=0",1968,0.822896738622965,"annual"
"Diagnostic model","Diagnostic model",19,19,"Seed 19",FALSE,FALSE,"annual_depletion","SB/SBF=0",1969,0.825851073816858,"annual"
"Diagnostic model","Diagnostic model",19,19,"Seed 19",FALSE,FALSE,"annual_depletion","SB/SBF=0",1970,0.822363995156299,"annual"
"Diagnostic model","Diagnostic model",19,19,"Seed 19",FALSE,FALSE,"annual_depletion","SB/SBF=0",1971,0.818593892402282,"annual"
"Diagnostic model","Diagnostic model",19,19,"Seed 19",FALSE,FALSE,"annual_depletion","SB/SBF=0",1972,0.812990929101365,"annual"
"Diagnostic model","Diagnostic model",19,19,"Seed 19",FALSE,FALSE,"annual_depletion","SB/SBF=0",1973,0.794741630302951,"annual"
"Diagnostic model","Diagnostic model",19,19,"Seed 19",FALSE,FALSE,"annual_depletion","SB/SBF=0",1974,0.783141231646245,"annual"
"Diagnostic model","Diagnostic model",19,19,"Seed 19",FALSE,FALSE,"annual_depletion","SB/SBF=0",1975,0.771096741082884,"annual"
"Diagnostic model","Diagnostic model",19,19,"Seed 19",FALSE,FALSE,"annual_depletion","SB/SBF=0",1976,0.747717017308854,"annual"
"Diagnostic model","Diagnostic model",19,19,"Seed 19",FALSE,FALSE,"annual_depletion","SB/SBF=0",1977,0.729137077236545,"annual"
"Diagnostic model","Diagnostic model",19,19,"Seed 19",FALSE,FALSE,"annual_depletion","SB/SBF=0",1978,0.721199569256968,"annual"
"Diagnostic model","Diagnostic model",19,19,"Seed 19",FALSE,FALSE,"annual_depletion","SB/SBF=0",1979,0.707022508966997,"annual"
"Diagnostic model","Diagnostic model",19,19,"Seed 19",FALSE,FALSE,"annual_depletion","SB/SBF=0",1980,0.683716236494598,"annual"
"Diagnostic model","Diagnostic model",19,19,"Seed 19",FALSE,FALSE,"annual_depletion","SB/SBF=0",1981,0.661532807371313,"annual"
"Diagnostic model","Diagnostic model",19,19,"Seed 19",FALSE,FALSE,"annual_depletion","SB/SBF=0",1982,0.648986898590482,"annual"
"Diagnostic model","Diagnostic model",19,19,"Seed 19",FALSE,FALSE,"annual_depletion","SB/SBF=0",1983,0.640044731765585,"annual"
"Diagnostic model","Diagnostic model",19,19,"Seed 19",FALSE,FALSE,"annual_depletion","SB/SBF=0",1984,0.634587228688267,"annual"
"Diagnostic model","Diagnostic model",19,19,"Seed 19",FALSE,FALSE,"annual_depletion","SB/SBF=0",1985,0.614825871115645,"annual"
"Diagnostic model","Diagnostic model",19,19,"Seed 19",FALSE,FALSE,"annual_depletion","SB/SBF=0",1986,0.590049290653245,"annual"
"Diagnostic model","Diagnostic model",19,19,"Seed 19",FALSE,FALSE,"annual_depletion","SB/SBF=0",1987,0.571615615155116,"annual"
"Diagnostic model","Diagnostic model",19,19,"Seed 19",FALSE,FALSE,"annual_depletion","SB/SBF=0",1988,0.551612749710676,"annual"
"Diagnostic model","Diagnostic model",19,19,"Seed 19",FALSE,FALSE,"annual_depletion","SB/SBF=0",1989,0.535788990650274,"annual"
"Diagnostic model","Diagnostic model",19,19,"Seed 19",FALSE,FALSE,"annual_depletion","SB/SBF=0",1990,0.527285138876395,"annual"
"Diagnostic model","Diagnostic model",19,19,"Seed 19",FALSE,FALSE,"annual_depletion","SB/SBF=0",1991,0.518318587771893,"annual"
"Diagnostic model","Diagnostic model",19,19,"Seed 19",FALSE,FALSE,"annual_depletion","SB/SBF=0",1992,0.499464780797343,"annual"
"Diagnostic model","Diagnostic model",19,19,"Seed 19",FALSE,FALSE,"annual_depletion","SB/SBF=0",1993,0.472562141314466,"annual"
"Diagnostic model","Diagnostic model",19,19,"Seed 19",FALSE,FALSE,"annual_depletion","SB/SBF=0",1994,0.446472352598613,"annual"
"Diagnostic model","Diagnostic model",19,19,"Seed 19",FALSE,FALSE,"annual_depletion","SB/SBF=0",1995,0.417714924919272,"annual"
"Diagnostic model","Diagnostic model",19,19,"Seed 19",FALSE,FALSE,"annual_depletion","SB/SBF=0",1996,0.405489298595727,"annual"
"Diagnostic model","Diagnostic model",19,19,"Seed 19",FALSE,FALSE,"annual_depletion","SB/SBF=0",1997,0.418368871517446,"annual"
"Diagnostic model","Diagnostic model",19,19,"Seed 19",FALSE,FALSE,"annual_depletion","SB/SBF=0",1998,0.404754029437266,"annual"
"Diagnostic model","Diagnostic model",19,19,"Seed 19",FALSE,FALSE,"annual_depletion","SB/SBF=0",1999,0.38286492106157,"annual"
"Diagnostic model","Diagnostic model",19,19,"Seed 19",FALSE,FALSE,"annual_depletion","SB/SBF=0",2000,0.352183756750596,"annual"
"Diagnostic model","Diagnostic model",19,19,"Seed 19",FALSE,FALSE,"annual_depletion","SB/SBF=0",2001,0.328717982862733,"annual"
"Diagnostic model","Diagnostic model",19,19,"Seed 19",FALSE,FALSE,"annual_depletion","SB/SBF=0",2002,0.312363818174243,"annual"
"Diagnostic model","Diagnostic model",19,19,"Seed 19",FALSE,FALSE,"annual_depletion","SB/SBF=0",2003,0.295395808798619,"annual"
"Diagnostic model","Diagnostic model",19,19,"Seed 19",FALSE,FALSE,"annual_depletion","SB/SBF=0",2004,0.28321707505165,"annual"
"Diagnostic model","Diagnostic model",19,19,"Seed 19",FALSE,FALSE,"annual_depletion","SB/SBF=0",2005,0.263560914575347,"annual"
"Diagnostic model","Diagnostic model",19,19,"Seed 19",FALSE,FALSE,"annual_depletion","SB/SBF=0",2006,0.253125431928127,"annual"
"Diagnostic model","Diagnostic model",19,19,"Seed 19",FALSE,FALSE,"annual_depletion","SB/SBF=0",2007,0.246777739550082,"annual"
"Diagnostic model","Diagnostic model",19,19,"Seed 19",FALSE,FALSE,"annual_depletion","SB/SBF=0",2008,0.236851128796192,"annual"
"Diagnostic model","Diagnostic model",19,19,"Seed 19",FALSE,FALSE,"annual_depletion","SB/SBF=0",2009,0.22117542477952,"annual"
"Diagnostic model","Diagnostic model",19,19,"Seed 19",FALSE,FALSE,"annual_depletion","SB/SBF=0",2010,0.205054398635344,"annual"
"Diagnostic model","Diagnostic model",19,19,"Seed 19",FALSE,FALSE,"annual_depletion","SB/SBF=0",2011,0.201259242380193,"annual"
"Diagnostic model","Diagnostic model",19,19,"Seed 19",FALSE,FALSE,"annual_depletion","SB/SBF=0",2012,0.195700288874775,"annual"
"Diagnostic model","Diagnostic model",19,19,"Seed 19",FALSE,FALSE,"annual_depletion","SB/SBF=0",2013,0.186258850676954,"annual"
"Diagnostic model","Diagnostic model",19,19,"Seed 19",FALSE,FALSE,"annual_depletion","SB/SBF=0",2014,0.188167319691422,"annual"
"Diagnostic model","Diagnostic model",19,19,"Seed 19",FALSE,FALSE,"annual_depletion","SB/SBF=0",2015,0.195044260629807,"annual"
"Diagnostic model","Diagnostic model",19,19,"Seed 19",FALSE,FALSE,"annual_depletion","SB/SBF=0",2016,0.197737183960329,"annual"
"Diagnostic model","Diagnostic model",19,19,"Seed 19",FALSE,FALSE,"annual_depletion","SB/SBF=0",2017,0.19623814884226,"annual"
"Diagnostic model","Diagnostic model",19,19,"Seed 19",FALSE,FALSE,"annual_depletion","SB/SBF=0",2018,0.196050267625685,"annual"
"Diagnostic model","Diagnostic model",19,19,"Seed 19",FALSE,FALSE,"annual_depletion","SB/SBF=0",2019,0.195666640111345,"annual"
"Diagnostic model","Diagnostic model",19,19,"Seed 19",FALSE,FALSE,"annual_depletion","SB/SBF=0",2020,0.199933413714512,"annual"
"Diagnostic model","Diagnostic model",19,19,"Seed 19",FALSE,FALSE,"annual_depletion","SB/SBF=0",2021,0.207188465872395,"annual"
"Diagnostic model","Diagnostic model",19,19,"Seed 19",FALSE,FALSE,"annual_depletion","SB/SBF=0",2022,0.209603467526072,"annual"
"Diagnostic model","Diagnostic model",19,19,"Seed 19",FALSE,FALSE,"annual_depletion","SB/SBF=0",2023,0.200135977056962,"annual"
"Diagnostic model","Diagnostic model",19,19,"Seed 19",FALSE,FALSE,"annual_depletion","SB/SBF=0",2024,0.176748315180509,"annual"
"Diagnostic model","Diagnostic model",19,19,"Seed 19",FALSE,FALSE,"annual_sb_sbmsy","SB/SBMSY",1952,5.53525,"annual"
"Diagnostic model","Diagnostic model",19,19,"Seed 19",FALSE,FALSE,"annual_sb_sbmsy","SB/SBMSY",1953,5.5655,"annual"
"Diagnostic model","Diagnostic model",19,19,"Seed 19",FALSE,FALSE,"annual_sb_sbmsy","SB/SBMSY",1954,5.6025,"annual"
"Diagnostic model","Diagnostic model",19,19,"Seed 19",FALSE,FALSE,"annual_sb_sbmsy","SB/SBMSY",1955,5.692,"annual"
"Diagnostic model","Diagnostic model",19,19,"Seed 19",FALSE,FALSE,"annual_sb_sbmsy","SB/SBMSY",1956,5.71825,"annual"
"Diagnostic model","Diagnostic model",19,19,"Seed 19",FALSE,FALSE,"annual_sb_sbmsy","SB/SBMSY",1957,5.91075,"annual"
"Diagnostic model","Diagnostic model",19,19,"Seed 19",FALSE,FALSE,"annual_sb_sbmsy","SB/SBMSY",1958,5.7875,"annual"
"Diagnostic model","Diagnostic model",19,19,"Seed 19",FALSE,FALSE,"annual_sb_sbmsy","SB/SBMSY",1959,5.327,"annual"
"Diagnostic model","Diagnostic model",19,19,"Seed 19",FALSE,FALSE,"annual_sb_sbmsy","SB/SBMSY",1960,4.86175,"annual"
"Diagnostic model","Diagnostic model",19,19,"Seed 19",FALSE,FALSE,"annual_sb_sbmsy","SB/SBMSY",1961,4.751,"annual"
"Diagnostic model","Diagnostic model",19,19,"Seed 19",FALSE,FALSE,"annual_sb_sbmsy","SB/SBMSY",1962,4.49525,"annual"
"Diagnostic model","Diagnostic model",19,19,"Seed 19",FALSE,FALSE,"annual_sb_sbmsy","SB/SBMSY",1963,4.271,"annual"
"Diagnostic model","Diagnostic model",19,19,"Seed 19",FALSE,FALSE,"annual_sb_sbmsy","SB/SBMSY",1964,3.997,"annual"
"Diagnostic model","Diagnostic model",19,19,"Seed 19",FALSE,FALSE,"annual_sb_sbmsy","SB/SBMSY",1965,3.87925,"annual"
"Diagnostic model","Diagnostic model",19,19,"Seed 19",FALSE,FALSE,"annual_sb_sbmsy","SB/SBMSY",1966,3.83125,"annual"
"Diagnostic model","Diagnostic model",19,19,"Seed 19",FALSE,FALSE,"annual_sb_sbmsy","SB/SBMSY",1967,3.66775,"annual"
"Diagnostic model","Diagnostic model",19,19,"Seed 19",FALSE,FALSE,"annual_sb_sbmsy","SB/SBMSY",1968,3.4885,"annual"
"Diagnostic model","Diagnostic model",19,19,"Seed 19",FALSE,FALSE,"annual_sb_sbmsy","SB/SBMSY",1969,3.482,"annual"
"Diagnostic model","Diagnostic model",19,19,"Seed 19",FALSE,FALSE,"annual_sb_sbmsy","SB/SBMSY",1970,3.3755,"annual"
"Diagnostic model","Diagnostic model",19,19,"Seed 19",FALSE,FALSE,"annual_sb_sbmsy","SB/SBMSY",1971,3.2575,"annual"
"Diagnostic model","Diagnostic model",19,19,"Seed 19",FALSE,FALSE,"annual_sb_sbmsy","SB/SBMSY",1972,3.21475,"annual"
"Diagnostic model","Diagnostic model",19,19,"Seed 19",FALSE,FALSE,"annual_sb_sbmsy","SB/SBMSY",1973,3.02675,"annual"
"Diagnostic model","Diagnostic model",19,19,"Seed 19",FALSE,FALSE,"annual_sb_sbmsy","SB/SBMSY",1974,2.85675,"annual"
"Diagnostic model","Diagnostic model",19,19,"Seed 19",FALSE,FALSE,"annual_sb_sbmsy","SB/SBMSY",1975,2.766,"annual"
"Diagnostic model","Diagnostic model",19,19,"Seed 19",FALSE,FALSE,"annual_sb_sbmsy","SB/SBMSY",1976,2.6205,"annual"
"Diagnostic model","Diagnostic model",19,19,"Seed 19",FALSE,FALSE,"annual_sb_sbmsy","SB/SBMSY",1977,2.5795,"annual"
"Diagnostic model","Diagnostic model",19,19,"Seed 19",FALSE,FALSE,"annual_sb_sbmsy","SB/SBMSY",1978,2.65075,"annual"
"Diagnostic model","Diagnostic model",19,19,"Seed 19",FALSE,FALSE,"annual_sb_sbmsy","SB/SBMSY",1979,2.61475,"annual"
"Diagnostic model","Diagnostic model",19,19,"Seed 19",FALSE,FALSE,"annual_sb_sbmsy","SB/SBMSY",1980,2.51675,"annual"
"Diagnostic model","Diagnostic model",19,19,"Seed 19",FALSE,FALSE,"annual_sb_sbmsy","SB/SBMSY",1981,2.30825,"annual"
"Diagnostic model","Diagnostic model",19,19,"Seed 19",FALSE,FALSE,"annual_sb_sbmsy","SB/SBMSY",1982,2.188,"annual"
"Diagnostic model","Diagnostic model",19,19,"Seed 19",FALSE,FALSE,"annual_sb_sbmsy","SB/SBMSY",1983,2.18775,"annual"
"Diagnostic model","Diagnostic model",19,19,"Seed 19",FALSE,FALSE,"annual_sb_sbmsy","SB/SBMSY",1984,2.32125,"annual"
"Diagnostic model","Diagnostic model",19,19,"Seed 19",FALSE,FALSE,"annual_sb_sbmsy","SB/SBMSY",1985,2.402,"annual"
"Diagnostic model","Diagnostic model",19,19,"Seed 19",FALSE,FALSE,"annual_sb_sbmsy","SB/SBMSY",1986,2.3525,"annual"
"Diagnostic model","Diagnostic model",19,19,"Seed 19",FALSE,FALSE,"annual_sb_sbmsy","SB/SBMSY",1987,2.33325,"annual"
"Diagnostic model","Diagnostic model",19,19,"Seed 19",FALSE,FALSE,"annual_sb_sbmsy","SB/SBMSY",1988,2.34725,"annual"
"Diagnostic model","Diagnostic model",19,19,"Seed 19",FALSE,FALSE,"annual_sb_sbmsy","SB/SBMSY",1989,2.3215,"annual"
"Diagnostic model","Diagnostic model",19,19,"Seed 19",FALSE,FALSE,"annual_sb_sbmsy","SB/SBMSY",1990,2.428,"annual"
"Diagnostic model","Diagnostic model",19,19,"Seed 19",FALSE,FALSE,"annual_sb_sbmsy","SB/SBMSY",1991,2.50975,"annual"
"Diagnostic model","Diagnostic model",19,19,"Seed 19",FALSE,FALSE,"annual_sb_sbmsy","SB/SBMSY",1992,2.481,"annual"
"Diagnostic model","Diagnostic model",19,19,"Seed 19",FALSE,FALSE,"annual_sb_sbmsy","SB/SBMSY",1993,2.3505,"annual"
"Diagnostic model","Diagnostic model",19,19,"Seed 19",FALSE,FALSE,"annual_sb_sbmsy","SB/SBMSY",1994,2.25125,"annual"
"Diagnostic model","Diagnostic model",19,19,"Seed 19",FALSE,FALSE,"annual_sb_sbmsy","SB/SBMSY",1995,2.1245,"annual"
"Diagnostic model","Diagnostic model",19,19,"Seed 19",FALSE,FALSE,"annual_sb_sbmsy","SB/SBMSY",1996,2.0385,"annual"
"Diagnostic model","Diagnostic model",19,19,"Seed 19",FALSE,FALSE,"annual_sb_sbmsy","SB/SBMSY",1997,2.1545,"annual"
"Diagnostic model","Diagnostic model",19,19,"Seed 19",FALSE,FALSE,"annual_sb_sbmsy","SB/SBMSY",1998,2.13575,"annual"
"Diagnostic model","Diagnostic model",19,19,"Seed 19",FALSE,FALSE,"annual_sb_sbmsy","SB/SBMSY",1999,2.044,"annual"
"Diagnostic model","Diagnostic model",19,19,"Seed 19",FALSE,FALSE,"annual_sb_sbmsy","SB/SBMSY",2000,1.8915,"annual"
"Diagnostic model","Diagnostic model",19,19,"Seed 19",FALSE,FALSE,"annual_sb_sbmsy","SB/SBMSY",2001,1.7725,"annual"
"Diagnostic model","Diagnostic model",19,19,"Seed 19",FALSE,FALSE,"annual_sb_sbmsy","SB/SBMSY",2002,1.7255,"annual"
"Diagnostic model","Diagnostic model",19,19,"Seed 19",FALSE,FALSE,"annual_sb_sbmsy","SB/SBMSY",2003,1.6855,"annual"
"Diagnostic model","Diagnostic model",19,19,"Seed 19",FALSE,FALSE,"annual_sb_sbmsy","SB/SBMSY",2004,1.64325,"annual"
"Diagnostic model","Diagnostic model",19,19,"Seed 19",FALSE,FALSE,"annual_sb_sbmsy","SB/SBMSY",2005,1.522,"annual"
"Diagnostic model","Diagnostic model",19,19,"Seed 19",FALSE,FALSE,"annual_sb_sbmsy","SB/SBMSY",2006,1.4835,"annual"
"Diagnostic model","Diagnostic model",19,19,"Seed 19",FALSE,FALSE,"annual_sb_sbmsy","SB/SBMSY",2007,1.4725,"annual"
"Diagnostic model","Diagnostic model",19,19,"Seed 19",FALSE,FALSE,"annual_sb_sbmsy","SB/SBMSY",2008,1.41675,"annual"
"Diagnostic model","Diagnostic model",19,19,"Seed 19",FALSE,FALSE,"annual_sb_sbmsy","SB/SBMSY",2009,1.30525,"annual"
"Diagnostic model","Diagnostic model",19,19,"Seed 19",FALSE,FALSE,"annual_sb_sbmsy","SB/SBMSY",2010,1.1975,"annual"
"Diagnostic model","Diagnostic model",19,19,"Seed 19",FALSE,FALSE,"annual_sb_sbmsy","SB/SBMSY",2011,1.179,"annual"
"Diagnostic model","Diagnostic model",19,19,"Seed 19",FALSE,FALSE,"annual_sb_sbmsy","SB/SBMSY",2012,1.143,"annual"
"Diagnostic model","Diagnostic model",19,19,"Seed 19",FALSE,FALSE,"annual_sb_sbmsy","SB/SBMSY",2013,1.064,"annual"
"Diagnostic model","Diagnostic model",19,19,"Seed 19",FALSE,FALSE,"annual_sb_sbmsy","SB/SBMSY",2014,1.0805,"annual"
"Diagnostic model","Diagnostic model",19,19,"Seed 19",FALSE,FALSE,"annual_sb_sbmsy","SB/SBMSY",2015,1.163,"annual"
"Diagnostic model","Diagnostic model",19,19,"Seed 19",FALSE,FALSE,"annual_sb_sbmsy","SB/SBMSY",2016,1.20275,"annual"
"Diagnostic model","Diagnostic model",19,19,"Seed 19",FALSE,FALSE,"annual_sb_sbmsy","SB/SBMSY",2017,1.17775,"annual"
"Diagnostic model","Diagnostic model",19,19,"Seed 19",FALSE,FALSE,"annual_sb_sbmsy","SB/SBMSY",2018,1.16125,"annual"
"Diagnostic model","Diagnostic model",19,19,"Seed 19",FALSE,FALSE,"annual_sb_sbmsy","SB/SBMSY",2019,1.15275,"annual"
"Diagnostic model","Diagnostic model",19,19,"Seed 19",FALSE,FALSE,"annual_sb_sbmsy","SB/SBMSY",2020,1.17125,"annual"
"Diagnostic model","Diagnostic model",19,19,"Seed 19",FALSE,FALSE,"annual_sb_sbmsy","SB/SBMSY",2021,1.19025,"annual"
"Diagnostic model","Diagnostic model",19,19,"Seed 19",FALSE,FALSE,"annual_sb_sbmsy","SB/SBMSY",2022,1.1875,"annual"
"Diagnostic model","Diagnostic model",19,19,"Seed 19",FALSE,FALSE,"annual_sb_sbmsy","SB/SBMSY",2023,1.11775,"annual"
"Diagnostic model","Diagnostic model",19,19,"Seed 19",FALSE,FALSE,"annual_sb_sbmsy","SB/SBMSY",2024,0.968675,"annual"
"Diagnostic model","Diagnostic model",19,19,"Seed 19",FALSE,FALSE,"annual_f_fmsy","F/FMSY",1952,0.0674675,"annual"
"Diagnostic model","Diagnostic model",19,19,"Seed 19",FALSE,FALSE,"annual_f_fmsy","F/FMSY",1953,0.0622525,"annual"
"Diagnostic model","Diagnostic model",19,19,"Seed 19",FALSE,FALSE,"annual_f_fmsy","F/FMSY",1954,0.04137,"annual"
"Diagnostic model","Diagnostic model",19,19,"Seed 19",FALSE,FALSE,"annual_f_fmsy","F/FMSY",1955,0.0656375,"annual"
"Diagnostic model","Diagnostic model",19,19,"Seed 19",FALSE,FALSE,"annual_f_fmsy","F/FMSY",1956,0.0731025,"annual"
"Diagnostic model","Diagnostic model",19,19,"Seed 19",FALSE,FALSE,"annual_f_fmsy","F/FMSY",1957,0.098885,"annual"
"Diagnostic model","Diagnostic model",19,19,"Seed 19",FALSE,FALSE,"annual_f_fmsy","F/FMSY",1958,0.14631,"annual"
"Diagnostic model","Diagnostic model",19,19,"Seed 19",FALSE,FALSE,"annual_f_fmsy","F/FMSY",1959,0.13354,"annual"
"Diagnostic model","Diagnostic model",19,19,"Seed 19",FALSE,FALSE,"annual_f_fmsy","F/FMSY",1960,0.13191,"annual"
"Diagnostic model","Diagnostic model",19,19,"Seed 19",FALSE,FALSE,"annual_f_fmsy","F/FMSY",1961,0.1292625,"annual"
"Diagnostic model","Diagnostic model",19,19,"Seed 19",FALSE,FALSE,"annual_f_fmsy","F/FMSY",1962,0.12567,"annual"
"Diagnostic model","Diagnostic model",19,19,"Seed 19",FALSE,FALSE,"annual_f_fmsy","F/FMSY",1963,0.162075,"annual"
"Diagnostic model","Diagnostic model",19,19,"Seed 19",FALSE,FALSE,"annual_f_fmsy","F/FMSY",1964,0.121185,"annual"
"Diagnostic model","Diagnostic model",19,19,"Seed 19",FALSE,FALSE,"annual_f_fmsy","F/FMSY",1965,0.113855,"annual"
"Diagnostic model","Diagnostic model",19,19,"Seed 19",FALSE,FALSE,"annual_f_fmsy","F/FMSY",1966,0.128775,"annual"
"Diagnostic model","Diagnostic model",19,19,"Seed 19",FALSE,FALSE,"annual_f_fmsy","F/FMSY",1967,0.140875,"annual"
"Diagnostic model","Diagnostic model",19,19,"Seed 19",FALSE,FALSE,"annual_f_fmsy","F/FMSY",1968,0.115525,"annual"
"Diagnostic model","Diagnostic model",19,19,"Seed 19",FALSE,FALSE,"annual_f_fmsy","F/FMSY",1969,0.1450925,"annual"
"Diagnostic model","Diagnostic model",19,19,"Seed 19",FALSE,FALSE,"annual_f_fmsy","F/FMSY",1970,0.140075,"annual"
"Diagnostic model","Diagnostic model",19,19,"Seed 19",FALSE,FALSE,"annual_f_fmsy","F/FMSY",1971,0.143275,"annual"
"Diagnostic model","Diagnostic model",19,19,"Seed 19",FALSE,FALSE,"annual_f_fmsy","F/FMSY",1972,0.198775,"annual"
"Diagnostic model","Diagnostic model",19,19,"Seed 19",FALSE,FALSE,"annual_f_fmsy","F/FMSY",1973,0.16855,"annual"
"Diagnostic model","Diagnostic model",19,19,"Seed 19",FALSE,FALSE,"annual_f_fmsy","F/FMSY",1974,0.188075,"annual"
"Diagnostic model","Diagnostic model",19,19,"Seed 19",FALSE,FALSE,"annual_f_fmsy","F/FMSY",1975,0.241825,"annual"
"Diagnostic model","Diagnostic model",19,19,"Seed 19",FALSE,FALSE,"annual_f_fmsy","F/FMSY",1976,0.2549,"annual"
"Diagnostic model","Diagnostic model",19,19,"Seed 19",FALSE,FALSE,"annual_f_fmsy","F/FMSY",1977,0.28335,"annual"
"Diagnostic model","Diagnostic model",19,19,"Seed 19",FALSE,FALSE,"annual_f_fmsy","F/FMSY",1978,0.23585,"annual"
"Diagnostic model","Diagnostic model",19,19,"Seed 19",FALSE,FALSE,"annual_f_fmsy","F/FMSY",1979,0.30575,"annual"
"Diagnostic model","Diagnostic model",19,19,"Seed 19",FALSE,FALSE,"annual_f_fmsy","F/FMSY",1980,0.31045,"annual"
"Diagnostic model","Diagnostic model",19,19,"Seed 19",FALSE,FALSE,"annual_f_fmsy","F/FMSY",1981,0.296525,"annual"
"Diagnostic model","Diagnostic model",19,19,"Seed 19",FALSE,FALSE,"annual_f_fmsy","F/FMSY",1982,0.34415,"annual"
"Diagnostic model","Diagnostic model",19,19,"Seed 19",FALSE,FALSE,"annual_f_fmsy","F/FMSY",1983,0.339475,"annual"
"Diagnostic model","Diagnostic model",19,19,"Seed 19",FALSE,FALSE,"annual_f_fmsy","F/FMSY",1984,0.3658,"annual"
"Diagnostic model","Diagnostic model",19,19,"Seed 19",FALSE,FALSE,"annual_f_fmsy","F/FMSY",1985,0.384475,"annual"
"Diagnostic model","Diagnostic model",19,19,"Seed 19",FALSE,FALSE,"annual_f_fmsy","F/FMSY",1986,0.35475,"annual"
"Diagnostic model","Diagnostic model",19,19,"Seed 19",FALSE,FALSE,"annual_f_fmsy","F/FMSY",1987,0.45495,"annual"
"Diagnostic model","Diagnostic model",19,19,"Seed 19",FALSE,FALSE,"annual_f_fmsy","F/FMSY",1988,0.398625,"annual"
"Diagnostic model","Diagnostic model",19,19,"Seed 19",FALSE,FALSE,"annual_f_fmsy","F/FMSY",1989,0.39095,"annual"
"Diagnostic model","Diagnostic model",19,19,"Seed 19",FALSE,FALSE,"annual_f_fmsy","F/FMSY",1990,0.47605,"annual"
"Diagnostic model","Diagnostic model",19,19,"Seed 19",FALSE,FALSE,"annual_f_fmsy","F/FMSY",1991,0.439825,"annual"
"Diagnostic model","Diagnostic model",19,19,"Seed 19",FALSE,FALSE,"annual_f_fmsy","F/FMSY",1992,0.55395,"annual"
"Diagnostic model","Diagnostic model",19,19,"Seed 19",FALSE,FALSE,"annual_f_fmsy","F/FMSY",1993,0.4973,"annual"
"Diagnostic model","Diagnostic model",19,19,"Seed 19",FALSE,FALSE,"annual_f_fmsy","F/FMSY",1994,0.58215,"annual"
"Diagnostic model","Diagnostic model",19,19,"Seed 19",FALSE,FALSE,"annual_f_fmsy","F/FMSY",1995,0.5199,"annual"
"Diagnostic model","Diagnostic model",19,19,"Seed 19",FALSE,FALSE,"annual_f_fmsy","F/FMSY",1996,0.484,"annual"
"Diagnostic model","Diagnostic model",19,19,"Seed 19",FALSE,FALSE,"annual_f_fmsy","F/FMSY",1997,0.6113,"annual"
"Diagnostic model","Diagnostic model",19,19,"Seed 19",FALSE,FALSE,"annual_f_fmsy","F/FMSY",1998,0.7276,"annual"
"Diagnostic model","Diagnostic model",19,19,"Seed 19",FALSE,FALSE,"annual_f_fmsy","F/FMSY",1999,0.7941,"annual"
"Diagnostic model","Diagnostic model",19,19,"Seed 19",FALSE,FALSE,"annual_f_fmsy","F/FMSY",2000,0.778,"annual"
"Diagnostic model","Diagnostic model",19,19,"Seed 19",FALSE,FALSE,"annual_f_fmsy","F/FMSY",2001,0.676775,"annual"
"Diagnostic model","Diagnostic model",19,19,"Seed 19",FALSE,FALSE,"annual_f_fmsy","F/FMSY",2002,0.84465,"annual"
"Diagnostic model","Diagnostic model",19,19,"Seed 19",FALSE,FALSE,"annual_f_fmsy","F/FMSY",2003,0.77785,"annual"
"Diagnostic model","Diagnostic model",19,19,"Seed 19",FALSE,FALSE,"annual_f_fmsy","F/FMSY",2004,1.079975,"annual"
"Diagnostic model","Diagnostic model",19,19,"Seed 19",FALSE,FALSE,"annual_f_fmsy","F/FMSY",2005,0.873125,"annual"
"Diagnostic model","Diagnostic model",19,19,"Seed 19",FALSE,FALSE,"annual_f_fmsy","F/FMSY",2006,0.932225,"annual"
"Diagnostic model","Diagnostic model",19,19,"Seed 19",FALSE,FALSE,"annual_f_fmsy","F/FMSY",2007,0.951925,"annual"
"Diagnostic model","Diagnostic model",19,19,"Seed 19",FALSE,FALSE,"annual_f_fmsy","F/FMSY",2008,1.0347,"annual"
"Diagnostic model","Diagnostic model",19,19,"Seed 19",FALSE,FALSE,"annual_f_fmsy","F/FMSY",2009,1.066975,"annual"
"Diagnostic model","Diagnostic model",19,19,"Seed 19",FALSE,FALSE,"annual_f_fmsy","F/FMSY",2010,0.89425,"annual"
"Diagnostic model","Diagnostic model",19,19,"Seed 19",FALSE,FALSE,"annual_f_fmsy","F/FMSY",2011,1.111275,"annual"
"Diagnostic model","Diagnostic model",19,19,"Seed 19",FALSE,FALSE,"annual_f_fmsy","F/FMSY",2012,1.14805,"annual"
"Diagnostic model","Diagnostic model",19,19,"Seed 19",FALSE,FALSE,"annual_f_fmsy","F/FMSY",2013,1.0449,"annual"
"Diagnostic model","Diagnostic model",19,19,"Seed 19",FALSE,FALSE,"annual_f_fmsy","F/FMSY",2014,1.117325,"annual"
"Diagnostic model","Diagnostic model",19,19,"Seed 19",FALSE,FALSE,"annual_f_fmsy","F/FMSY",2015,1.007475,"annual"
"Diagnostic model","Diagnostic model",19,19,"Seed 19",FALSE,FALSE,"annual_f_fmsy","F/FMSY",2016,1.055825,"annual"
"Diagnostic model","Diagnostic model",19,19,"Seed 19",FALSE,FALSE,"annual_f_fmsy","F/FMSY",2017,0.89355,"annual"
"Diagnostic model","Diagnostic model",19,19,"Seed 19",FALSE,FALSE,"annual_f_fmsy","F/FMSY",2018,1.03385,"annual"
"Diagnostic model","Diagnostic model",19,19,"Seed 19",FALSE,FALSE,"annual_f_fmsy","F/FMSY",2019,0.919025,"annual"
"Diagnostic model","Diagnostic model",19,19,"Seed 19",FALSE,FALSE,"annual_f_fmsy","F/FMSY",2020,0.9812,"annual"
"Diagnostic model","Diagnostic model",19,19,"Seed 19",FALSE,FALSE,"annual_f_fmsy","F/FMSY",2021,0.9588,"annual"
"Diagnostic model","Diagnostic model",19,19,"Seed 19",FALSE,FALSE,"annual_f_fmsy","F/FMSY",2022,1.0495,"annual"
"Diagnostic model","Diagnostic model",19,19,"Seed 19",FALSE,FALSE,"annual_f_fmsy","F/FMSY",2023,1.1483,"annual"
"Diagnostic model","Diagnostic model",19,19,"Seed 19",FALSE,FALSE,"annual_f_fmsy","F/FMSY",2024,1.29975,"annual"
"Diagnostic model","Diagnostic model",20,20,"Seed 20",FALSE,FALSE,"annual_depletion","SB/SBF=0",1952,0.993560055710208,"annual"
"Diagnostic model","Diagnostic model",20,20,"Seed 20",FALSE,FALSE,"annual_depletion","SB/SBF=0",1953,0.97345786265311,"annual"
"Diagnostic model","Diagnostic model",20,20,"Seed 20",FALSE,FALSE,"annual_depletion","SB/SBF=0",1954,0.961147681497718,"annual"
"Diagnostic model","Diagnostic model",20,20,"Seed 20",FALSE,FALSE,"annual_depletion","SB/SBF=0",1955,0.950922488891561,"annual"
"Diagnostic model","Diagnostic model",20,20,"Seed 20",FALSE,FALSE,"annual_depletion","SB/SBF=0",1956,0.937418082162763,"annual"
"Diagnostic model","Diagnostic model",20,20,"Seed 20",FALSE,FALSE,"annual_depletion","SB/SBF=0",1957,0.924595739270702,"annual"
"Diagnostic model","Diagnostic model",20,20,"Seed 20",FALSE,FALSE,"annual_depletion","SB/SBF=0",1958,0.90197427123764,"annual"
"Diagnostic model","Diagnostic model",20,20,"Seed 20",FALSE,FALSE,"annual_depletion","SB/SBF=0",1959,0.872616731111315,"annual"
"Diagnostic model","Diagnostic model",20,20,"Seed 20",FALSE,FALSE,"annual_depletion","SB/SBF=0",1960,0.848561435342446,"annual"
"Diagnostic model","Diagnostic model",20,20,"Seed 20",FALSE,FALSE,"annual_depletion","SB/SBF=0",1961,0.837553757643125,"annual"
"Diagnostic model","Diagnostic model",20,20,"Seed 20",FALSE,FALSE,"annual_depletion","SB/SBF=0",1962,0.826521298663708,"annual"
"Diagnostic model","Diagnostic model",20,20,"Seed 20",FALSE,FALSE,"annual_depletion","SB/SBF=0",1963,0.816098108923129,"annual"
"Diagnostic model","Diagnostic model",20,20,"Seed 20",FALSE,FALSE,"annual_depletion","SB/SBF=0",1964,0.803009491832954,"annual"
"Diagnostic model","Diagnostic model",20,20,"Seed 20",FALSE,FALSE,"annual_depletion","SB/SBF=0",1965,0.806656299555413,"annual"
"Diagnostic model","Diagnostic model",20,20,"Seed 20",FALSE,FALSE,"annual_depletion","SB/SBF=0",1966,0.810719186194629,"annual"
"Diagnostic model","Diagnostic model",20,20,"Seed 20",FALSE,FALSE,"annual_depletion","SB/SBF=0",1967,0.805756046843016,"annual"
"Diagnostic model","Diagnostic model",20,20,"Seed 20",FALSE,FALSE,"annual_depletion","SB/SBF=0",1968,0.802369709646266,"annual"
"Diagnostic model","Diagnostic model",20,20,"Seed 20",FALSE,FALSE,"annual_depletion","SB/SBF=0",1969,0.806297535968731,"annual"
"Diagnostic model","Diagnostic model",20,20,"Seed 20",FALSE,FALSE,"annual_depletion","SB/SBF=0",1970,0.802188074369522,"annual"
"Diagnostic model","Diagnostic model",20,20,"Seed 20",FALSE,FALSE,"annual_depletion","SB/SBF=0",1971,0.799432804514999,"annual"
"Diagnostic model","Diagnostic model",20,20,"Seed 20",FALSE,FALSE,"annual_depletion","SB/SBF=0",1972,0.794782212530266,"annual"
"Diagnostic model","Diagnostic model",20,20,"Seed 20",FALSE,FALSE,"annual_depletion","SB/SBF=0",1973,0.775357778190797,"annual"
"Diagnostic model","Diagnostic model",20,20,"Seed 20",FALSE,FALSE,"annual_depletion","SB/SBF=0",1974,0.762722050816194,"annual"
"Diagnostic model","Diagnostic model",20,20,"Seed 20",FALSE,FALSE,"annual_depletion","SB/SBF=0",1975,0.749140175409864,"annual"
"Diagnostic model","Diagnostic model",20,20,"Seed 20",FALSE,FALSE,"annual_depletion","SB/SBF=0",1976,0.724637102952613,"annual"
"Diagnostic model","Diagnostic model",20,20,"Seed 20",FALSE,FALSE,"annual_depletion","SB/SBF=0",1977,0.704771374051278,"annual"
"Diagnostic model","Diagnostic model",20,20,"Seed 20",FALSE,FALSE,"annual_depletion","SB/SBF=0",1978,0.696296214442194,"annual"
"Diagnostic model","Diagnostic model",20,20,"Seed 20",FALSE,FALSE,"annual_depletion","SB/SBF=0",1979,0.6810944165897,"annual"
"Diagnostic model","Diagnostic model",20,20,"Seed 20",FALSE,FALSE,"annual_depletion","SB/SBF=0",1980,0.657287568572859,"annual"
"Diagnostic model","Diagnostic model",20,20,"Seed 20",FALSE,FALSE,"annual_depletion","SB/SBF=0",1981,0.636035549601106,"annual"
"Diagnostic model","Diagnostic model",20,20,"Seed 20",FALSE,FALSE,"annual_depletion","SB/SBF=0",1982,0.624983347210658,"annual"
"Diagnostic model","Diagnostic model",20,20,"Seed 20",FALSE,FALSE,"annual_depletion","SB/SBF=0",1983,0.61658124670146,"annual"
"Diagnostic model","Diagnostic model",20,20,"Seed 20",FALSE,FALSE,"annual_depletion","SB/SBF=0",1984,0.611169923921212,"annual"
"Diagnostic model","Diagnostic model",20,20,"Seed 20",FALSE,FALSE,"annual_depletion","SB/SBF=0",1985,0.590329015776839,"annual"
"Diagnostic model","Diagnostic model",20,20,"Seed 20",FALSE,FALSE,"annual_depletion","SB/SBF=0",1986,0.564474041244573,"annual"
"Diagnostic model","Diagnostic model",20,20,"Seed 20",FALSE,FALSE,"annual_depletion","SB/SBF=0",1987,0.545953578591723,"annual"
"Diagnostic model","Diagnostic model",20,20,"Seed 20",FALSE,FALSE,"annual_depletion","SB/SBF=0",1988,0.525046658590092,"annual"
"Diagnostic model","Diagnostic model",20,20,"Seed 20",FALSE,FALSE,"annual_depletion","SB/SBF=0",1989,0.509935483575556,"annual"
"Diagnostic model","Diagnostic model",20,20,"Seed 20",FALSE,FALSE,"annual_depletion","SB/SBF=0",1990,0.501935352452426,"annual"
"Diagnostic model","Diagnostic model",20,20,"Seed 20",FALSE,FALSE,"annual_depletion","SB/SBF=0",1991,0.489918032786885,"annual"
"Diagnostic model","Diagnostic model",20,20,"Seed 20",FALSE,FALSE,"annual_depletion","SB/SBF=0",1992,0.471618579169416,"annual"
"Diagnostic model","Diagnostic model",20,20,"Seed 20",FALSE,FALSE,"annual_depletion","SB/SBF=0",1993,0.443936289102094,"annual"
"Diagnostic model","Diagnostic model",20,20,"Seed 20",FALSE,FALSE,"annual_depletion","SB/SBF=0",1994,0.420712493096949,"annual"
"Diagnostic model","Diagnostic model",20,20,"Seed 20",FALSE,FALSE,"annual_depletion","SB/SBF=0",1995,0.394456695293607,"annual"
"Diagnostic model","Diagnostic model",20,20,"Seed 20",FALSE,FALSE,"annual_depletion","SB/SBF=0",1996,0.385654586572272,"annual"
"Diagnostic model","Diagnostic model",20,20,"Seed 20",FALSE,FALSE,"annual_depletion","SB/SBF=0",1997,0.401399195982972,"annual"
"Diagnostic model","Diagnostic model",20,20,"Seed 20",FALSE,FALSE,"annual_depletion","SB/SBF=0",1998,0.386600804675778,"annual"
"Diagnostic model","Diagnostic model",20,20,"Seed 20",FALSE,FALSE,"annual_depletion","SB/SBF=0",1999,0.36244671437436,"annual"
"Diagnostic model","Diagnostic model",20,20,"Seed 20",FALSE,FALSE,"annual_depletion","SB/SBF=0",2000,0.331595023941551,"annual"
"Diagnostic model","Diagnostic model",20,20,"Seed 20",FALSE,FALSE,"annual_depletion","SB/SBF=0",2001,0.309418741386069,"annual"
"Diagnostic model","Diagnostic model",20,20,"Seed 20",FALSE,FALSE,"annual_depletion","SB/SBF=0",2002,0.295355786382021,"annual"
"Diagnostic model","Diagnostic model",20,20,"Seed 20",FALSE,FALSE,"annual_depletion","SB/SBF=0",2003,0.27935152543406,"annual"
"Diagnostic model","Diagnostic model",20,20,"Seed 20",FALSE,FALSE,"annual_depletion","SB/SBF=0",2004,0.268962053404099,"annual"
"Diagnostic model","Diagnostic model",20,20,"Seed 20",FALSE,FALSE,"annual_depletion","SB/SBF=0",2005,0.24617926517982,"annual"
"Diagnostic model","Diagnostic model",20,20,"Seed 20",FALSE,FALSE,"annual_depletion","SB/SBF=0",2006,0.238840935886153,"annual"
"Diagnostic model","Diagnostic model",20,20,"Seed 20",FALSE,FALSE,"annual_depletion","SB/SBF=0",2007,0.232153787143055,"annual"
"Diagnostic model","Diagnostic model",20,20,"Seed 20",FALSE,FALSE,"annual_depletion","SB/SBF=0",2008,0.222886905150893,"annual"
"Diagnostic model","Diagnostic model",20,20,"Seed 20",FALSE,FALSE,"annual_depletion","SB/SBF=0",2009,0.211155919543561,"annual"
"Diagnostic model","Diagnostic model",20,20,"Seed 20",FALSE,FALSE,"annual_depletion","SB/SBF=0",2010,0.19740845614368,"annual"
"Diagnostic model","Diagnostic model",20,20,"Seed 20",FALSE,FALSE,"annual_depletion","SB/SBF=0",2011,0.195493194753774,"annual"
"Diagnostic model","Diagnostic model",20,20,"Seed 20",FALSE,FALSE,"annual_depletion","SB/SBF=0",2012,0.188852642126185,"annual"
"Diagnostic model","Diagnostic model",20,20,"Seed 20",FALSE,FALSE,"annual_depletion","SB/SBF=0",2013,0.180384386433105,"annual"
"Diagnostic model","Diagnostic model",20,20,"Seed 20",FALSE,FALSE,"annual_depletion","SB/SBF=0",2014,0.183839790944937,"annual"
"Diagnostic model","Diagnostic model",20,20,"Seed 20",FALSE,FALSE,"annual_depletion","SB/SBF=0",2015,0.190565877824632,"annual"
"Diagnostic model","Diagnostic model",20,20,"Seed 20",FALSE,FALSE,"annual_depletion","SB/SBF=0",2016,0.192402288027209,"annual"
"Diagnostic model","Diagnostic model",20,20,"Seed 20",FALSE,FALSE,"annual_depletion","SB/SBF=0",2017,0.190555318779498,"annual"
"Diagnostic model","Diagnostic model",20,20,"Seed 20",FALSE,FALSE,"annual_depletion","SB/SBF=0",2018,0.190513853542566,"annual"
"Diagnostic model","Diagnostic model",20,20,"Seed 20",FALSE,FALSE,"annual_depletion","SB/SBF=0",2019,0.189127172138959,"annual"
"Diagnostic model","Diagnostic model",20,20,"Seed 20",FALSE,FALSE,"annual_depletion","SB/SBF=0",2020,0.192382057480181,"annual"
"Diagnostic model","Diagnostic model",20,20,"Seed 20",FALSE,FALSE,"annual_depletion","SB/SBF=0",2021,0.199190098149123,"annual"
"Diagnostic model","Diagnostic model",20,20,"Seed 20",FALSE,FALSE,"annual_depletion","SB/SBF=0",2022,0.201789816566642,"annual"
"Diagnostic model","Diagnostic model",20,20,"Seed 20",FALSE,FALSE,"annual_depletion","SB/SBF=0",2023,0.194905617040824,"annual"
"Diagnostic model","Diagnostic model",20,20,"Seed 20",FALSE,FALSE,"annual_depletion","SB/SBF=0",2024,0.172990726698482,"annual"
"Diagnostic model","Diagnostic model",20,20,"Seed 20",FALSE,FALSE,"annual_sb_sbmsy","SB/SBMSY",1952,5.39975,"annual"
"Diagnostic model","Diagnostic model",20,20,"Seed 20",FALSE,FALSE,"annual_sb_sbmsy","SB/SBMSY",1953,5.42625,"annual"
"Diagnostic model","Diagnostic model",20,20,"Seed 20",FALSE,FALSE,"annual_sb_sbmsy","SB/SBMSY",1954,5.45725,"annual"
"Diagnostic model","Diagnostic model",20,20,"Seed 20",FALSE,FALSE,"annual_sb_sbmsy","SB/SBMSY",1955,5.47725,"annual"
"Diagnostic model","Diagnostic model",20,20,"Seed 20",FALSE,FALSE,"annual_sb_sbmsy","SB/SBMSY",1956,5.448,"annual"
"Diagnostic model","Diagnostic model",20,20,"Seed 20",FALSE,FALSE,"annual_sb_sbmsy","SB/SBMSY",1957,5.5955,"annual"
"Diagnostic model","Diagnostic model",20,20,"Seed 20",FALSE,FALSE,"annual_sb_sbmsy","SB/SBMSY",1958,5.474,"annual"
"Diagnostic model","Diagnostic model",20,20,"Seed 20",FALSE,FALSE,"annual_sb_sbmsy","SB/SBMSY",1959,5.02475,"annual"
"Diagnostic model","Diagnostic model",20,20,"Seed 20",FALSE,FALSE,"annual_sb_sbmsy","SB/SBMSY",1960,4.53375,"annual"
"Diagnostic model","Diagnostic model",20,20,"Seed 20",FALSE,FALSE,"annual_sb_sbmsy","SB/SBMSY",1961,4.36975,"annual"
"Diagnostic model","Diagnostic model",20,20,"Seed 20",FALSE,FALSE,"annual_sb_sbmsy","SB/SBMSY",1962,4.11975,"annual"
"Diagnostic model","Diagnostic model",20,20,"Seed 20",FALSE,FALSE,"annual_sb_sbmsy","SB/SBMSY",1963,3.899,"annual"
"Diagnostic model","Diagnostic model",20,20,"Seed 20",FALSE,FALSE,"annual_sb_sbmsy","SB/SBMSY",1964,3.64375,"annual"
"Diagnostic model","Diagnostic model",20,20,"Seed 20",FALSE,FALSE,"annual_sb_sbmsy","SB/SBMSY",1965,3.53725,"annual"
"Diagnostic model","Diagnostic model",20,20,"Seed 20",FALSE,FALSE,"annual_sb_sbmsy","SB/SBMSY",1966,3.48925,"annual"
"Diagnostic model","Diagnostic model",20,20,"Seed 20",FALSE,FALSE,"annual_sb_sbmsy","SB/SBMSY",1967,3.33925,"annual"
"Diagnostic model","Diagnostic model",20,20,"Seed 20",FALSE,FALSE,"annual_sb_sbmsy","SB/SBMSY",1968,3.1805,"annual"
"Diagnostic model","Diagnostic model",20,20,"Seed 20",FALSE,FALSE,"annual_sb_sbmsy","SB/SBMSY",1969,3.1905,"annual"
"Diagnostic model","Diagnostic model",20,20,"Seed 20",FALSE,FALSE,"annual_sb_sbmsy","SB/SBMSY",1970,3.08525,"annual"
"Diagnostic model","Diagnostic model",20,20,"Seed 20",FALSE,FALSE,"annual_sb_sbmsy","SB/SBMSY",1971,2.99875,"annual"
"Diagnostic model","Diagnostic model",20,20,"Seed 20",FALSE,FALSE,"annual_sb_sbmsy","SB/SBMSY",1972,2.98675,"annual"
"Diagnostic model","Diagnostic model",20,20,"Seed 20",FALSE,FALSE,"annual_sb_sbmsy","SB/SBMSY",1973,2.8085,"annual"
"Diagnostic model","Diagnostic model",20,20,"Seed 20",FALSE,FALSE,"annual_sb_sbmsy","SB/SBMSY",1974,2.64875,"annual"
"Diagnostic model","Diagnostic model",20,20,"Seed 20",FALSE,FALSE,"annual_sb_sbmsy","SB/SBMSY",1975,2.5515,"annual"
"Diagnostic model","Diagnostic model",20,20,"Seed 20",FALSE,FALSE,"annual_sb_sbmsy","SB/SBMSY",1976,2.411,"annual"
"Diagnostic model","Diagnostic model",20,20,"Seed 20",FALSE,FALSE,"annual_sb_sbmsy","SB/SBMSY",1977,2.36225,"annual"
"Diagnostic model","Diagnostic model",20,20,"Seed 20",FALSE,FALSE,"annual_sb_sbmsy","SB/SBMSY",1978,2.4245,"annual"
"Diagnostic model","Diagnostic model",20,20,"Seed 20",FALSE,FALSE,"annual_sb_sbmsy","SB/SBMSY",1979,2.38275,"annual"
"Diagnostic model","Diagnostic model",20,20,"Seed 20",FALSE,FALSE,"annual_sb_sbmsy","SB/SBMSY",1980,2.29775,"annual"
"Diagnostic model","Diagnostic model",20,20,"Seed 20",FALSE,FALSE,"annual_sb_sbmsy","SB/SBMSY",1981,2.119,"annual"
"Diagnostic model","Diagnostic model",20,20,"Seed 20",FALSE,FALSE,"annual_sb_sbmsy","SB/SBMSY",1982,2.02125,"annual"
"Diagnostic model","Diagnostic model",20,20,"Seed 20",FALSE,FALSE,"annual_sb_sbmsy","SB/SBMSY",1983,2.02275,"annual"
"Diagnostic model","Diagnostic model",20,20,"Seed 20",FALSE,FALSE,"annual_sb_sbmsy","SB/SBMSY",1984,2.1435,"annual"
"Diagnostic model","Diagnostic model",20,20,"Seed 20",FALSE,FALSE,"annual_sb_sbmsy","SB/SBMSY",1985,2.2115,"annual"
"Diagnostic model","Diagnostic model",20,20,"Seed 20",FALSE,FALSE,"annual_sb_sbmsy","SB/SBMSY",1986,2.16075,"annual"
"Diagnostic model","Diagnostic model",20,20,"Seed 20",FALSE,FALSE,"annual_sb_sbmsy","SB/SBMSY",1987,2.1495,"annual"
"Diagnostic model","Diagnostic model",20,20,"Seed 20",FALSE,FALSE,"annual_sb_sbmsy","SB/SBMSY",1988,2.15925,"annual"
"Diagnostic model","Diagnostic model",20,20,"Seed 20",FALSE,FALSE,"annual_sb_sbmsy","SB/SBMSY",1989,2.14225,"annual"
"Diagnostic model","Diagnostic model",20,20,"Seed 20",FALSE,FALSE,"annual_sb_sbmsy","SB/SBMSY",1990,2.25125,"annual"
"Diagnostic model","Diagnostic model",20,20,"Seed 20",FALSE,FALSE,"annual_sb_sbmsy","SB/SBMSY",1991,2.305,"annual"
"Diagnostic model","Diagnostic model",20,20,"Seed 20",FALSE,FALSE,"annual_sb_sbmsy","SB/SBMSY",1992,2.26875,"annual"
"Diagnostic model","Diagnostic model",20,20,"Seed 20",FALSE,FALSE,"annual_sb_sbmsy","SB/SBMSY",1993,2.136,"annual"
"Diagnostic model","Diagnostic model",20,20,"Seed 20",FALSE,FALSE,"annual_sb_sbmsy","SB/SBMSY",1994,2.05875,"annual"
"Diagnostic model","Diagnostic model",20,20,"Seed 20",FALSE,FALSE,"annual_sb_sbmsy","SB/SBMSY",1995,1.9575,"annual"
"Diagnostic model","Diagnostic model",20,20,"Seed 20",FALSE,FALSE,"annual_sb_sbmsy","SB/SBMSY",1996,1.8975,"annual"
"Diagnostic model","Diagnostic model",20,20,"Seed 20",FALSE,FALSE,"annual_sb_sbmsy","SB/SBMSY",1997,2.02025,"annual"
"Diagnostic model","Diagnostic model",20,20,"Seed 20",FALSE,FALSE,"annual_sb_sbmsy","SB/SBMSY",1998,1.99275,"annual"
"Diagnostic model","Diagnostic model",20,20,"Seed 20",FALSE,FALSE,"annual_sb_sbmsy","SB/SBMSY",1999,1.89875,"annual"
"Diagnostic model","Diagnostic model",20,20,"Seed 20",FALSE,FALSE,"annual_sb_sbmsy","SB/SBMSY",2000,1.75325,"annual"
"Diagnostic model","Diagnostic model",20,20,"Seed 20",FALSE,FALSE,"annual_sb_sbmsy","SB/SBMSY",2001,1.6475,"annual"
"Diagnostic model","Diagnostic model",20,20,"Seed 20",FALSE,FALSE,"annual_sb_sbmsy","SB/SBMSY",2002,1.61325,"annual"
"Diagnostic model","Diagnostic model",20,20,"Seed 20",FALSE,FALSE,"annual_sb_sbmsy","SB/SBMSY",2003,1.58675,"annual"
"Diagnostic model","Diagnostic model",20,20,"Seed 20",FALSE,FALSE,"annual_sb_sbmsy","SB/SBMSY",2004,1.553,"annual"
"Diagnostic model","Diagnostic model",20,20,"Seed 20",FALSE,FALSE,"annual_sb_sbmsy","SB/SBMSY",2005,1.42,"annual"
"Diagnostic model","Diagnostic model",20,20,"Seed 20",FALSE,FALSE,"annual_sb_sbmsy","SB/SBMSY",2006,1.3835,"annual"
"Diagnostic model","Diagnostic model",20,20,"Seed 20",FALSE,FALSE,"annual_sb_sbmsy","SB/SBMSY",2007,1.36775,"annual"
"Diagnostic model","Diagnostic model",20,20,"Seed 20",FALSE,FALSE,"annual_sb_sbmsy","SB/SBMSY",2008,1.31225,"annual"
"Diagnostic model","Diagnostic model",20,20,"Seed 20",FALSE,FALSE,"annual_sb_sbmsy","SB/SBMSY",2009,1.22625,"annual"
"Diagnostic model","Diagnostic model",20,20,"Seed 20",FALSE,FALSE,"annual_sb_sbmsy","SB/SBMSY",2010,1.14075,"annual"
"Diagnostic model","Diagnostic model",20,20,"Seed 20",FALSE,FALSE,"annual_sb_sbmsy","SB/SBMSY",2011,1.13975,"annual"
"Diagnostic model","Diagnostic model",20,20,"Seed 20",FALSE,FALSE,"annual_sb_sbmsy","SB/SBMSY",2012,1.10575,"annual"
"Diagnostic model","Diagnostic model",20,20,"Seed 20",FALSE,FALSE,"annual_sb_sbmsy","SB/SBMSY",2013,1.0375,"annual"
"Diagnostic model","Diagnostic model",20,20,"Seed 20",FALSE,FALSE,"annual_sb_sbmsy","SB/SBMSY",2014,1.06375,"annual"
"Diagnostic model","Diagnostic model",20,20,"Seed 20",FALSE,FALSE,"annual_sb_sbmsy","SB/SBMSY",2015,1.14625,"annual"
"Diagnostic model","Diagnostic model",20,20,"Seed 20",FALSE,FALSE,"annual_sb_sbmsy","SB/SBMSY",2016,1.185,"annual"
"Diagnostic model","Diagnostic model",20,20,"Seed 20",FALSE,FALSE,"annual_sb_sbmsy","SB/SBMSY",2017,1.16125,"annual"
"Diagnostic model","Diagnostic model",20,20,"Seed 20",FALSE,FALSE,"annual_sb_sbmsy","SB/SBMSY",2018,1.1485,"annual"
"Diagnostic model","Diagnostic model",20,20,"Seed 20",FALSE,FALSE,"annual_sb_sbmsy","SB/SBMSY",2019,1.13575,"annual"
"Diagnostic model","Diagnostic model",20,20,"Seed 20",FALSE,FALSE,"annual_sb_sbmsy","SB/SBMSY",2020,1.15,"annual"
"Diagnostic model","Diagnostic model",20,20,"Seed 20",FALSE,FALSE,"annual_sb_sbmsy","SB/SBMSY",2021,1.17225,"annual"
"Diagnostic model","Diagnostic model",20,20,"Seed 20",FALSE,FALSE,"annual_sb_sbmsy","SB/SBMSY",2022,1.1685,"annual"
"Diagnostic model","Diagnostic model",20,20,"Seed 20",FALSE,FALSE,"annual_sb_sbmsy","SB/SBMSY",2023,1.10175,"annual"
"Diagnostic model","Diagnostic model",20,20,"Seed 20",FALSE,FALSE,"annual_sb_sbmsy","SB/SBMSY",2024,0.956575,"annual"
"Diagnostic model","Diagnostic model",20,20,"Seed 20",FALSE,FALSE,"annual_f_fmsy","F/FMSY",1952,0.07172,"annual"
"Diagnostic model","Diagnostic model",20,20,"Seed 20",FALSE,FALSE,"annual_f_fmsy","F/FMSY",1953,0.0667325,"annual"
"Diagnostic model","Diagnostic model",20,20,"Seed 20",FALSE,FALSE,"annual_f_fmsy","F/FMSY",1954,0.045455,"annual"
"Diagnostic model","Diagnostic model",20,20,"Seed 20",FALSE,FALSE,"annual_f_fmsy","F/FMSY",1955,0.0729975,"annual"
"Diagnostic model","Diagnostic model",20,20,"Seed 20",FALSE,FALSE,"annual_f_fmsy","F/FMSY",1956,0.0809225,"annual"
"Diagnostic model","Diagnostic model",20,20,"Seed 20",FALSE,FALSE,"annual_f_fmsy","F/FMSY",1957,0.10941,"annual"
"Diagnostic model","Diagnostic model",20,20,"Seed 20",FALSE,FALSE,"annual_f_fmsy","F/FMSY",1958,0.161935,"annual"
"Diagnostic model","Diagnostic model",20,20,"Seed 20",FALSE,FALSE,"annual_f_fmsy","F/FMSY",1959,0.1501825,"annual"
"Diagnostic model","Diagnostic model",20,20,"Seed 20",FALSE,FALSE,"annual_f_fmsy","F/FMSY",1960,0.15019,"annual"
"Diagnostic model","Diagnostic model",20,20,"Seed 20",FALSE,FALSE,"annual_f_fmsy","F/FMSY",1961,0.14835,"annual"
"Diagnostic model","Diagnostic model",20,20,"Seed 20",FALSE,FALSE,"annual_f_fmsy","F/FMSY",1962,0.143225,"annual"
"Diagnostic model","Diagnostic model",20,20,"Seed 20",FALSE,FALSE,"annual_f_fmsy","F/FMSY",1963,0.184975,"annual"
"Diagnostic model","Diagnostic model",20,20,"Seed 20",FALSE,FALSE,"annual_f_fmsy","F/FMSY",1964,0.13801,"annual"
"Diagnostic model","Diagnostic model",20,20,"Seed 20",FALSE,FALSE,"annual_f_fmsy","F/FMSY",1965,0.12965,"annual"
"Diagnostic model","Diagnostic model",20,20,"Seed 20",FALSE,FALSE,"annual_f_fmsy","F/FMSY",1966,0.1466,"annual"
"Diagnostic model","Diagnostic model",20,20,"Seed 20",FALSE,FALSE,"annual_f_fmsy","F/FMSY",1967,0.159575,"annual"
"Diagnostic model","Diagnostic model",20,20,"Seed 20",FALSE,FALSE,"annual_f_fmsy","F/FMSY",1968,0.1306,"annual"
"Diagnostic model","Diagnostic model",20,20,"Seed 20",FALSE,FALSE,"annual_f_fmsy","F/FMSY",1969,0.163675,"annual"
"Diagnostic model","Diagnostic model",20,20,"Seed 20",FALSE,FALSE,"annual_f_fmsy","F/FMSY",1970,0.155875,"annual"
"Diagnostic model","Diagnostic model",20,20,"Seed 20",FALSE,FALSE,"annual_f_fmsy","F/FMSY",1971,0.1593,"annual"
"Diagnostic model","Diagnostic model",20,20,"Seed 20",FALSE,FALSE,"annual_f_fmsy","F/FMSY",1972,0.22135,"annual"
"Diagnostic model","Diagnostic model",20,20,"Seed 20",FALSE,FALSE,"annual_f_fmsy","F/FMSY",1973,0.1881,"annual"
"Diagnostic model","Diagnostic model",20,20,"Seed 20",FALSE,FALSE,"annual_f_fmsy","F/FMSY",1974,0.211375,"annual"
"Diagnostic model","Diagnostic model",20,20,"Seed 20",FALSE,FALSE,"annual_f_fmsy","F/FMSY",1975,0.269675,"annual"
"Diagnostic model","Diagnostic model",20,20,"Seed 20",FALSE,FALSE,"annual_f_fmsy","F/FMSY",1976,0.28645,"annual"
"Diagnostic model","Diagnostic model",20,20,"Seed 20",FALSE,FALSE,"annual_f_fmsy","F/FMSY",1977,0.319,"annual"
"Diagnostic model","Diagnostic model",20,20,"Seed 20",FALSE,FALSE,"annual_f_fmsy","F/FMSY",1978,0.26555,"annual"
"Diagnostic model","Diagnostic model",20,20,"Seed 20",FALSE,FALSE,"annual_f_fmsy","F/FMSY",1979,0.342075,"annual"
"Diagnostic model","Diagnostic model",20,20,"Seed 20",FALSE,FALSE,"annual_f_fmsy","F/FMSY",1980,0.3459,"annual"
"Diagnostic model","Diagnostic model",20,20,"Seed 20",FALSE,FALSE,"annual_f_fmsy","F/FMSY",1981,0.327875,"annual"
"Diagnostic model","Diagnostic model",20,20,"Seed 20",FALSE,FALSE,"annual_f_fmsy","F/FMSY",1982,0.381025,"annual"
"Diagnostic model","Diagnostic model",20,20,"Seed 20",FALSE,FALSE,"annual_f_fmsy","F/FMSY",1983,0.377,"annual"
"Diagnostic model","Diagnostic model",20,20,"Seed 20",FALSE,FALSE,"annual_f_fmsy","F/FMSY",1984,0.40905,"annual"
"Diagnostic model","Diagnostic model",20,20,"Seed 20",FALSE,FALSE,"annual_f_fmsy","F/FMSY",1985,0.42755,"annual"
"Diagnostic model","Diagnostic model",20,20,"Seed 20",FALSE,FALSE,"annual_f_fmsy","F/FMSY",1986,0.3946,"annual"
"Diagnostic model","Diagnostic model",20,20,"Seed 20",FALSE,FALSE,"annual_f_fmsy","F/FMSY",1987,0.50515,"annual"
"Diagnostic model","Diagnostic model",20,20,"Seed 20",FALSE,FALSE,"annual_f_fmsy","F/FMSY",1988,0.438275,"annual"
"Diagnostic model","Diagnostic model",20,20,"Seed 20",FALSE,FALSE,"annual_f_fmsy","F/FMSY",1989,0.43295,"annual"
"Diagnostic model","Diagnostic model",20,20,"Seed 20",FALSE,FALSE,"annual_f_fmsy","F/FMSY",1990,0.531925,"annual"
"Diagnostic model","Diagnostic model",20,20,"Seed 20",FALSE,FALSE,"annual_f_fmsy","F/FMSY",1991,0.4921,"annual"
"Diagnostic model","Diagnostic model",20,20,"Seed 20",FALSE,FALSE,"annual_f_fmsy","F/FMSY",1992,0.61905,"annual"
"Diagnostic model","Diagnostic model",20,20,"Seed 20",FALSE,FALSE,"annual_f_fmsy","F/FMSY",1993,0.55165,"annual"
"Diagnostic model","Diagnostic model",20,20,"Seed 20",FALSE,FALSE,"annual_f_fmsy","F/FMSY",1994,0.639625,"annual"
"Diagnostic model","Diagnostic model",20,20,"Seed 20",FALSE,FALSE,"annual_f_fmsy","F/FMSY",1995,0.5679,"annual"
"Diagnostic model","Diagnostic model",20,20,"Seed 20",FALSE,FALSE,"annual_f_fmsy","F/FMSY",1996,0.52925,"annual"
"Diagnostic model","Diagnostic model",20,20,"Seed 20",FALSE,FALSE,"annual_f_fmsy","F/FMSY",1997,0.66695,"annual"
"Diagnostic model","Diagnostic model",20,20,"Seed 20",FALSE,FALSE,"annual_f_fmsy","F/FMSY",1998,0.7919,"annual"
"Diagnostic model","Diagnostic model",20,20,"Seed 20",FALSE,FALSE,"annual_f_fmsy","F/FMSY",1999,0.8664,"annual"
"Diagnostic model","Diagnostic model",20,20,"Seed 20",FALSE,FALSE,"annual_f_fmsy","F/FMSY",2000,0.843975,"annual"
"Diagnostic model","Diagnostic model",20,20,"Seed 20",FALSE,FALSE,"annual_f_fmsy","F/FMSY",2001,0.724975,"annual"
"Diagnostic model","Diagnostic model",20,20,"Seed 20",FALSE,FALSE,"annual_f_fmsy","F/FMSY",2002,0.905825,"annual"
"Diagnostic model","Diagnostic model",20,20,"Seed 20",FALSE,FALSE,"annual_f_fmsy","F/FMSY",2003,0.825525,"annual"
"Diagnostic model","Diagnostic model",20,20,"Seed 20",FALSE,FALSE,"annual_f_fmsy","F/FMSY",2004,1.15525,"annual"
"Diagnostic model","Diagnostic model",20,20,"Seed 20",FALSE,FALSE,"annual_f_fmsy","F/FMSY",2005,0.934525,"annual"
"Diagnostic model","Diagnostic model",20,20,"Seed 20",FALSE,FALSE,"annual_f_fmsy","F/FMSY",2006,1.004825,"annual"
"Diagnostic model","Diagnostic model",20,20,"Seed 20",FALSE,FALSE,"annual_f_fmsy","F/FMSY",2007,1.02525,"annual"
"Diagnostic model","Diagnostic model",20,20,"Seed 20",FALSE,FALSE,"annual_f_fmsy","F/FMSY",2008,1.0995,"annual"
"Diagnostic model","Diagnostic model",20,20,"Seed 20",FALSE,FALSE,"annual_f_fmsy","F/FMSY",2009,1.119875,"annual"
"Diagnostic model","Diagnostic model",20,20,"Seed 20",FALSE,FALSE,"annual_f_fmsy","F/FMSY",2010,0.930725,"annual"
"Diagnostic model","Diagnostic model",20,20,"Seed 20",FALSE,FALSE,"annual_f_fmsy","F/FMSY",2011,1.1573,"annual"
"Diagnostic model","Diagnostic model",20,20,"Seed 20",FALSE,FALSE,"annual_f_fmsy","F/FMSY",2012,1.184225,"annual"
"Diagnostic model","Diagnostic model",20,20,"Seed 20",FALSE,FALSE,"annual_f_fmsy","F/FMSY",2013,1.074875,"annual"
"Diagnostic model","Diagnostic model",20,20,"Seed 20",FALSE,FALSE,"annual_f_fmsy","F/FMSY",2014,1.154375,"annual"
"Diagnostic model","Diagnostic model",20,20,"Seed 20",FALSE,FALSE,"annual_f_fmsy","F/FMSY",2015,1.04235,"annual"
"Diagnostic model","Diagnostic model",20,20,"Seed 20",FALSE,FALSE,"annual_f_fmsy","F/FMSY",2016,1.087575,"annual"
"Diagnostic model","Diagnostic model",20,20,"Seed 20",FALSE,FALSE,"annual_f_fmsy","F/FMSY",2017,0.918725,"annual"
"Diagnostic model","Diagnostic model",20,20,"Seed 20",FALSE,FALSE,"annual_f_fmsy","F/FMSY",2018,1.0678,"annual"
"Diagnostic model","Diagnostic model",20,20,"Seed 20",FALSE,FALSE,"annual_f_fmsy","F/FMSY",2019,0.94555,"annual"
"Diagnostic model","Diagnostic model",20,20,"Seed 20",FALSE,FALSE,"annual_f_fmsy","F/FMSY",2020,1.00405,"annual"
"Diagnostic model","Diagnostic model",20,20,"Seed 20",FALSE,FALSE,"annual_f_fmsy","F/FMSY",2021,0.99695,"annual"
"Diagnostic model","Diagnostic model",20,20,"Seed 20",FALSE,FALSE,"annual_f_fmsy","F/FMSY",2022,1.08785,"annual"
"Diagnostic model","Diagnostic model",20,20,"Seed 20",FALSE,FALSE,"annual_f_fmsy","F/FMSY",2023,1.18545,"annual"
"Diagnostic model","Diagnostic model",20,20,"Seed 20",FALSE,FALSE,"annual_f_fmsy","F/FMSY",2024,1.32525,"annual"
"Diagnostic model","Diagnostic model",21,21,"Seed 21",FALSE,FALSE,"annual_depletion","SB/SBF=0",1952,0.992817070746642,"annual"
"Diagnostic model","Diagnostic model",21,21,"Seed 21",FALSE,FALSE,"annual_depletion","SB/SBF=0",1953,0.970564985149801,"annual"
"Diagnostic model","Diagnostic model",21,21,"Seed 21",FALSE,FALSE,"annual_depletion","SB/SBF=0",1954,0.957188318912466,"annual"
"Diagnostic model","Diagnostic model",21,21,"Seed 21",FALSE,FALSE,"annual_depletion","SB/SBF=0",1955,0.946203619654334,"annual"
"Diagnostic model","Diagnostic model",21,21,"Seed 21",FALSE,FALSE,"annual_depletion","SB/SBF=0",1956,0.931927466750813,"annual"
"Diagnostic model","Diagnostic model",21,21,"Seed 21",FALSE,FALSE,"annual_depletion","SB/SBF=0",1957,0.918577987543091,"annual"
"Diagnostic model","Diagnostic model",21,21,"Seed 21",FALSE,FALSE,"annual_depletion","SB/SBF=0",1958,0.894475041182092,"annual"
"Diagnostic model","Diagnostic model",21,21,"Seed 21",FALSE,FALSE,"annual_depletion","SB/SBF=0",1959,0.863239548903161,"annual"
"Diagnostic model","Diagnostic model",21,21,"Seed 21",FALSE,FALSE,"annual_depletion","SB/SBF=0",1960,0.838130887141915,"annual"
"Diagnostic model","Diagnostic model",21,21,"Seed 21",FALSE,FALSE,"annual_depletion","SB/SBF=0",1961,0.826722826492867,"annual"
"Diagnostic model","Diagnostic model",21,21,"Seed 21",FALSE,FALSE,"annual_depletion","SB/SBF=0",1962,0.814709558906812,"annual"
"Diagnostic model","Diagnostic model",21,21,"Seed 21",FALSE,FALSE,"annual_depletion","SB/SBF=0",1963,0.80353801301511,"annual"
"Diagnostic model","Diagnostic model",21,21,"Seed 21",FALSE,FALSE,"annual_depletion","SB/SBF=0",1964,0.789681068470358,"annual"
"Diagnostic model","Diagnostic model",21,21,"Seed 21",FALSE,FALSE,"annual_depletion","SB/SBF=0",1965,0.794262958239391,"annual"
"Diagnostic model","Diagnostic model",21,21,"Seed 21",FALSE,FALSE,"annual_depletion","SB/SBF=0",1966,0.799435215318247,"annual"
"Diagnostic model","Diagnostic model",21,21,"Seed 21",FALSE,FALSE,"annual_depletion","SB/SBF=0",1967,0.794589880401178,"annual"
"Diagnostic model","Diagnostic model",21,21,"Seed 21",FALSE,FALSE,"annual_depletion","SB/SBF=0",1968,0.791328342573903,"annual"
"Diagnostic model","Diagnostic model",21,21,"Seed 21",FALSE,FALSE,"annual_depletion","SB/SBF=0",1969,0.795497036985884,"annual"
"Diagnostic model","Diagnostic model",21,21,"Seed 21",FALSE,FALSE,"annual_depletion","SB/SBF=0",1970,0.791038962406173,"annual"
"Diagnostic model","Diagnostic model",21,21,"Seed 21",FALSE,FALSE,"annual_depletion","SB/SBF=0",1971,0.788166127292341,"annual"
"Diagnostic model","Diagnostic model",21,21,"Seed 21",FALSE,FALSE,"annual_depletion","SB/SBF=0",1972,0.783504682835168,"annual"
"Diagnostic model","Diagnostic model",21,21,"Seed 21",FALSE,FALSE,"annual_depletion","SB/SBF=0",1973,0.763083245851109,"annual"
"Diagnostic model","Diagnostic model",21,21,"Seed 21",FALSE,FALSE,"annual_depletion","SB/SBF=0",1974,0.750589778336201,"annual"
"Diagnostic model","Diagnostic model",21,21,"Seed 21",FALSE,FALSE,"annual_depletion","SB/SBF=0",1975,0.736715871516297,"annual"
"Diagnostic model","Diagnostic model",21,21,"Seed 21",FALSE,FALSE,"annual_depletion","SB/SBF=0",1976,0.710394278245716,"annual"
"Diagnostic model","Diagnostic model",21,21,"Seed 21",FALSE,FALSE,"annual_depletion","SB/SBF=0",1977,0.689931274670535,"annual"
"Diagnostic model","Diagnostic model",21,21,"Seed 21",FALSE,FALSE,"annual_depletion","SB/SBF=0",1978,0.681443444655938,"annual"
"Diagnostic model","Diagnostic model",21,21,"Seed 21",FALSE,FALSE,"annual_depletion","SB/SBF=0",1979,0.664746537157308,"annual"
"Diagnostic model","Diagnostic model",21,21,"Seed 21",FALSE,FALSE,"annual_depletion","SB/SBF=0",1980,0.638222261993078,"annual"
"Diagnostic model","Diagnostic model",21,21,"Seed 21",FALSE,FALSE,"annual_depletion","SB/SBF=0",1981,0.615178503625357,"annual"
"Diagnostic model","Diagnostic model",21,21,"Seed 21",FALSE,FALSE,"annual_depletion","SB/SBF=0",1982,0.603677400373092,"annual"
"Diagnostic model","Diagnostic model",21,21,"Seed 21",FALSE,FALSE,"annual_depletion","SB/SBF=0",1983,0.595872941553361,"annual"
"Diagnostic model","Diagnostic model",21,21,"Seed 21",FALSE,FALSE,"annual_depletion","SB/SBF=0",1984,0.591816900235722,"annual"
"Diagnostic model","Diagnostic model",21,21,"Seed 21",FALSE,FALSE,"annual_depletion","SB/SBF=0",1985,0.57154079619064,"annual"
"Diagnostic model","Diagnostic model",21,21,"Seed 21",FALSE,FALSE,"annual_depletion","SB/SBF=0",1986,0.546177909954305,"annual"
"Diagnostic model","Diagnostic model",21,21,"Seed 21",FALSE,FALSE,"annual_depletion","SB/SBF=0",1987,0.529153996318531,"annual"
"Diagnostic model","Diagnostic model",21,21,"Seed 21",FALSE,FALSE,"annual_depletion","SB/SBF=0",1988,0.508907250588039,"annual"
"Diagnostic model","Diagnostic model",21,21,"Seed 21",FALSE,FALSE,"annual_depletion","SB/SBF=0",1989,0.494682834499979,"annual"
"Diagnostic model","Diagnostic model",21,21,"Seed 21",FALSE,FALSE,"annual_depletion","SB/SBF=0",1990,0.487889079652922,"annual"
"Diagnostic model","Diagnostic model",21,21,"Seed 21",FALSE,FALSE,"annual_depletion","SB/SBF=0",1991,0.477034530189803,"annual"
"Diagnostic model","Diagnostic model",21,21,"Seed 21",FALSE,FALSE,"annual_depletion","SB/SBF=0",1992,0.459443385155436,"annual"
"Diagnostic model","Diagnostic model",21,21,"Seed 21",FALSE,FALSE,"annual_depletion","SB/SBF=0",1993,0.431567133333606,"annual"
"Diagnostic model","Diagnostic model",21,21,"Seed 21",FALSE,FALSE,"annual_depletion","SB/SBF=0",1994,0.40823659258516,"annual"
"Diagnostic model","Diagnostic model",21,21,"Seed 21",FALSE,FALSE,"annual_depletion","SB/SBF=0",1995,0.381431147216168,"annual"
"Diagnostic model","Diagnostic model",21,21,"Seed 21",FALSE,FALSE,"annual_depletion","SB/SBF=0",1996,0.373127997122762,"annual"
"Diagnostic model","Diagnostic model",21,21,"Seed 21",FALSE,FALSE,"annual_depletion","SB/SBF=0",1997,0.388387759092687,"annual"
"Diagnostic model","Diagnostic model",21,21,"Seed 21",FALSE,FALSE,"annual_depletion","SB/SBF=0",1998,0.372551274825422,"annual"
"Diagnostic model","Diagnostic model",21,21,"Seed 21",FALSE,FALSE,"annual_depletion","SB/SBF=0",1999,0.348478923024856,"annual"
"Diagnostic model","Diagnostic model",21,21,"Seed 21",FALSE,FALSE,"annual_depletion","SB/SBF=0",2000,0.317658578213534,"annual"
"Diagnostic model","Diagnostic model",21,21,"Seed 21",FALSE,FALSE,"annual_depletion","SB/SBF=0",2001,0.295046749035778,"annual"
"Diagnostic model","Diagnostic model",21,21,"Seed 21",FALSE,FALSE,"annual_depletion","SB/SBF=0",2002,0.281471587799891,"annual"
"Diagnostic model","Diagnostic model",21,21,"Seed 21",FALSE,FALSE,"annual_depletion","SB/SBF=0",2003,0.26554609789286,"annual"
"Diagnostic model","Diagnostic model",21,21,"Seed 21",FALSE,FALSE,"annual_depletion","SB/SBF=0",2004,0.255763180604347,"annual"
"Diagnostic model","Diagnostic model",21,21,"Seed 21",FALSE,FALSE,"annual_depletion","SB/SBF=0",2005,0.233822847662439,"annual"
"Diagnostic model","Diagnostic model",21,21,"Seed 21",FALSE,FALSE,"annual_depletion","SB/SBF=0",2006,0.227721247270351,"annual"
"Diagnostic model","Diagnostic model",21,21,"Seed 21",FALSE,FALSE,"annual_depletion","SB/SBF=0",2007,0.22176482295381,"annual"
"Diagnostic model","Diagnostic model",21,21,"Seed 21",FALSE,FALSE,"annual_depletion","SB/SBF=0",2008,0.212801986006476,"annual"
"Diagnostic model","Diagnostic model",21,21,"Seed 21",FALSE,FALSE,"annual_depletion","SB/SBF=0",2009,0.201238600903858,"annual"
"Diagnostic model","Diagnostic model",21,21,"Seed 21",FALSE,FALSE,"annual_depletion","SB/SBF=0",2010,0.187715363648339,"annual"
"Diagnostic model","Diagnostic model",21,21,"Seed 21",FALSE,FALSE,"annual_depletion","SB/SBF=0",2011,0.186248405865412,"annual"
"Diagnostic model","Diagnostic model",21,21,"Seed 21",FALSE,FALSE,"annual_depletion","SB/SBF=0",2012,0.180122821532556,"annual"
"Diagnostic model","Diagnostic model",21,21,"Seed 21",FALSE,FALSE,"annual_depletion","SB/SBF=0",2013,0.172047208075387,"annual"
"Diagnostic model","Diagnostic model",21,21,"Seed 21",FALSE,FALSE,"annual_depletion","SB/SBF=0",2014,0.175525589493767,"annual"
"Diagnostic model","Diagnostic model",21,21,"Seed 21",FALSE,FALSE,"annual_depletion","SB/SBF=0",2015,0.181702014519586,"annual"
"Diagnostic model","Diagnostic model",21,21,"Seed 21",FALSE,FALSE,"annual_depletion","SB/SBF=0",2016,0.182979959245599,"annual"
"Diagnostic model","Diagnostic model",21,21,"Seed 21",FALSE,FALSE,"annual_depletion","SB/SBF=0",2017,0.18085288524548,"annual"
"Diagnostic model","Diagnostic model",21,21,"Seed 21",FALSE,FALSE,"annual_depletion","SB/SBF=0",2018,0.180838354481995,"annual"
"Diagnostic model","Diagnostic model",21,21,"Seed 21",FALSE,FALSE,"annual_depletion","SB/SBF=0",2019,0.179737106046398,"annual"
"Diagnostic model","Diagnostic model",21,21,"Seed 21",FALSE,FALSE,"annual_depletion","SB/SBF=0",2020,0.18310253120376,"annual"
"Diagnostic model","Diagnostic model",21,21,"Seed 21",FALSE,FALSE,"annual_depletion","SB/SBF=0",2021,0.190206542937089,"annual"
"Diagnostic model","Diagnostic model",21,21,"Seed 21",FALSE,FALSE,"annual_depletion","SB/SBF=0",2022,0.193125304564976,"annual"
"Diagnostic model","Diagnostic model",21,21,"Seed 21",FALSE,FALSE,"annual_depletion","SB/SBF=0",2023,0.187121278795064,"annual"
"Diagnostic model","Diagnostic model",21,21,"Seed 21",FALSE,FALSE,"annual_depletion","SB/SBF=0",2024,0.165760764132609,"annual"
"Diagnostic model","Diagnostic model",21,21,"Seed 21",FALSE,FALSE,"annual_sb_sbmsy","SB/SBMSY",1952,5.0855,"annual"
"Diagnostic model","Diagnostic model",21,21,"Seed 21",FALSE,FALSE,"annual_sb_sbmsy","SB/SBMSY",1953,5.09775,"annual"
"Diagnostic model","Diagnostic model",21,21,"Seed 21",FALSE,FALSE,"annual_sb_sbmsy","SB/SBMSY",1954,5.11975,"annual"
"Diagnostic model","Diagnostic model",21,21,"Seed 21",FALSE,FALSE,"annual_sb_sbmsy","SB/SBMSY",1955,5.14175,"annual"
"Diagnostic model","Diagnostic model",21,21,"Seed 21",FALSE,FALSE,"annual_sb_sbmsy","SB/SBMSY",1956,5.13825,"annual"
"Diagnostic model","Diagnostic model",21,21,"Seed 21",FALSE,FALSE,"annual_sb_sbmsy","SB/SBMSY",1957,5.30225,"annual"
"Diagnostic model","Diagnostic model",21,21,"Seed 21",FALSE,FALSE,"annual_sb_sbmsy","SB/SBMSY",1958,5.19075,"annual"
"Diagnostic model","Diagnostic model",21,21,"Seed 21",FALSE,FALSE,"annual_sb_sbmsy","SB/SBMSY",1959,4.76325,"annual"
"Diagnostic model","Diagnostic model",21,21,"Seed 21",FALSE,FALSE,"annual_sb_sbmsy","SB/SBMSY",1960,4.30725,"annual"
"Diagnostic model","Diagnostic model",21,21,"Seed 21",FALSE,FALSE,"annual_sb_sbmsy","SB/SBMSY",1961,4.158,"annual"
"Diagnostic model","Diagnostic model",21,21,"Seed 21",FALSE,FALSE,"annual_sb_sbmsy","SB/SBMSY",1962,3.9105,"annual"
"Diagnostic model","Diagnostic model",21,21,"Seed 21",FALSE,FALSE,"annual_sb_sbmsy","SB/SBMSY",1963,3.697,"annual"
"Diagnostic model","Diagnostic model",21,21,"Seed 21",FALSE,FALSE,"annual_sb_sbmsy","SB/SBMSY",1964,3.45325,"annual"
"Diagnostic model","Diagnostic model",21,21,"Seed 21",FALSE,FALSE,"annual_sb_sbmsy","SB/SBMSY",1965,3.3675,"annual"
"Diagnostic model","Diagnostic model",21,21,"Seed 21",FALSE,FALSE,"annual_sb_sbmsy","SB/SBMSY",1966,3.341,"annual"
"Diagnostic model","Diagnostic model",21,21,"Seed 21",FALSE,FALSE,"annual_sb_sbmsy","SB/SBMSY",1967,3.20625,"annual"
"Diagnostic model","Diagnostic model",21,21,"Seed 21",FALSE,FALSE,"annual_sb_sbmsy","SB/SBMSY",1968,3.06175,"annual"
"Diagnostic model","Diagnostic model",21,21,"Seed 21",FALSE,FALSE,"annual_sb_sbmsy","SB/SBMSY",1969,3.07475,"annual"
"Diagnostic model","Diagnostic model",21,21,"Seed 21",FALSE,FALSE,"annual_sb_sbmsy","SB/SBMSY",1970,2.971,"annual"
"Diagnostic model","Diagnostic model",21,21,"Seed 21",FALSE,FALSE,"annual_sb_sbmsy","SB/SBMSY",1971,2.88875,"annual"
"Diagnostic model","Diagnostic model",21,21,"Seed 21",FALSE,FALSE,"annual_sb_sbmsy","SB/SBMSY",1972,2.877,"annual"
"Diagnostic model","Diagnostic model",21,21,"Seed 21",FALSE,FALSE,"annual_sb_sbmsy","SB/SBMSY",1973,2.70175,"annual"
"Diagnostic model","Diagnostic model",21,21,"Seed 21",FALSE,FALSE,"annual_sb_sbmsy","SB/SBMSY",1974,2.557,"annual"
"Diagnostic model","Diagnostic model",21,21,"Seed 21",FALSE,FALSE,"annual_sb_sbmsy","SB/SBMSY",1975,2.4665,"annual"
"Diagnostic model","Diagnostic model",21,21,"Seed 21",FALSE,FALSE,"annual_sb_sbmsy","SB/SBMSY",1976,2.321,"annual"
"Diagnostic model","Diagnostic model",21,21,"Seed 21",FALSE,FALSE,"annual_sb_sbmsy","SB/SBMSY",1977,2.27525,"annual"
"Diagnostic model","Diagnostic model",21,21,"Seed 21",FALSE,FALSE,"annual_sb_sbmsy","SB/SBMSY",1978,2.33575,"annual"
"Diagnostic model","Diagnostic model",21,21,"Seed 21",FALSE,FALSE,"annual_sb_sbmsy","SB/SBMSY",1979,2.28675,"annual"
"Diagnostic model","Diagnostic model",21,21,"Seed 21",FALSE,FALSE,"annual_sb_sbmsy","SB/SBMSY",1980,2.1855,"annual"
"Diagnostic model","Diagnostic model",21,21,"Seed 21",FALSE,FALSE,"annual_sb_sbmsy","SB/SBMSY",1981,2.002,"annual"
"Diagnostic model","Diagnostic model",21,21,"Seed 21",FALSE,FALSE,"annual_sb_sbmsy","SB/SBMSY",1982,1.90675,"annual"
"Diagnostic model","Diagnostic model",21,21,"Seed 21",FALSE,FALSE,"annual_sb_sbmsy","SB/SBMSY",1983,1.912,"annual"
"Diagnostic model","Diagnostic model",21,21,"Seed 21",FALSE,FALSE,"annual_sb_sbmsy","SB/SBMSY",1984,2.03725,"annual"
"Diagnostic model","Diagnostic model",21,21,"Seed 21",FALSE,FALSE,"annual_sb_sbmsy","SB/SBMSY",1985,2.107,"annual"
"Diagnostic model","Diagnostic model",21,21,"Seed 21",FALSE,FALSE,"annual_sb_sbmsy","SB/SBMSY",1986,2.064,"annual"
"Diagnostic model","Diagnostic model",21,21,"Seed 21",FALSE,FALSE,"annual_sb_sbmsy","SB/SBMSY",1987,2.066,"annual"
"Diagnostic model","Diagnostic model",21,21,"Seed 21",FALSE,FALSE,"annual_sb_sbmsy","SB/SBMSY",1988,2.081,"annual"
"Diagnostic model","Diagnostic model",21,21,"Seed 21",FALSE,FALSE,"annual_sb_sbmsy","SB/SBMSY",1989,2.072,"annual"
"Diagnostic model","Diagnostic model",21,21,"Seed 21",FALSE,FALSE,"annual_sb_sbmsy","SB/SBMSY",1990,2.18825,"annual"
"Diagnostic model","Diagnostic model",21,21,"Seed 21",FALSE,FALSE,"annual_sb_sbmsy","SB/SBMSY",1991,2.249,"annual"
"Diagnostic model","Diagnostic model",21,21,"Seed 21",FALSE,FALSE,"annual_sb_sbmsy","SB/SBMSY",1992,2.2175,"annual"
"Diagnostic model","Diagnostic model",21,21,"Seed 21",FALSE,FALSE,"annual_sb_sbmsy","SB/SBMSY",1993,2.08475,"annual"
"Diagnostic model","Diagnostic model",21,21,"Seed 21",FALSE,FALSE,"annual_sb_sbmsy","SB/SBMSY",1994,2.01075,"annual"
"Diagnostic model","Diagnostic model",21,21,"Seed 21",FALSE,FALSE,"annual_sb_sbmsy","SB/SBMSY",1995,1.903,"annual"
"Diagnostic model","Diagnostic model",21,21,"Seed 21",FALSE,FALSE,"annual_sb_sbmsy","SB/SBMSY",1996,1.846,"annual"
"Diagnostic model","Diagnostic model",21,21,"Seed 21",FALSE,FALSE,"annual_sb_sbmsy","SB/SBMSY",1997,1.9635,"annual"
"Diagnostic model","Diagnostic model",21,21,"Seed 21",FALSE,FALSE,"annual_sb_sbmsy","SB/SBMSY",1998,1.9275,"annual"
"Diagnostic model","Diagnostic model",21,21,"Seed 21",FALSE,FALSE,"annual_sb_sbmsy","SB/SBMSY",1999,1.83225,"annual"
"Diagnostic model","Diagnostic model",21,21,"Seed 21",FALSE,FALSE,"annual_sb_sbmsy","SB/SBMSY",2000,1.68525,"annual"
"Diagnostic model","Diagnostic model",21,21,"Seed 21",FALSE,FALSE,"annual_sb_sbmsy","SB/SBMSY",2001,1.57575,"annual"
"Diagnostic model","Diagnostic model",21,21,"Seed 21",FALSE,FALSE,"annual_sb_sbmsy","SB/SBMSY",2002,1.54575,"annual"
"Diagnostic model","Diagnostic model",21,21,"Seed 21",FALSE,FALSE,"annual_sb_sbmsy","SB/SBMSY",2003,1.51825,"annual"
"Diagnostic model","Diagnostic model",21,21,"Seed 21",FALSE,FALSE,"annual_sb_sbmsy","SB/SBMSY",2004,1.48825,"annual"
"Diagnostic model","Diagnostic model",21,21,"Seed 21",FALSE,FALSE,"annual_sb_sbmsy","SB/SBMSY",2005,1.361,"annual"
"Diagnostic model","Diagnostic model",21,21,"Seed 21",FALSE,FALSE,"annual_sb_sbmsy","SB/SBMSY",2006,1.333,"annual"
"Diagnostic model","Diagnostic model",21,21,"Seed 21",FALSE,FALSE,"annual_sb_sbmsy","SB/SBMSY",2007,1.32175,"annual"
"Diagnostic model","Diagnostic model",21,21,"Seed 21",FALSE,FALSE,"annual_sb_sbmsy","SB/SBMSY",2008,1.26925,"annual"
"Diagnostic model","Diagnostic model",21,21,"Seed 21",FALSE,FALSE,"annual_sb_sbmsy","SB/SBMSY",2009,1.183,"annual"
"Diagnostic model","Diagnostic model",21,21,"Seed 21",FALSE,FALSE,"annual_sb_sbmsy","SB/SBMSY",2010,1.09875,"annual"
"Diagnostic model","Diagnostic model",21,21,"Seed 21",FALSE,FALSE,"annual_sb_sbmsy","SB/SBMSY",2011,1.1015,"annual"
"Diagnostic model","Diagnostic model",21,21,"Seed 21",FALSE,FALSE,"annual_sb_sbmsy","SB/SBMSY",2012,1.06975,"annual"
"Diagnostic model","Diagnostic model",21,21,"Seed 21",FALSE,FALSE,"annual_sb_sbmsy","SB/SBMSY",2013,1.003675,"annual"
"Diagnostic model","Diagnostic model",21,21,"Seed 21",FALSE,FALSE,"annual_sb_sbmsy","SB/SBMSY",2014,1.0305,"annual"
"Diagnostic model","Diagnostic model",21,21,"Seed 21",FALSE,FALSE,"annual_sb_sbmsy","SB/SBMSY",2015,1.108,"annual"
"Diagnostic model","Diagnostic model",21,21,"Seed 21",FALSE,FALSE,"annual_sb_sbmsy","SB/SBMSY",2016,1.13975,"annual"
"Diagnostic model","Diagnostic model",21,21,"Seed 21",FALSE,FALSE,"annual_sb_sbmsy","SB/SBMSY",2017,1.11325,"annual"
"Diagnostic model","Diagnostic model",21,21,"Seed 21",FALSE,FALSE,"annual_sb_sbmsy","SB/SBMSY",2018,1.10025,"annual"
"Diagnostic model","Diagnostic model",21,21,"Seed 21",FALSE,FALSE,"annual_sb_sbmsy","SB/SBMSY",2019,1.0895,"annual"
"Diagnostic model","Diagnostic model",21,21,"Seed 21",FALSE,FALSE,"annual_sb_sbmsy","SB/SBMSY",2020,1.10475,"annual"
"Diagnostic model","Diagnostic model",21,21,"Seed 21",FALSE,FALSE,"annual_sb_sbmsy","SB/SBMSY",2021,1.13075,"annual"
"Diagnostic model","Diagnostic model",21,21,"Seed 21",FALSE,FALSE,"annual_sb_sbmsy","SB/SBMSY",2022,1.1325,"annual"
"Diagnostic model","Diagnostic model",21,21,"Seed 21",FALSE,FALSE,"annual_sb_sbmsy","SB/SBMSY",2023,1.072,"annual"
"Diagnostic model","Diagnostic model",21,21,"Seed 21",FALSE,FALSE,"annual_sb_sbmsy","SB/SBMSY",2024,0.929,"annual"
"Diagnostic model","Diagnostic model",21,21,"Seed 21",FALSE,FALSE,"annual_f_fmsy","F/FMSY",1952,0.0781825,"annual"
"Diagnostic model","Diagnostic model",21,21,"Seed 21",FALSE,FALSE,"annual_f_fmsy","F/FMSY",1953,0.0726,"annual"
"Diagnostic model","Diagnostic model",21,21,"Seed 21",FALSE,FALSE,"annual_f_fmsy","F/FMSY",1954,0.049315,"annual"
"Diagnostic model","Diagnostic model",21,21,"Seed 21",FALSE,FALSE,"annual_f_fmsy","F/FMSY",1955,0.078195,"annual"
"Diagnostic model","Diagnostic model",21,21,"Seed 21",FALSE,FALSE,"annual_f_fmsy","F/FMSY",1956,0.0864425,"annual"
"Diagnostic model","Diagnostic model",21,21,"Seed 21",FALSE,FALSE,"annual_f_fmsy","F/FMSY",1957,0.116795,"annual"
"Diagnostic model","Diagnostic model",21,21,"Seed 21",FALSE,FALSE,"annual_f_fmsy","F/FMSY",1958,0.1726975,"annual"
"Diagnostic model","Diagnostic model",21,21,"Seed 21",FALSE,FALSE,"annual_f_fmsy","F/FMSY",1959,0.159395,"annual"
"Diagnostic model","Diagnostic model",21,21,"Seed 21",FALSE,FALSE,"annual_f_fmsy","F/FMSY",1960,0.15958,"annual"
"Diagnostic model","Diagnostic model",21,21,"Seed 21",FALSE,FALSE,"annual_f_fmsy","F/FMSY",1961,0.157975,"annual"
"Diagnostic model","Diagnostic model",21,21,"Seed 21",FALSE,FALSE,"annual_f_fmsy","F/FMSY",1962,0.1527,"annual"
"Diagnostic model","Diagnostic model",21,21,"Seed 21",FALSE,FALSE,"annual_f_fmsy","F/FMSY",1963,0.196475,"annual"
"Diagnostic model","Diagnostic model",21,21,"Seed 21",FALSE,FALSE,"annual_f_fmsy","F/FMSY",1964,0.145955,"annual"
"Diagnostic model","Diagnostic model",21,21,"Seed 21",FALSE,FALSE,"annual_f_fmsy","F/FMSY",1965,0.1363,"annual"
"Diagnostic model","Diagnostic model",21,21,"Seed 21",FALSE,FALSE,"annual_f_fmsy","F/FMSY",1966,0.154175,"annual"
"Diagnostic model","Diagnostic model",21,21,"Seed 21",FALSE,FALSE,"annual_f_fmsy","F/FMSY",1967,0.1674,"annual"
"Diagnostic model","Diagnostic model",21,21,"Seed 21",FALSE,FALSE,"annual_f_fmsy","F/FMSY",1968,0.137525,"annual"
"Diagnostic model","Diagnostic model",21,21,"Seed 21",FALSE,FALSE,"annual_f_fmsy","F/FMSY",1969,0.172375,"annual"
"Diagnostic model","Diagnostic model",21,21,"Seed 21",FALSE,FALSE,"annual_f_fmsy","F/FMSY",1970,0.163975,"annual"
"Diagnostic model","Diagnostic model",21,21,"Seed 21",FALSE,FALSE,"annual_f_fmsy","F/FMSY",1971,0.167775,"annual"
"Diagnostic model","Diagnostic model",21,21,"Seed 21",FALSE,FALSE,"annual_f_fmsy","F/FMSY",1972,0.232275,"annual"
"Diagnostic model","Diagnostic model",21,21,"Seed 21",FALSE,FALSE,"annual_f_fmsy","F/FMSY",1973,0.196775,"annual"
"Diagnostic model","Diagnostic model",21,21,"Seed 21",FALSE,FALSE,"annual_f_fmsy","F/FMSY",1974,0.22115,"annual"
"Diagnostic model","Diagnostic model",21,21,"Seed 21",FALSE,FALSE,"annual_f_fmsy","F/FMSY",1975,0.28205,"annual"
"Diagnostic model","Diagnostic model",21,21,"Seed 21",FALSE,FALSE,"annual_f_fmsy","F/FMSY",1976,0.29945,"annual"
"Diagnostic model","Diagnostic model",21,21,"Seed 21",FALSE,FALSE,"annual_f_fmsy","F/FMSY",1977,0.3333,"annual"
"Diagnostic model","Diagnostic model",21,21,"Seed 21",FALSE,FALSE,"annual_f_fmsy","F/FMSY",1978,0.278975,"annual"
"Diagnostic model","Diagnostic model",21,21,"Seed 21",FALSE,FALSE,"annual_f_fmsy","F/FMSY",1979,0.362525,"annual"
"Diagnostic model","Diagnostic model",21,21,"Seed 21",FALSE,FALSE,"annual_f_fmsy","F/FMSY",1980,0.368175,"annual"
"Diagnostic model","Diagnostic model",21,21,"Seed 21",FALSE,FALSE,"annual_f_fmsy","F/FMSY",1981,0.3479,"annual"
"Diagnostic model","Diagnostic model",21,21,"Seed 21",FALSE,FALSE,"annual_f_fmsy","F/FMSY",1982,0.40165,"annual"
"Diagnostic model","Diagnostic model",21,21,"Seed 21",FALSE,FALSE,"annual_f_fmsy","F/FMSY",1983,0.395325,"annual"
"Diagnostic model","Diagnostic model",21,21,"Seed 21",FALSE,FALSE,"annual_f_fmsy","F/FMSY",1984,0.428575,"annual"
"Diagnostic model","Diagnostic model",21,21,"Seed 21",FALSE,FALSE,"annual_f_fmsy","F/FMSY",1985,0.446075,"annual"
"Diagnostic model","Diagnostic model",21,21,"Seed 21",FALSE,FALSE,"annual_f_fmsy","F/FMSY",1986,0.409675,"annual"
"Diagnostic model","Diagnostic model",21,21,"Seed 21",FALSE,FALSE,"annual_f_fmsy","F/FMSY",1987,0.523675,"annual"
"Diagnostic model","Diagnostic model",21,21,"Seed 21",FALSE,FALSE,"annual_f_fmsy","F/FMSY",1988,0.451975,"annual"
"Diagnostic model","Diagnostic model",21,21,"Seed 21",FALSE,FALSE,"annual_f_fmsy","F/FMSY",1989,0.444225,"annual"
"Diagnostic model","Diagnostic model",21,21,"Seed 21",FALSE,FALSE,"annual_f_fmsy","F/FMSY",1990,0.545475,"annual"
"Diagnostic model","Diagnostic model",21,21,"Seed 21",FALSE,FALSE,"annual_f_fmsy","F/FMSY",1991,0.5046,"annual"
"Diagnostic model","Diagnostic model",21,21,"Seed 21",FALSE,FALSE,"annual_f_fmsy","F/FMSY",1992,0.634025,"annual"
"Diagnostic model","Diagnostic model",21,21,"Seed 21",FALSE,FALSE,"annual_f_fmsy","F/FMSY",1993,0.566425,"annual"
"Diagnostic model","Diagnostic model",21,21,"Seed 21",FALSE,FALSE,"annual_f_fmsy","F/FMSY",1994,0.657325,"annual"
"Diagnostic model","Diagnostic model",21,21,"Seed 21",FALSE,FALSE,"annual_f_fmsy","F/FMSY",1995,0.583625,"annual"
"Diagnostic model","Diagnostic model",21,21,"Seed 21",FALSE,FALSE,"annual_f_fmsy","F/FMSY",1996,0.54405,"annual"
"Diagnostic model","Diagnostic model",21,21,"Seed 21",FALSE,FALSE,"annual_f_fmsy","F/FMSY",1997,0.6873,"annual"
"Diagnostic model","Diagnostic model",21,21,"Seed 21",FALSE,FALSE,"annual_f_fmsy","F/FMSY",1998,0.8172,"annual"
"Diagnostic model","Diagnostic model",21,21,"Seed 21",FALSE,FALSE,"annual_f_fmsy","F/FMSY",1999,0.897325,"annual"
"Diagnostic model","Diagnostic model",21,21,"Seed 21",FALSE,FALSE,"annual_f_fmsy","F/FMSY",2000,0.875075,"annual"
"Diagnostic model","Diagnostic model",21,21,"Seed 21",FALSE,FALSE,"annual_f_fmsy","F/FMSY",2001,0.7497,"annual"
"Diagnostic model","Diagnostic model",21,21,"Seed 21",FALSE,FALSE,"annual_f_fmsy","F/FMSY",2002,0.9352,"annual"
"Diagnostic model","Diagnostic model",21,21,"Seed 21",FALSE,FALSE,"annual_f_fmsy","F/FMSY",2003,0.851125,"annual"
"Diagnostic model","Diagnostic model",21,21,"Seed 21",FALSE,FALSE,"annual_f_fmsy","F/FMSY",2004,1.186,"annual"
"Diagnostic model","Diagnostic model",21,21,"Seed 21",FALSE,FALSE,"annual_f_fmsy","F/FMSY",2005,0.957775,"annual"
"Diagnostic model","Diagnostic model",21,21,"Seed 21",FALSE,FALSE,"annual_f_fmsy","F/FMSY",2006,1.027025,"annual"
"Diagnostic model","Diagnostic model",21,21,"Seed 21",FALSE,FALSE,"annual_f_fmsy","F/FMSY",2007,1.05085,"annual"
"Diagnostic model","Diagnostic model",21,21,"Seed 21",FALSE,FALSE,"annual_f_fmsy","F/FMSY",2008,1.1285,"annual"
"Diagnostic model","Diagnostic model",21,21,"Seed 21",FALSE,FALSE,"annual_f_fmsy","F/FMSY",2009,1.14795,"annual"
"Diagnostic model","Diagnostic model",21,21,"Seed 21",FALSE,FALSE,"annual_f_fmsy","F/FMSY",2010,0.952075,"annual"
"Diagnostic model","Diagnostic model",21,21,"Seed 21",FALSE,FALSE,"annual_f_fmsy","F/FMSY",2011,1.183725,"annual"
"Diagnostic model","Diagnostic model",21,21,"Seed 21",FALSE,FALSE,"annual_f_fmsy","F/FMSY",2012,1.209725,"annual"
"Diagnostic model","Diagnostic model",21,21,"Seed 21",FALSE,FALSE,"annual_f_fmsy","F/FMSY",2013,1.0971,"annual"
"Diagnostic model","Diagnostic model",21,21,"Seed 21",FALSE,FALSE,"annual_f_fmsy","F/FMSY",2014,1.183025,"annual"
"Diagnostic model","Diagnostic model",21,21,"Seed 21",FALSE,FALSE,"annual_f_fmsy","F/FMSY",2015,1.073925,"annual"
"Diagnostic model","Diagnostic model",21,21,"Seed 21",FALSE,FALSE,"annual_f_fmsy","F/FMSY",2016,1.1222,"annual"
"Diagnostic model","Diagnostic model",21,21,"Seed 21",FALSE,FALSE,"annual_f_fmsy","F/FMSY",2017,0.94885,"annual"
"Diagnostic model","Diagnostic model",21,21,"Seed 21",FALSE,FALSE,"annual_f_fmsy","F/FMSY",2018,1.100975,"annual"
"Diagnostic model","Diagnostic model",21,21,"Seed 21",FALSE,FALSE,"annual_f_fmsy","F/FMSY",2019,0.9738,"annual"
"Diagnostic model","Diagnostic model",21,21,"Seed 21",FALSE,FALSE,"annual_f_fmsy","F/FMSY",2020,1.029025,"annual"
"Diagnostic model","Diagnostic model",21,21,"Seed 21",FALSE,FALSE,"annual_f_fmsy","F/FMSY",2021,1.0207,"annual"
"Diagnostic model","Diagnostic model",21,21,"Seed 21",FALSE,FALSE,"annual_f_fmsy","F/FMSY",2022,1.11045,"annual"
"Diagnostic model","Diagnostic model",21,21,"Seed 21",FALSE,FALSE,"annual_f_fmsy","F/FMSY",2023,1.214,"annual"
"Diagnostic model","Diagnostic model",21,21,"Seed 21",FALSE,FALSE,"annual_f_fmsy","F/FMSY",2024,1.381,"annual"
"Diagnostic model","Diagnostic model",22,22,"Seed 22",FALSE,FALSE,"annual_depletion","SB/SBF=0",1952,0.992899641255091,"annual"
"Diagnostic model","Diagnostic model",22,22,"Seed 22",FALSE,FALSE,"annual_depletion","SB/SBF=0",1953,0.970833348883904,"annual"
"Diagnostic model","Diagnostic model",22,22,"Seed 22",FALSE,FALSE,"annual_depletion","SB/SBF=0",1954,0.95754707466852,"annual"
"Diagnostic model","Diagnostic model",22,22,"Seed 22",FALSE,FALSE,"annual_depletion","SB/SBF=0",1955,0.946453433950786,"annual"
"Diagnostic model","Diagnostic model",22,22,"Seed 22",FALSE,FALSE,"annual_depletion","SB/SBF=0",1956,0.931962762108762,"annual"
"Diagnostic model","Diagnostic model",22,22,"Seed 22",FALSE,FALSE,"annual_depletion","SB/SBF=0",1957,0.918729372937294,"annual"
"Diagnostic model","Diagnostic model",22,22,"Seed 22",FALSE,FALSE,"annual_depletion","SB/SBF=0",1958,0.894816025051908,"annual"
"Diagnostic model","Diagnostic model",22,22,"Seed 22",FALSE,FALSE,"annual_depletion","SB/SBF=0",1959,0.863741881821914,"annual"
"Diagnostic model","Diagnostic model",22,22,"Seed 22",FALSE,FALSE,"annual_depletion","SB/SBF=0",1960,0.838600508119879,"annual"
"Diagnostic model","Diagnostic model",22,22,"Seed 22",FALSE,FALSE,"annual_depletion","SB/SBF=0",1961,0.82675545728023,"annual"
"Diagnostic model","Diagnostic model",22,22,"Seed 22",FALSE,FALSE,"annual_depletion","SB/SBF=0",1962,0.814377885160489,"annual"
"Diagnostic model","Diagnostic model",22,22,"Seed 22",FALSE,FALSE,"annual_depletion","SB/SBF=0",1963,0.802873418381535,"annual"
"Diagnostic model","Diagnostic model",22,22,"Seed 22",FALSE,FALSE,"annual_depletion","SB/SBF=0",1964,0.788665427790393,"annual"
"Diagnostic model","Diagnostic model",22,22,"Seed 22",FALSE,FALSE,"annual_depletion","SB/SBF=0",1965,0.793208583365882,"annual"
"Diagnostic model","Diagnostic model",22,22,"Seed 22",FALSE,FALSE,"annual_depletion","SB/SBF=0",1966,0.798389829490153,"annual"
"Diagnostic model","Diagnostic model",22,22,"Seed 22",FALSE,FALSE,"annual_depletion","SB/SBF=0",1967,0.793269015032533,"annual"
"Diagnostic model","Diagnostic model",22,22,"Seed 22",FALSE,FALSE,"annual_depletion","SB/SBF=0",1968,0.789879654729262,"annual"
"Diagnostic model","Diagnostic model",22,22,"Seed 22",FALSE,FALSE,"annual_depletion","SB/SBF=0",1969,0.794070007864297,"annual"
"Diagnostic model","Diagnostic model",22,22,"Seed 22",FALSE,FALSE,"annual_depletion","SB/SBF=0",1970,0.789288280269804,"annual"
"Diagnostic model","Diagnostic model",22,22,"Seed 22",FALSE,FALSE,"annual_depletion","SB/SBF=0",1971,0.785899217234596,"annual"
"Diagnostic model","Diagnostic model",22,22,"Seed 22",FALSE,FALSE,"annual_depletion","SB/SBF=0",1972,0.781442292129036,"annual"
"Diagnostic model","Diagnostic model",22,22,"Seed 22",FALSE,FALSE,"annual_depletion","SB/SBF=0",1973,0.760661654990124,"annual"
"Diagnostic model","Diagnostic model",22,22,"Seed 22",FALSE,FALSE,"annual_depletion","SB/SBF=0",1974,0.747597460666,"annual"
"Diagnostic model","Diagnostic model",22,22,"Seed 22",FALSE,FALSE,"annual_depletion","SB/SBF=0",1975,0.733434892912621,"annual"
"Diagnostic model","Diagnostic model",22,22,"Seed 22",FALSE,FALSE,"annual_depletion","SB/SBF=0",1976,0.707152655240667,"annual"
"Diagnostic model","Diagnostic model",22,22,"Seed 22",FALSE,FALSE,"annual_depletion","SB/SBF=0",1977,0.687186104699418,"annual"
"Diagnostic model","Diagnostic model",22,22,"Seed 22",FALSE,FALSE,"annual_depletion","SB/SBF=0",1978,0.678975006898154,"annual"
"Diagnostic model","Diagnostic model",22,22,"Seed 22",FALSE,FALSE,"annual_depletion","SB/SBF=0",1979,0.661663287763938,"annual"
"Diagnostic model","Diagnostic model",22,22,"Seed 22",FALSE,FALSE,"annual_depletion","SB/SBF=0",1980,0.635649661630035,"annual"
"Diagnostic model","Diagnostic model",22,22,"Seed 22",FALSE,FALSE,"annual_depletion","SB/SBF=0",1981,0.612404959537077,"annual"
"Diagnostic model","Diagnostic model",22,22,"Seed 22",FALSE,FALSE,"annual_depletion","SB/SBF=0",1982,0.600221343574415,"annual"
"Diagnostic model","Diagnostic model",22,22,"Seed 22",FALSE,FALSE,"annual_depletion","SB/SBF=0",1983,0.59224503690408,"annual"
"Diagnostic model","Diagnostic model",22,22,"Seed 22",FALSE,FALSE,"annual_depletion","SB/SBF=0",1984,0.58776122749972,"annual"
"Diagnostic model","Diagnostic model",22,22,"Seed 22",FALSE,FALSE,"annual_depletion","SB/SBF=0",1985,0.5664554043475,"annual"
"Diagnostic model","Diagnostic model",22,22,"Seed 22",FALSE,FALSE,"annual_depletion","SB/SBF=0",1986,0.539991150025398,"annual"
"Diagnostic model","Diagnostic model",22,22,"Seed 22",FALSE,FALSE,"annual_depletion","SB/SBF=0",1987,0.523126431655551,"annual"
"Diagnostic model","Diagnostic model",22,22,"Seed 22",FALSE,FALSE,"annual_depletion","SB/SBF=0",1988,0.502709871935178,"annual"
"Diagnostic model","Diagnostic model",22,22,"Seed 22",FALSE,FALSE,"annual_depletion","SB/SBF=0",1989,0.488326847332416,"annual"
"Diagnostic model","Diagnostic model",22,22,"Seed 22",FALSE,FALSE,"annual_depletion","SB/SBF=0",1990,0.482963577394197,"annual"
"Diagnostic model","Diagnostic model",22,22,"Seed 22",FALSE,FALSE,"annual_depletion","SB/SBF=0",1991,0.473094352680246,"annual"
"Diagnostic model","Diagnostic model",22,22,"Seed 22",FALSE,FALSE,"annual_depletion","SB/SBF=0",1992,0.455556188495991,"annual"
"Diagnostic model","Diagnostic model",22,22,"Seed 22",FALSE,FALSE,"annual_depletion","SB/SBF=0",1993,0.426857874082227,"annual"
"Diagnostic model","Diagnostic model",22,22,"Seed 22",FALSE,FALSE,"annual_depletion","SB/SBF=0",1994,0.403274652664172,"annual"
"Diagnostic model","Diagnostic model",22,22,"Seed 22",FALSE,FALSE,"annual_depletion","SB/SBF=0",1995,0.376622450828259,"annual"
"Diagnostic model","Diagnostic model",22,22,"Seed 22",FALSE,FALSE,"annual_depletion","SB/SBF=0",1996,0.368650040257249,"annual"
"Diagnostic model","Diagnostic model",22,22,"Seed 22",FALSE,FALSE,"annual_depletion","SB/SBF=0",1997,0.384259309743198,"annual"
"Diagnostic model","Diagnostic model",22,22,"Seed 22",FALSE,FALSE,"annual_depletion","SB/SBF=0",1998,0.368538498473194,"annual"
"Diagnostic model","Diagnostic model",22,22,"Seed 22",FALSE,FALSE,"annual_depletion","SB/SBF=0",1999,0.343722522220046,"annual"
"Diagnostic model","Diagnostic model",22,22,"Seed 22",FALSE,FALSE,"annual_depletion","SB/SBF=0",2000,0.312966102789375,"annual"
"Diagnostic model","Diagnostic model",22,22,"Seed 22",FALSE,FALSE,"annual_depletion","SB/SBF=0",2001,0.289797542700833,"annual"
"Diagnostic model","Diagnostic model",22,22,"Seed 22",FALSE,FALSE,"annual_depletion","SB/SBF=0",2002,0.276211540648904,"annual"
"Diagnostic model","Diagnostic model",22,22,"Seed 22",FALSE,FALSE,"annual_depletion","SB/SBF=0",2003,0.261390122677943,"annual"
"Diagnostic model","Diagnostic model",22,22,"Seed 22",FALSE,FALSE,"annual_depletion","SB/SBF=0",2004,0.252834098567007,"annual"
"Diagnostic model","Diagnostic model",22,22,"Seed 22",FALSE,FALSE,"annual_depletion","SB/SBF=0",2005,0.230886833259679,"annual"
"Diagnostic model","Diagnostic model",22,22,"Seed 22",FALSE,FALSE,"annual_depletion","SB/SBF=0",2006,0.22498569698905,"annual"
"Diagnostic model","Diagnostic model",22,22,"Seed 22",FALSE,FALSE,"annual_depletion","SB/SBF=0",2007,0.21899466228466,"annual"
"Diagnostic model","Diagnostic model",22,22,"Seed 22",FALSE,FALSE,"annual_depletion","SB/SBF=0",2008,0.210150019700872,"annual"
"Diagnostic model","Diagnostic model",22,22,"Seed 22",FALSE,FALSE,"annual_depletion","SB/SBF=0",2009,0.19803649227578,"annual"
"Diagnostic model","Diagnostic model",22,22,"Seed 22",FALSE,FALSE,"annual_depletion","SB/SBF=0",2010,0.183997621449359,"annual"
"Diagnostic model","Diagnostic model",22,22,"Seed 22",FALSE,FALSE,"annual_depletion","SB/SBF=0",2011,0.182715735999044,"annual"
"Diagnostic model","Diagnostic model",22,22,"Seed 22",FALSE,FALSE,"annual_depletion","SB/SBF=0",2012,0.177174496261202,"annual"
"Diagnostic model","Diagnostic model",22,22,"Seed 22",FALSE,FALSE,"annual_depletion","SB/SBF=0",2013,0.169734600555904,"annual"
"Diagnostic model","Diagnostic model",22,22,"Seed 22",FALSE,FALSE,"annual_depletion","SB/SBF=0",2014,0.173498876763761,"annual"
"Diagnostic model","Diagnostic model",22,22,"Seed 22",FALSE,FALSE,"annual_depletion","SB/SBF=0",2015,0.17966956074713,"annual"
"Diagnostic model","Diagnostic model",22,22,"Seed 22",FALSE,FALSE,"annual_depletion","SB/SBF=0",2016,0.180832175329778,"annual"
"Diagnostic model","Diagnostic model",22,22,"Seed 22",FALSE,FALSE,"annual_depletion","SB/SBF=0",2017,0.178434087622127,"annual"
"Diagnostic model","Diagnostic model",22,22,"Seed 22",FALSE,FALSE,"annual_depletion","SB/SBF=0",2018,0.178693091855894,"annual"
"Diagnostic model","Diagnostic model",22,22,"Seed 22",FALSE,FALSE,"annual_depletion","SB/SBF=0",2019,0.17805512596297,"annual"
"Diagnostic model","Diagnostic model",22,22,"Seed 22",FALSE,FALSE,"annual_depletion","SB/SBF=0",2020,0.181816890770949,"annual"
"Diagnostic model","Diagnostic model",22,22,"Seed 22",FALSE,FALSE,"annual_depletion","SB/SBF=0",2021,0.18876150923853,"annual"
"Diagnostic model","Diagnostic model",22,22,"Seed 22",FALSE,FALSE,"annual_depletion","SB/SBF=0",2022,0.191447225172487,"annual"
"Diagnostic model","Diagnostic model",22,22,"Seed 22",FALSE,FALSE,"annual_depletion","SB/SBF=0",2023,0.184960591158179,"annual"
"Diagnostic model","Diagnostic model",22,22,"Seed 22",FALSE,FALSE,"annual_depletion","SB/SBF=0",2024,0.162566404645366,"annual"
"Diagnostic model","Diagnostic model",22,22,"Seed 22",FALSE,FALSE,"annual_sb_sbmsy","SB/SBMSY",1952,4.9195,"annual"
"Diagnostic model","Diagnostic model",22,22,"Seed 22",FALSE,FALSE,"annual_sb_sbmsy","SB/SBMSY",1953,4.9265,"annual"
"Diagnostic model","Diagnostic model",22,22,"Seed 22",FALSE,FALSE,"annual_sb_sbmsy","SB/SBMSY",1954,4.94525,"annual"
"Diagnostic model","Diagnostic model",22,22,"Seed 22",FALSE,FALSE,"annual_sb_sbmsy","SB/SBMSY",1955,4.95025,"annual"
"Diagnostic model","Diagnostic model",22,22,"Seed 22",FALSE,FALSE,"annual_sb_sbmsy","SB/SBMSY",1956,4.92775,"annual"
"Diagnostic model","Diagnostic model",22,22,"Seed 22",FALSE,FALSE,"annual_sb_sbmsy","SB/SBMSY",1957,5.08225,"annual"
"Diagnostic model","Diagnostic model",22,22,"Seed 22",FALSE,FALSE,"annual_sb_sbmsy","SB/SBMSY",1958,4.97875,"annual"
"Diagnostic model","Diagnostic model",22,22,"Seed 22",FALSE,FALSE,"annual_sb_sbmsy","SB/SBMSY",1959,4.56275,"annual"
"Diagnostic model","Diagnostic model",22,22,"Seed 22",FALSE,FALSE,"annual_sb_sbmsy","SB/SBMSY",1960,4.11325,"annual"
"Diagnostic model","Diagnostic model",22,22,"Seed 22",FALSE,FALSE,"annual_sb_sbmsy","SB/SBMSY",1961,3.9585,"annual"
"Diagnostic model","Diagnostic model",22,22,"Seed 22",FALSE,FALSE,"annual_sb_sbmsy","SB/SBMSY",1962,3.71375,"annual"
"Diagnostic model","Diagnostic model",22,22,"Seed 22",FALSE,FALSE,"annual_sb_sbmsy","SB/SBMSY",1963,3.49975,"annual"
"Diagnostic model","Diagnostic model",22,22,"Seed 22",FALSE,FALSE,"annual_sb_sbmsy","SB/SBMSY",1964,3.25925,"annual"
"Diagnostic model","Diagnostic model",22,22,"Seed 22",FALSE,FALSE,"annual_sb_sbmsy","SB/SBMSY",1965,3.173,"annual"
"Diagnostic model","Diagnostic model",22,22,"Seed 22",FALSE,FALSE,"annual_sb_sbmsy","SB/SBMSY",1966,3.14575,"annual"
"Diagnostic model","Diagnostic model",22,22,"Seed 22",FALSE,FALSE,"annual_sb_sbmsy","SB/SBMSY",1967,3.013,"annual"
"Diagnostic model","Diagnostic model",22,22,"Seed 22",FALSE,FALSE,"annual_sb_sbmsy","SB/SBMSY",1968,2.875,"annual"
"Diagnostic model","Diagnostic model",22,22,"Seed 22",FALSE,FALSE,"annual_sb_sbmsy","SB/SBMSY",1969,2.88775,"annual"
"Diagnostic model","Diagnostic model",22,22,"Seed 22",FALSE,FALSE,"annual_sb_sbmsy","SB/SBMSY",1970,2.788,"annual"
"Diagnostic model","Diagnostic model",22,22,"Seed 22",FALSE,FALSE,"annual_sb_sbmsy","SB/SBMSY",1971,2.705,"annual"
"Diagnostic model","Diagnostic model",22,22,"Seed 22",FALSE,FALSE,"annual_sb_sbmsy","SB/SBMSY",1972,2.6975,"annual"
"Diagnostic model","Diagnostic model",22,22,"Seed 22",FALSE,FALSE,"annual_sb_sbmsy","SB/SBMSY",1973,2.5345,"annual"
"Diagnostic model","Diagnostic model",22,22,"Seed 22",FALSE,FALSE,"annual_sb_sbmsy","SB/SBMSY",1974,2.39875,"annual"
"Diagnostic model","Diagnostic model",22,22,"Seed 22",FALSE,FALSE,"annual_sb_sbmsy","SB/SBMSY",1975,2.316,"annual"
"Diagnostic model","Diagnostic model",22,22,"Seed 22",FALSE,FALSE,"annual_sb_sbmsy","SB/SBMSY",1976,2.18225,"annual"
"Diagnostic model","Diagnostic model",22,22,"Seed 22",FALSE,FALSE,"annual_sb_sbmsy","SB/SBMSY",1977,2.14825,"annual"
"Diagnostic model","Diagnostic model",22,22,"Seed 22",FALSE,FALSE,"annual_sb_sbmsy","SB/SBMSY",1978,2.21375,"annual"
"Diagnostic model","Diagnostic model",22,22,"Seed 22",FALSE,FALSE,"annual_sb_sbmsy","SB/SBMSY",1979,2.1665,"annual"
"Diagnostic model","Diagnostic model",22,22,"Seed 22",FALSE,FALSE,"annual_sb_sbmsy","SB/SBMSY",1980,2.075,"annual"
"Diagnostic model","Diagnostic model",22,22,"Seed 22",FALSE,FALSE,"annual_sb_sbmsy","SB/SBMSY",1981,1.896,"annual"
"Diagnostic model","Diagnostic model",22,22,"Seed 22",FALSE,FALSE,"annual_sb_sbmsy","SB/SBMSY",1982,1.80275,"annual"
"Diagnostic model","Diagnostic model",22,22,"Seed 22",FALSE,FALSE,"annual_sb_sbmsy","SB/SBMSY",1983,1.812,"annual"
"Diagnostic model","Diagnostic model",22,22,"Seed 22",FALSE,FALSE,"annual_sb_sbmsy","SB/SBMSY",1984,1.936,"annual"
"Diagnostic model","Diagnostic model",22,22,"Seed 22",FALSE,FALSE,"annual_sb_sbmsy","SB/SBMSY",1985,2.00075,"annual"
"Diagnostic model","Diagnostic model",22,22,"Seed 22",FALSE,FALSE,"annual_sb_sbmsy","SB/SBMSY",1986,1.953,"annual"
"Diagnostic model","Diagnostic model",22,22,"Seed 22",FALSE,FALSE,"annual_sb_sbmsy","SB/SBMSY",1987,1.955,"annual"
"Diagnostic model","Diagnostic model",22,22,"Seed 22",FALSE,FALSE,"annual_sb_sbmsy","SB/SBMSY",1988,1.9705,"annual"
"Diagnostic model","Diagnostic model",22,22,"Seed 22",FALSE,FALSE,"annual_sb_sbmsy","SB/SBMSY",1989,1.963,"annual"
"Diagnostic model","Diagnostic model",22,22,"Seed 22",FALSE,FALSE,"annual_sb_sbmsy","SB/SBMSY",1990,2.08425,"annual"
"Diagnostic model","Diagnostic model",22,22,"Seed 22",FALSE,FALSE,"annual_sb_sbmsy","SB/SBMSY",1991,2.14925,"annual"
"Diagnostic model","Diagnostic model",22,22,"Seed 22",FALSE,FALSE,"annual_sb_sbmsy","SB/SBMSY",1992,2.1205,"annual"
"Diagnostic model","Diagnostic model",22,22,"Seed 22",FALSE,FALSE,"annual_sb_sbmsy","SB/SBMSY",1993,1.98675,"annual"
"Diagnostic model","Diagnostic model",22,22,"Seed 22",FALSE,FALSE,"annual_sb_sbmsy","SB/SBMSY",1994,1.91425,"annual"
"Diagnostic model","Diagnostic model",22,22,"Seed 22",FALSE,FALSE,"annual_sb_sbmsy","SB/SBMSY",1995,1.811,"annual"
"Diagnostic model","Diagnostic model",22,22,"Seed 22",FALSE,FALSE,"annual_sb_sbmsy","SB/SBMSY",1996,1.756,"annual"
"Diagnostic model","Diagnostic model",22,22,"Seed 22",FALSE,FALSE,"annual_sb_sbmsy","SB/SBMSY",1997,1.8685,"annual"
"Diagnostic model","Diagnostic model",22,22,"Seed 22",FALSE,FALSE,"annual_sb_sbmsy","SB/SBMSY",1998,1.83875,"annual"
"Diagnostic model","Diagnostic model",22,22,"Seed 22",FALSE,FALSE,"annual_sb_sbmsy","SB/SBMSY",1999,1.74525,"annual"
"Diagnostic model","Diagnostic model",22,22,"Seed 22",FALSE,FALSE,"annual_sb_sbmsy","SB/SBMSY",2000,1.60625,"annual"
"Diagnostic model","Diagnostic model",22,22,"Seed 22",FALSE,FALSE,"annual_sb_sbmsy","SB/SBMSY",2001,1.5,"annual"
"Diagnostic model","Diagnostic model",22,22,"Seed 22",FALSE,FALSE,"annual_sb_sbmsy","SB/SBMSY",2002,1.47175,"annual"
"Diagnostic model","Diagnostic model",22,22,"Seed 22",FALSE,FALSE,"annual_sb_sbmsy","SB/SBMSY",2003,1.45175,"annual"
"Diagnostic model","Diagnostic model",22,22,"Seed 22",FALSE,FALSE,"annual_sb_sbmsy","SB/SBMSY",2004,1.4305,"annual"
"Diagnostic model","Diagnostic model",22,22,"Seed 22",FALSE,FALSE,"annual_sb_sbmsy","SB/SBMSY",2005,1.306,"annual"
"Diagnostic model","Diagnostic model",22,22,"Seed 22",FALSE,FALSE,"annual_sb_sbmsy","SB/SBMSY",2006,1.28125,"annual"
"Diagnostic model","Diagnostic model",22,22,"Seed 22",FALSE,FALSE,"annual_sb_sbmsy","SB/SBMSY",2007,1.271,"annual"
"Diagnostic model","Diagnostic model",22,22,"Seed 22",FALSE,FALSE,"annual_sb_sbmsy","SB/SBMSY",2008,1.22225,"annual"
"Diagnostic model","Diagnostic model",22,22,"Seed 22",FALSE,FALSE,"annual_sb_sbmsy","SB/SBMSY",2009,1.13525,"annual"
"Diagnostic model","Diagnostic model",22,22,"Seed 22",FALSE,FALSE,"annual_sb_sbmsy","SB/SBMSY",2010,1.05175,"annual"
"Diagnostic model","Diagnostic model",22,22,"Seed 22",FALSE,FALSE,"annual_sb_sbmsy","SB/SBMSY",2011,1.05625,"annual"
"Diagnostic model","Diagnostic model",22,22,"Seed 22",FALSE,FALSE,"annual_sb_sbmsy","SB/SBMSY",2012,1.0289,"annual"
"Diagnostic model","Diagnostic model",22,22,"Seed 22",FALSE,FALSE,"annual_sb_sbmsy","SB/SBMSY",2013,0.968025,"annual"
"Diagnostic model","Diagnostic model",22,22,"Seed 22",FALSE,FALSE,"annual_sb_sbmsy","SB/SBMSY",2014,0.99675,"annual"
"Diagnostic model","Diagnostic model",22,22,"Seed 22",FALSE,FALSE,"annual_sb_sbmsy","SB/SBMSY",2015,1.07225,"annual"
"Diagnostic model","Diagnostic model",22,22,"Seed 22",FALSE,FALSE,"annual_sb_sbmsy","SB/SBMSY",2016,1.1005,"annual"
"Diagnostic model","Diagnostic model",22,22,"Seed 22",FALSE,FALSE,"annual_sb_sbmsy","SB/SBMSY",2017,1.07025,"annual"
"Diagnostic model","Diagnostic model",22,22,"Seed 22",FALSE,FALSE,"annual_sb_sbmsy","SB/SBMSY",2018,1.058,"annual"
"Diagnostic model","Diagnostic model",22,22,"Seed 22",FALSE,FALSE,"annual_sb_sbmsy","SB/SBMSY",2019,1.04975,"annual"
"Diagnostic model","Diagnostic model",22,22,"Seed 22",FALSE,FALSE,"annual_sb_sbmsy","SB/SBMSY",2020,1.06675,"annual"
"Diagnostic model","Diagnostic model",22,22,"Seed 22",FALSE,FALSE,"annual_sb_sbmsy","SB/SBMSY",2021,1.09075,"annual"
"Diagnostic model","Diagnostic model",22,22,"Seed 22",FALSE,FALSE,"annual_sb_sbmsy","SB/SBMSY",2022,1.09075,"annual"
"Diagnostic model","Diagnostic model",22,22,"Seed 22",FALSE,FALSE,"annual_sb_sbmsy","SB/SBMSY",2023,1.0284,"annual"
"Diagnostic model","Diagnostic model",22,22,"Seed 22",FALSE,FALSE,"annual_sb_sbmsy","SB/SBMSY",2024,0.8844,"annual"
"Diagnostic model","Diagnostic model",22,22,"Seed 22",FALSE,FALSE,"annual_f_fmsy","F/FMSY",1952,0.07955,"annual"
"Diagnostic model","Diagnostic model",22,22,"Seed 22",FALSE,FALSE,"annual_f_fmsy","F/FMSY",1953,0.0740225,"annual"
"Diagnostic model","Diagnostic model",22,22,"Seed 22",FALSE,FALSE,"annual_f_fmsy","F/FMSY",1954,0.050505,"annual"
"Diagnostic model","Diagnostic model",22,22,"Seed 22",FALSE,FALSE,"annual_f_fmsy","F/FMSY",1955,0.08085,"annual"
"Diagnostic model","Diagnostic model",22,22,"Seed 22",FALSE,FALSE,"annual_f_fmsy","F/FMSY",1956,0.0889475,"annual"
"Diagnostic model","Diagnostic model",22,22,"Seed 22",FALSE,FALSE,"annual_f_fmsy","F/FMSY",1957,0.11944,"annual"
"Diagnostic model","Diagnostic model",22,22,"Seed 22",FALSE,FALSE,"annual_f_fmsy","F/FMSY",1958,0.177175,"annual"
"Diagnostic model","Diagnostic model",22,22,"Seed 22",FALSE,FALSE,"annual_f_fmsy","F/FMSY",1959,0.16392,"annual"
"Diagnostic model","Diagnostic model",22,22,"Seed 22",FALSE,FALSE,"annual_f_fmsy","F/FMSY",1960,0.16499,"annual"
"Diagnostic model","Diagnostic model",22,22,"Seed 22",FALSE,FALSE,"annual_f_fmsy","F/FMSY",1961,0.1647,"annual"
"Diagnostic model","Diagnostic model",22,22,"Seed 22",FALSE,FALSE,"annual_f_fmsy","F/FMSY",1962,0.159625,"annual"
"Diagnostic model","Diagnostic model",22,22,"Seed 22",FALSE,FALSE,"annual_f_fmsy","F/FMSY",1963,0.205025,"annual"
"Diagnostic model","Diagnostic model",22,22,"Seed 22",FALSE,FALSE,"annual_f_fmsy","F/FMSY",1964,0.1528625,"annual"
"Diagnostic model","Diagnostic model",22,22,"Seed 22",FALSE,FALSE,"annual_f_fmsy","F/FMSY",1965,0.1424,"annual"
"Diagnostic model","Diagnostic model",22,22,"Seed 22",FALSE,FALSE,"annual_f_fmsy","F/FMSY",1966,0.16135,"annual"
"Diagnostic model","Diagnostic model",22,22,"Seed 22",FALSE,FALSE,"annual_f_fmsy","F/FMSY",1967,0.175675,"annual"
"Diagnostic model","Diagnostic model",22,22,"Seed 22",FALSE,FALSE,"annual_f_fmsy","F/FMSY",1968,0.143875,"annual"
"Diagnostic model","Diagnostic model",22,22,"Seed 22",FALSE,FALSE,"annual_f_fmsy","F/FMSY",1969,0.18085,"annual"
"Diagnostic model","Diagnostic model",22,22,"Seed 22",FALSE,FALSE,"annual_f_fmsy","F/FMSY",1970,0.17265,"annual"
"Diagnostic model","Diagnostic model",22,22,"Seed 22",FALSE,FALSE,"annual_f_fmsy","F/FMSY",1971,0.175475,"annual"
"Diagnostic model","Diagnostic model",22,22,"Seed 22",FALSE,FALSE,"annual_f_fmsy","F/FMSY",1972,0.24315,"annual"
"Diagnostic model","Diagnostic model",22,22,"Seed 22",FALSE,FALSE,"annual_f_fmsy","F/FMSY",1973,0.20615,"annual"
"Diagnostic model","Diagnostic model",22,22,"Seed 22",FALSE,FALSE,"annual_f_fmsy","F/FMSY",1974,0.2311,"annual"
"Diagnostic model","Diagnostic model",22,22,"Seed 22",FALSE,FALSE,"annual_f_fmsy","F/FMSY",1975,0.29655,"annual"
"Diagnostic model","Diagnostic model",22,22,"Seed 22",FALSE,FALSE,"annual_f_fmsy","F/FMSY",1976,0.312125,"annual"
"Diagnostic model","Diagnostic model",22,22,"Seed 22",FALSE,FALSE,"annual_f_fmsy","F/FMSY",1977,0.34655,"annual"
"Diagnostic model","Diagnostic model",22,22,"Seed 22",FALSE,FALSE,"annual_f_fmsy","F/FMSY",1978,0.290425,"annual"
"Diagnostic model","Diagnostic model",22,22,"Seed 22",FALSE,FALSE,"annual_f_fmsy","F/FMSY",1979,0.375625,"annual"
"Diagnostic model","Diagnostic model",22,22,"Seed 22",FALSE,FALSE,"annual_f_fmsy","F/FMSY",1980,0.383225,"annual"
"Diagnostic model","Diagnostic model",22,22,"Seed 22",FALSE,FALSE,"annual_f_fmsy","F/FMSY",1981,0.364125,"annual"
"Diagnostic model","Diagnostic model",22,22,"Seed 22",FALSE,FALSE,"annual_f_fmsy","F/FMSY",1982,0.421,"annual"
"Diagnostic model","Diagnostic model",22,22,"Seed 22",FALSE,FALSE,"annual_f_fmsy","F/FMSY",1983,0.41315,"annual"
"Diagnostic model","Diagnostic model",22,22,"Seed 22",FALSE,FALSE,"annual_f_fmsy","F/FMSY",1984,0.44705,"annual"
"Diagnostic model","Diagnostic model",22,22,"Seed 22",FALSE,FALSE,"annual_f_fmsy","F/FMSY",1985,0.467275,"annual"
"Diagnostic model","Diagnostic model",22,22,"Seed 22",FALSE,FALSE,"annual_f_fmsy","F/FMSY",1986,0.42895,"annual"
"Diagnostic model","Diagnostic model",22,22,"Seed 22",FALSE,FALSE,"annual_f_fmsy","F/FMSY",1987,0.5471,"annual"
"Diagnostic model","Diagnostic model",22,22,"Seed 22",FALSE,FALSE,"annual_f_fmsy","F/FMSY",1988,0.473775,"annual"
"Diagnostic model","Diagnostic model",22,22,"Seed 22",FALSE,FALSE,"annual_f_fmsy","F/FMSY",1989,0.46215,"annual"
"Diagnostic model","Diagnostic model",22,22,"Seed 22",FALSE,FALSE,"annual_f_fmsy","F/FMSY",1990,0.56495,"annual"
"Diagnostic model","Diagnostic model",22,22,"Seed 22",FALSE,FALSE,"annual_f_fmsy","F/FMSY",1991,0.52345,"annual"
"Diagnostic model","Diagnostic model",22,22,"Seed 22",FALSE,FALSE,"annual_f_fmsy","F/FMSY",1992,0.6601,"annual"
"Diagnostic model","Diagnostic model",22,22,"Seed 22",FALSE,FALSE,"annual_f_fmsy","F/FMSY",1993,0.589725,"annual"
"Diagnostic model","Diagnostic model",22,22,"Seed 22",FALSE,FALSE,"annual_f_fmsy","F/FMSY",1994,0.68345,"annual"
"Diagnostic model","Diagnostic model",22,22,"Seed 22",FALSE,FALSE,"annual_f_fmsy","F/FMSY",1995,0.611475,"annual"
"Diagnostic model","Diagnostic model",22,22,"Seed 22",FALSE,FALSE,"annual_f_fmsy","F/FMSY",1996,0.568625,"annual"
"Diagnostic model","Diagnostic model",22,22,"Seed 22",FALSE,FALSE,"annual_f_fmsy","F/FMSY",1997,0.714575,"annual"
"Diagnostic model","Diagnostic model",22,22,"Seed 22",FALSE,FALSE,"annual_f_fmsy","F/FMSY",1998,0.850725,"annual"
"Diagnostic model","Diagnostic model",22,22,"Seed 22",FALSE,FALSE,"annual_f_fmsy","F/FMSY",1999,0.932125,"annual"
"Diagnostic model","Diagnostic model",22,22,"Seed 22",FALSE,FALSE,"annual_f_fmsy","F/FMSY",2000,0.9154,"annual"
"Diagnostic model","Diagnostic model",22,22,"Seed 22",FALSE,FALSE,"annual_f_fmsy","F/FMSY",2001,0.782975,"annual"
"Diagnostic model","Diagnostic model",22,22,"Seed 22",FALSE,FALSE,"annual_f_fmsy","F/FMSY",2002,0.9729,"annual"
"Diagnostic model","Diagnostic model",22,22,"Seed 22",FALSE,FALSE,"annual_f_fmsy","F/FMSY",2003,0.882425,"annual"
"Diagnostic model","Diagnostic model",22,22,"Seed 22",FALSE,FALSE,"annual_f_fmsy","F/FMSY",2004,1.23375,"annual"
"Diagnostic model","Diagnostic model",22,22,"Seed 22",FALSE,FALSE,"annual_f_fmsy","F/FMSY",2005,0.996325,"annual"
"Diagnostic model","Diagnostic model",22,22,"Seed 22",FALSE,FALSE,"annual_f_fmsy","F/FMSY",2006,1.063925,"annual"
"Diagnostic model","Diagnostic model",22,22,"Seed 22",FALSE,FALSE,"annual_f_fmsy","F/FMSY",2007,1.08925,"annual"
"Diagnostic model","Diagnostic model",22,22,"Seed 22",FALSE,FALSE,"annual_f_fmsy","F/FMSY",2008,1.17075,"annual"
"Diagnostic model","Diagnostic model",22,22,"Seed 22",FALSE,FALSE,"annual_f_fmsy","F/FMSY",2009,1.198,"annual"
"Diagnostic model","Diagnostic model",22,22,"Seed 22",FALSE,FALSE,"annual_f_fmsy","F/FMSY",2010,0.9902,"annual"
"Diagnostic model","Diagnostic model",22,22,"Seed 22",FALSE,FALSE,"annual_f_fmsy","F/FMSY",2011,1.22645,"annual"
"Diagnostic model","Diagnostic model",22,22,"Seed 22",FALSE,FALSE,"annual_f_fmsy","F/FMSY",2012,1.258,"annual"
"Diagnostic model","Diagnostic model",22,22,"Seed 22",FALSE,FALSE,"annual_f_fmsy","F/FMSY",2013,1.1401,"annual"
"Diagnostic model","Diagnostic model",22,22,"Seed 22",FALSE,FALSE,"annual_f_fmsy","F/FMSY",2014,1.225075,"annual"
"Diagnostic model","Diagnostic model",22,22,"Seed 22",FALSE,FALSE,"annual_f_fmsy","F/FMSY",2015,1.1137,"annual"
"Diagnostic model","Diagnostic model",22,22,"Seed 22",FALSE,FALSE,"annual_f_fmsy","F/FMSY",2016,1.165125,"annual"
"Diagnostic model","Diagnostic model",22,22,"Seed 22",FALSE,FALSE,"annual_f_fmsy","F/FMSY",2017,0.9857,"annual"
"Diagnostic model","Diagnostic model",22,22,"Seed 22",FALSE,FALSE,"annual_f_fmsy","F/FMSY",2018,1.13985,"annual"
"Diagnostic model","Diagnostic model",22,22,"Seed 22",FALSE,FALSE,"annual_f_fmsy","F/FMSY",2019,1.00885,"annual"
"Diagnostic model","Diagnostic model",22,22,"Seed 22",FALSE,FALSE,"annual_f_fmsy","F/FMSY",2020,1.06575,"annual"
"Diagnostic model","Diagnostic model",22,22,"Seed 22",FALSE,FALSE,"annual_f_fmsy","F/FMSY",2021,1.05635,"annual"
"Diagnostic model","Diagnostic model",22,22,"Seed 22",FALSE,FALSE,"annual_f_fmsy","F/FMSY",2022,1.151875,"annual"
"Diagnostic model","Diagnostic model",22,22,"Seed 22",FALSE,FALSE,"annual_f_fmsy","F/FMSY",2023,1.2665,"annual"
"Diagnostic model","Diagnostic model",22,22,"Seed 22",FALSE,FALSE,"annual_f_fmsy","F/FMSY",2024,1.45275,"annual"
"Diagnostic model","Diagnostic model",25,25,"Seed 25",FALSE,FALSE,"annual_depletion","SB/SBF=0",1952,0.993794391625688,"annual"
"Diagnostic model","Diagnostic model",25,25,"Seed 25",FALSE,FALSE,"annual_depletion","SB/SBF=0",1953,0.97451757713919,"annual"
"Diagnostic model","Diagnostic model",25,25,"Seed 25",FALSE,FALSE,"annual_depletion","SB/SBF=0",1954,0.962824979986089,"annual"
"Diagnostic model","Diagnostic model",25,25,"Seed 25",FALSE,FALSE,"annual_depletion","SB/SBF=0",1955,0.952598783724628,"annual"
"Diagnostic model","Diagnostic model",25,25,"Seed 25",FALSE,FALSE,"annual_depletion","SB/SBF=0",1956,0.940036614199173,"annual"
"Diagnostic model","Diagnostic model",25,25,"Seed 25",FALSE,FALSE,"annual_depletion","SB/SBF=0",1957,0.928059448231474,"annual"
"Diagnostic model","Diagnostic model",25,25,"Seed 25",FALSE,FALSE,"annual_depletion","SB/SBF=0",1958,0.906202639348979,"annual"
"Diagnostic model","Diagnostic model",25,25,"Seed 25",FALSE,FALSE,"annual_depletion","SB/SBF=0",1959,0.877407790641779,"annual"
"Diagnostic model","Diagnostic model",25,25,"Seed 25",FALSE,FALSE,"annual_depletion","SB/SBF=0",1960,0.85329209326275,"annual"
"Diagnostic model","Diagnostic model",25,25,"Seed 25",FALSE,FALSE,"annual_depletion","SB/SBF=0",1961,0.842746406895866,"annual"
"Diagnostic model","Diagnostic model",25,25,"Seed 25",FALSE,FALSE,"annual_depletion","SB/SBF=0",1962,0.833088541676487,"annual"
"Diagnostic model","Diagnostic model",25,25,"Seed 25",FALSE,FALSE,"annual_depletion","SB/SBF=0",1963,0.823036836739915,"annual"
"Diagnostic model","Diagnostic model",25,25,"Seed 25",FALSE,FALSE,"annual_depletion","SB/SBF=0",1964,0.810515344720053,"annual"
"Diagnostic model","Diagnostic model",25,25,"Seed 25",FALSE,FALSE,"annual_depletion","SB/SBF=0",1965,0.814206384940289,"annual"
"Diagnostic model","Diagnostic model",25,25,"Seed 25",FALSE,FALSE,"annual_depletion","SB/SBF=0",1966,0.818028102553348,"annual"
"Diagnostic model","Diagnostic model",25,25,"Seed 25",FALSE,FALSE,"annual_depletion","SB/SBF=0",1967,0.812426131175092,"annual"
"Diagnostic model","Diagnostic model",25,25,"Seed 25",FALSE,FALSE,"annual_depletion","SB/SBF=0",1968,0.808941974475352,"annual"
"Diagnostic model","Diagnostic model",25,25,"Seed 25",FALSE,FALSE,"annual_depletion","SB/SBF=0",1969,0.812654819859024,"annual"
"Diagnostic model","Diagnostic model",25,25,"Seed 25",FALSE,FALSE,"annual_depletion","SB/SBF=0",1970,0.808527991326631,"annual"
"Diagnostic model","Diagnostic model",25,25,"Seed 25",FALSE,FALSE,"annual_depletion","SB/SBF=0",1971,0.806046039576464,"annual"
"Diagnostic model","Diagnostic model",25,25,"Seed 25",FALSE,FALSE,"annual_depletion","SB/SBF=0",1972,0.801288173349024,"annual"
"Diagnostic model","Diagnostic model",25,25,"Seed 25",FALSE,FALSE,"annual_depletion","SB/SBF=0",1973,0.781996807331081,"annual"
"Diagnostic model","Diagnostic model",25,25,"Seed 25",FALSE,FALSE,"annual_depletion","SB/SBF=0",1974,0.769954218657809,"annual"
"Diagnostic model","Diagnostic model",25,25,"Seed 25",FALSE,FALSE,"annual_depletion","SB/SBF=0",1975,0.757105124141574,"annual"
"Diagnostic model","Diagnostic model",25,25,"Seed 25",FALSE,FALSE,"annual_depletion","SB/SBF=0",1976,0.732742348466272,"annual"
"Diagnostic model","Diagnostic model",25,25,"Seed 25",FALSE,FALSE,"annual_depletion","SB/SBF=0",1977,0.713895202893681,"annual"
"Diagnostic model","Diagnostic model",25,25,"Seed 25",FALSE,FALSE,"annual_depletion","SB/SBF=0",1978,0.706197967861584,"annual"
"Diagnostic model","Diagnostic model",25,25,"Seed 25",FALSE,FALSE,"annual_depletion","SB/SBF=0",1979,0.692411215154915,"annual"
"Diagnostic model","Diagnostic model",25,25,"Seed 25",FALSE,FALSE,"annual_depletion","SB/SBF=0",1980,0.668814885671514,"annual"
"Diagnostic model","Diagnostic model",25,25,"Seed 25",FALSE,FALSE,"annual_depletion","SB/SBF=0",1981,0.648048399133946,"annual"
"Diagnostic model","Diagnostic model",25,25,"Seed 25",FALSE,FALSE,"annual_depletion","SB/SBF=0",1982,0.638347212128111,"annual"
"Diagnostic model","Diagnostic model",25,25,"Seed 25",FALSE,FALSE,"annual_depletion","SB/SBF=0",1983,0.631847437015282,"annual"
"Diagnostic model","Diagnostic model",25,25,"Seed 25",FALSE,FALSE,"annual_depletion","SB/SBF=0",1984,0.627752990329773,"annual"
"Diagnostic model","Diagnostic model",25,25,"Seed 25",FALSE,FALSE,"annual_depletion","SB/SBF=0",1985,0.60682463859208,"annual"
"Diagnostic model","Diagnostic model",25,25,"Seed 25",FALSE,FALSE,"annual_depletion","SB/SBF=0",1986,0.581188758426495,"annual"
"Diagnostic model","Diagnostic model",25,25,"Seed 25",FALSE,FALSE,"annual_depletion","SB/SBF=0",1987,0.562770975307071,"annual"
"Diagnostic model","Diagnostic model",25,25,"Seed 25",FALSE,FALSE,"annual_depletion","SB/SBF=0",1988,0.542138447301907,"annual"
"Diagnostic model","Diagnostic model",25,25,"Seed 25",FALSE,FALSE,"annual_depletion","SB/SBF=0",1989,0.528387179823036,"annual"
"Diagnostic model","Diagnostic model",25,25,"Seed 25",FALSE,FALSE,"annual_depletion","SB/SBF=0",1990,0.519962285794104,"annual"
"Diagnostic model","Diagnostic model",25,25,"Seed 25",FALSE,FALSE,"annual_depletion","SB/SBF=0",1991,0.507025692957934,"annual"
"Diagnostic model","Diagnostic model",25,25,"Seed 25",FALSE,FALSE,"annual_depletion","SB/SBF=0",1992,0.488156357425807,"annual"
"Diagnostic model","Diagnostic model",25,25,"Seed 25",FALSE,FALSE,"annual_depletion","SB/SBF=0",1993,0.460069873936106,"annual"
"Diagnostic model","Diagnostic model",25,25,"Seed 25",FALSE,FALSE,"annual_depletion","SB/SBF=0",1994,0.437159216592117,"annual"
"Diagnostic model","Diagnostic model",25,25,"Seed 25",FALSE,FALSE,"annual_depletion","SB/SBF=0",1995,0.410777801461042,"annual"
"Diagnostic model","Diagnostic model",25,25,"Seed 25",FALSE,FALSE,"annual_depletion","SB/SBF=0",1996,0.403258225604304,"annual"
"Diagnostic model","Diagnostic model",25,25,"Seed 25",FALSE,FALSE,"annual_depletion","SB/SBF=0",1997,0.418099805390734,"annual"
"Diagnostic model","Diagnostic model",25,25,"Seed 25",FALSE,FALSE,"annual_depletion","SB/SBF=0",1998,0.401773600311694,"annual"
"Diagnostic model","Diagnostic model",25,25,"Seed 25",FALSE,FALSE,"annual_depletion","SB/SBF=0",1999,0.376198411089196,"annual"
"Diagnostic model","Diagnostic model",25,25,"Seed 25",FALSE,FALSE,"annual_depletion","SB/SBF=0",2000,0.345218845525444,"annual"
"Diagnostic model","Diagnostic model",25,25,"Seed 25",FALSE,FALSE,"annual_depletion","SB/SBF=0",2001,0.322772622235264,"annual"
"Diagnostic model","Diagnostic model",25,25,"Seed 25",FALSE,FALSE,"annual_depletion","SB/SBF=0",2002,0.308738070557958,"annual"
"Diagnostic model","Diagnostic model",25,25,"Seed 25",FALSE,FALSE,"annual_depletion","SB/SBF=0",2003,0.291750509933172,"annual"
"Diagnostic model","Diagnostic model",25,25,"Seed 25",FALSE,FALSE,"annual_depletion","SB/SBF=0",2004,0.280634878245422,"annual"
"Diagnostic model","Diagnostic model",25,25,"Seed 25",FALSE,FALSE,"annual_depletion","SB/SBF=0",2005,0.257768046969272,"annual"
"Diagnostic model","Diagnostic model",25,25,"Seed 25",FALSE,FALSE,"annual_depletion","SB/SBF=0",2006,0.25053059233215,"annual"
"Diagnostic model","Diagnostic model",25,25,"Seed 25",FALSE,FALSE,"annual_depletion","SB/SBF=0",2007,0.243004353847887,"annual"
"Diagnostic model","Diagnostic model",25,25,"Seed 25",FALSE,FALSE,"annual_depletion","SB/SBF=0",2008,0.233096178789283,"annual"
"Diagnostic model","Diagnostic model",25,25,"Seed 25",FALSE,FALSE,"annual_depletion","SB/SBF=0",2009,0.221268734668572,"annual"
"Diagnostic model","Diagnostic model",25,25,"Seed 25",FALSE,FALSE,"annual_depletion","SB/SBF=0",2010,0.207894254900631,"annual"
"Diagnostic model","Diagnostic model",25,25,"Seed 25",FALSE,FALSE,"annual_depletion","SB/SBF=0",2011,0.206073994403785,"annual"
"Diagnostic model","Diagnostic model",25,25,"Seed 25",FALSE,FALSE,"annual_depletion","SB/SBF=0",2012,0.198769297746224,"annual"
"Diagnostic model","Diagnostic model",25,25,"Seed 25",FALSE,FALSE,"annual_depletion","SB/SBF=0",2013,0.190090441543486,"annual"
"Diagnostic model","Diagnostic model",25,25,"Seed 25",FALSE,FALSE,"annual_depletion","SB/SBF=0",2014,0.193738617786324,"annual"
"Diagnostic model","Diagnostic model",25,25,"Seed 25",FALSE,FALSE,"annual_depletion","SB/SBF=0",2015,0.201677364128135,"annual"
"Diagnostic model","Diagnostic model",25,25,"Seed 25",FALSE,FALSE,"annual_depletion","SB/SBF=0",2016,0.204409900741937,"annual"
"Diagnostic model","Diagnostic model",25,25,"Seed 25",FALSE,FALSE,"annual_depletion","SB/SBF=0",2017,0.20266237050696,"annual"
"Diagnostic model","Diagnostic model",25,25,"Seed 25",FALSE,FALSE,"annual_depletion","SB/SBF=0",2018,0.201850326085373,"annual"
"Diagnostic model","Diagnostic model",25,25,"Seed 25",FALSE,FALSE,"annual_depletion","SB/SBF=0",2019,0.200204541537541,"annual"
"Diagnostic model","Diagnostic model",25,25,"Seed 25",FALSE,FALSE,"annual_depletion","SB/SBF=0",2020,0.203263311110712,"annual"
"Diagnostic model","Diagnostic model",25,25,"Seed 25",FALSE,FALSE,"annual_depletion","SB/SBF=0",2021,0.210544308955209,"annual"
"Diagnostic model","Diagnostic model",25,25,"Seed 25",FALSE,FALSE,"annual_depletion","SB/SBF=0",2022,0.212606638426412,"annual"
"Diagnostic model","Diagnostic model",25,25,"Seed 25",FALSE,FALSE,"annual_depletion","SB/SBF=0",2023,0.204808051786209,"annual"
"Diagnostic model","Diagnostic model",25,25,"Seed 25",FALSE,FALSE,"annual_depletion","SB/SBF=0",2024,0.183897373049002,"annual"
"Diagnostic model","Diagnostic model",25,25,"Seed 25",FALSE,FALSE,"annual_sb_sbmsy","SB/SBMSY",1952,5.63325,"annual"
"Diagnostic model","Diagnostic model",25,25,"Seed 25",FALSE,FALSE,"annual_sb_sbmsy","SB/SBMSY",1953,5.669,"annual"
"Diagnostic model","Diagnostic model",25,25,"Seed 25",FALSE,FALSE,"annual_sb_sbmsy","SB/SBMSY",1954,5.70625,"annual"
"Diagnostic model","Diagnostic model",25,25,"Seed 25",FALSE,FALSE,"annual_sb_sbmsy","SB/SBMSY",1955,5.69125,"annual"
"Diagnostic model","Diagnostic model",25,25,"Seed 25",FALSE,FALSE,"annual_sb_sbmsy","SB/SBMSY",1956,5.686,"annual"
"Diagnostic model","Diagnostic model",25,25,"Seed 25",FALSE,FALSE,"annual_sb_sbmsy","SB/SBMSY",1957,5.86025,"annual"
"Diagnostic model","Diagnostic model",25,25,"Seed 25",FALSE,FALSE,"annual_sb_sbmsy","SB/SBMSY",1958,5.72625,"annual"
"Diagnostic model","Diagnostic model",25,25,"Seed 25",FALSE,FALSE,"annual_sb_sbmsy","SB/SBMSY",1959,5.235,"annual"
"Diagnostic model","Diagnostic model",25,25,"Seed 25",FALSE,FALSE,"annual_sb_sbmsy","SB/SBMSY",1960,4.70475,"annual"
"Diagnostic model","Diagnostic model",25,25,"Seed 25",FALSE,FALSE,"annual_sb_sbmsy","SB/SBMSY",1961,4.52925,"annual"
"Diagnostic model","Diagnostic model",25,25,"Seed 25",FALSE,FALSE,"annual_sb_sbmsy","SB/SBMSY",1962,4.29575,"annual"
"Diagnostic model","Diagnostic model",25,25,"Seed 25",FALSE,FALSE,"annual_sb_sbmsy","SB/SBMSY",1963,4.06625,"annual"
"Diagnostic model","Diagnostic model",25,25,"Seed 25",FALSE,FALSE,"annual_sb_sbmsy","SB/SBMSY",1964,3.803,"annual"
"Diagnostic model","Diagnostic model",25,25,"Seed 25",FALSE,FALSE,"annual_sb_sbmsy","SB/SBMSY",1965,3.69225,"annual"
"Diagnostic model","Diagnostic model",25,25,"Seed 25",FALSE,FALSE,"annual_sb_sbmsy","SB/SBMSY",1966,3.6405,"annual"
"Diagnostic model","Diagnostic model",25,25,"Seed 25",FALSE,FALSE,"annual_sb_sbmsy","SB/SBMSY",1967,3.46875,"annual"
"Diagnostic model","Diagnostic model",25,25,"Seed 25",FALSE,FALSE,"annual_sb_sbmsy","SB/SBMSY",1968,3.2975,"annual"
"Diagnostic model","Diagnostic model",25,25,"Seed 25",FALSE,FALSE,"annual_sb_sbmsy","SB/SBMSY",1969,3.30425,"annual"
"Diagnostic model","Diagnostic model",25,25,"Seed 25",FALSE,FALSE,"annual_sb_sbmsy","SB/SBMSY",1970,3.19025,"annual"
"Diagnostic model","Diagnostic model",25,25,"Seed 25",FALSE,FALSE,"annual_sb_sbmsy","SB/SBMSY",1971,3.10425,"annual"
"Diagnostic model","Diagnostic model",25,25,"Seed 25",FALSE,FALSE,"annual_sb_sbmsy","SB/SBMSY",1972,3.0915,"annual"
"Diagnostic model","Diagnostic model",25,25,"Seed 25",FALSE,FALSE,"annual_sb_sbmsy","SB/SBMSY",1973,2.9005,"annual"
"Diagnostic model","Diagnostic model",25,25,"Seed 25",FALSE,FALSE,"annual_sb_sbmsy","SB/SBMSY",1974,2.7405,"annual"
"Diagnostic model","Diagnostic model",25,25,"Seed 25",FALSE,FALSE,"annual_sb_sbmsy","SB/SBMSY",1975,2.64775,"annual"
"Diagnostic model","Diagnostic model",25,25,"Seed 25",FALSE,FALSE,"annual_sb_sbmsy","SB/SBMSY",1976,2.4985,"annual"
"Diagnostic model","Diagnostic model",25,25,"Seed 25",FALSE,FALSE,"annual_sb_sbmsy","SB/SBMSY",1977,2.458,"annual"
"Diagnostic model","Diagnostic model",25,25,"Seed 25",FALSE,FALSE,"annual_sb_sbmsy","SB/SBMSY",1978,2.52875,"annual"
"Diagnostic model","Diagnostic model",25,25,"Seed 25",FALSE,FALSE,"annual_sb_sbmsy","SB/SBMSY",1979,2.49625,"annual"
"Diagnostic model","Diagnostic model",25,25,"Seed 25",FALSE,FALSE,"annual_sb_sbmsy","SB/SBMSY",1980,2.4065,"annual"
"Diagnostic model","Diagnostic model",25,25,"Seed 25",FALSE,FALSE,"annual_sb_sbmsy","SB/SBMSY",1981,2.22,"annual"
"Diagnostic model","Diagnostic model",25,25,"Seed 25",FALSE,FALSE,"annual_sb_sbmsy","SB/SBMSY",1982,2.1265,"annual"
"Diagnostic model","Diagnostic model",25,25,"Seed 25",FALSE,FALSE,"annual_sb_sbmsy","SB/SBMSY",1983,2.142,"annual"
"Diagnostic model","Diagnostic model",25,25,"Seed 25",FALSE,FALSE,"annual_sb_sbmsy","SB/SBMSY",1984,2.28025,"annual"
"Diagnostic model","Diagnostic model",25,25,"Seed 25",FALSE,FALSE,"annual_sb_sbmsy","SB/SBMSY",1985,2.34675,"annual"
"Diagnostic model","Diagnostic model",25,25,"Seed 25",FALSE,FALSE,"annual_sb_sbmsy","SB/SBMSY",1986,2.29175,"annual"
"Diagnostic model","Diagnostic model",25,25,"Seed 25",FALSE,FALSE,"annual_sb_sbmsy","SB/SBMSY",1987,2.27925,"annual"
"Diagnostic model","Diagnostic model",25,25,"Seed 25",FALSE,FALSE,"annual_sb_sbmsy","SB/SBMSY",1988,2.28975,"annual"
"Diagnostic model","Diagnostic model",25,25,"Seed 25",FALSE,FALSE,"annual_sb_sbmsy","SB/SBMSY",1989,2.275,"annual"
"Diagnostic model","Diagnostic model",25,25,"Seed 25",FALSE,FALSE,"annual_sb_sbmsy","SB/SBMSY",1990,2.38875,"annual"
"Diagnostic model","Diagnostic model",25,25,"Seed 25",FALSE,FALSE,"annual_sb_sbmsy","SB/SBMSY",1991,2.4385,"annual"
"Diagnostic model","Diagnostic model",25,25,"Seed 25",FALSE,FALSE,"annual_sb_sbmsy","SB/SBMSY",1992,2.39275,"annual"
"Diagnostic model","Diagnostic model",25,25,"Seed 25",FALSE,FALSE,"annual_sb_sbmsy","SB/SBMSY",1993,2.24575,"annual"
"Diagnostic model","Diagnostic model",25,25,"Seed 25",FALSE,FALSE,"annual_sb_sbmsy","SB/SBMSY",1994,2.17125,"annual"
"Diagnostic model","Diagnostic model",25,25,"Seed 25",FALSE,FALSE,"annual_sb_sbmsy","SB/SBMSY",1995,2.061,"annual"
"Diagnostic model","Diagnostic model",25,25,"Seed 25",FALSE,FALSE,"annual_sb_sbmsy","SB/SBMSY",1996,2.0085,"annual"
"Diagnostic model","Diagnostic model",25,25,"Seed 25",FALSE,FALSE,"annual_sb_sbmsy","SB/SBMSY",1997,2.13275,"annual"
"Diagnostic model","Diagnostic model",25,25,"Seed 25",FALSE,FALSE,"annual_sb_sbmsy","SB/SBMSY",1998,2.09525,"annual"
"Diagnostic model","Diagnostic model",25,25,"Seed 25",FALSE,FALSE,"annual_sb_sbmsy","SB/SBMSY",1999,1.98425,"annual"
"Diagnostic model","Diagnostic model",25,25,"Seed 25",FALSE,FALSE,"annual_sb_sbmsy","SB/SBMSY",2000,1.8305,"annual"
"Diagnostic model","Diagnostic model",25,25,"Seed 25",FALSE,FALSE,"annual_sb_sbmsy","SB/SBMSY",2001,1.711,"annual"
"Diagnostic model","Diagnostic model",25,25,"Seed 25",FALSE,FALSE,"annual_sb_sbmsy","SB/SBMSY",2002,1.67975,"annual"
"Diagnostic model","Diagnostic model",25,25,"Seed 25",FALSE,FALSE,"annual_sb_sbmsy","SB/SBMSY",2003,1.6505,"annual"
"Diagnostic model","Diagnostic model",25,25,"Seed 25",FALSE,FALSE,"annual_sb_sbmsy","SB/SBMSY",2004,1.6145,"annual"
"Diagnostic model","Diagnostic model",25,25,"Seed 25",FALSE,FALSE,"annual_sb_sbmsy","SB/SBMSY",2005,1.483,"annual"
"Diagnostic model","Diagnostic model",25,25,"Seed 25",FALSE,FALSE,"annual_sb_sbmsy","SB/SBMSY",2006,1.448,"annual"
"Diagnostic model","Diagnostic model",25,25,"Seed 25",FALSE,FALSE,"annual_sb_sbmsy","SB/SBMSY",2007,1.42625,"annual"
"Diagnostic model","Diagnostic model",25,25,"Seed 25",FALSE,FALSE,"annual_sb_sbmsy","SB/SBMSY",2008,1.3645,"annual"
"Diagnostic model","Diagnostic model",25,25,"Seed 25",FALSE,FALSE,"annual_sb_sbmsy","SB/SBMSY",2009,1.277,"annual"
"Diagnostic model","Diagnostic model",25,25,"Seed 25",FALSE,FALSE,"annual_sb_sbmsy","SB/SBMSY",2010,1.192,"annual"
"Diagnostic model","Diagnostic model",25,25,"Seed 25",FALSE,FALSE,"annual_sb_sbmsy","SB/SBMSY",2011,1.1925,"annual"
"Diagnostic model","Diagnostic model",25,25,"Seed 25",FALSE,FALSE,"annual_sb_sbmsy","SB/SBMSY",2012,1.15425,"annual"
"Diagnostic model","Diagnostic model",25,25,"Seed 25",FALSE,FALSE,"annual_sb_sbmsy","SB/SBMSY",2013,1.085,"annual"
"Diagnostic model","Diagnostic model",25,25,"Seed 25",FALSE,FALSE,"annual_sb_sbmsy","SB/SBMSY",2014,1.112,"annual"
"Diagnostic model","Diagnostic model",25,25,"Seed 25",FALSE,FALSE,"annual_sb_sbmsy","SB/SBMSY",2015,1.205,"annual"
"Diagnostic model","Diagnostic model",25,25,"Seed 25",FALSE,FALSE,"annual_sb_sbmsy","SB/SBMSY",2016,1.25275,"annual"
"Diagnostic model","Diagnostic model",25,25,"Seed 25",FALSE,FALSE,"annual_sb_sbmsy","SB/SBMSY",2017,1.231,"annual"
"Diagnostic model","Diagnostic model",25,25,"Seed 25",FALSE,FALSE,"annual_sb_sbmsy","SB/SBMSY",2018,1.21225,"annual"
"Diagnostic model","Diagnostic model",25,25,"Seed 25",FALSE,FALSE,"annual_sb_sbmsy","SB/SBMSY",2019,1.197,"annual"
"Diagnostic model","Diagnostic model",25,25,"Seed 25",FALSE,FALSE,"annual_sb_sbmsy","SB/SBMSY",2020,1.20975,"annual"
"Diagnostic model","Diagnostic model",25,25,"Seed 25",FALSE,FALSE,"annual_sb_sbmsy","SB/SBMSY",2021,1.236,"annual"
"Diagnostic model","Diagnostic model",25,25,"Seed 25",FALSE,FALSE,"annual_sb_sbmsy","SB/SBMSY",2022,1.22625,"annual"
"Diagnostic model","Diagnostic model",25,25,"Seed 25",FALSE,FALSE,"annual_sb_sbmsy","SB/SBMSY",2023,1.1505,"annual"
"Diagnostic model","Diagnostic model",25,25,"Seed 25",FALSE,FALSE,"annual_sb_sbmsy","SB/SBMSY",2024,1.00935,"annual"
"Diagnostic model","Diagnostic model",25,25,"Seed 25",FALSE,FALSE,"annual_f_fmsy","F/FMSY",1952,0.068485,"annual"
"Diagnostic model","Diagnostic model",25,25,"Seed 25",FALSE,FALSE,"annual_f_fmsy","F/FMSY",1953,0.0639525,"annual"
"Diagnostic model","Diagnostic model",25,25,"Seed 25",FALSE,FALSE,"annual_f_fmsy","F/FMSY",1954,0.0438125,"annual"
"Diagnostic model","Diagnostic model",25,25,"Seed 25",FALSE,FALSE,"annual_f_fmsy","F/FMSY",1955,0.069845,"annual"
"Diagnostic model","Diagnostic model",25,25,"Seed 25",FALSE,FALSE,"annual_f_fmsy","F/FMSY",1956,0.0770725,"annual"
"Diagnostic model","Diagnostic model",25,25,"Seed 25",FALSE,FALSE,"annual_f_fmsy","F/FMSY",1957,0.1055375,"annual"
"Diagnostic model","Diagnostic model",25,25,"Seed 25",FALSE,FALSE,"annual_f_fmsy","F/FMSY",1958,0.1567325,"annual"
"Diagnostic model","Diagnostic model",25,25,"Seed 25",FALSE,FALSE,"annual_f_fmsy","F/FMSY",1959,0.1458,"annual"
"Diagnostic model","Diagnostic model",25,25,"Seed 25",FALSE,FALSE,"annual_f_fmsy","F/FMSY",1960,0.1460375,"annual"
"Diagnostic model","Diagnostic model",25,25,"Seed 25",FALSE,FALSE,"annual_f_fmsy","F/FMSY",1961,0.142325,"annual"
"Diagnostic model","Diagnostic model",25,25,"Seed 25",FALSE,FALSE,"annual_f_fmsy","F/FMSY",1962,0.137525,"annual"
"Diagnostic model","Diagnostic model",25,25,"Seed 25",FALSE,FALSE,"annual_f_fmsy","F/FMSY",1963,0.1775,"annual"
"Diagnostic model","Diagnostic model",25,25,"Seed 25",FALSE,FALSE,"annual_f_fmsy","F/FMSY",1964,0.1325075,"annual"
"Diagnostic model","Diagnostic model",25,25,"Seed 25",FALSE,FALSE,"annual_f_fmsy","F/FMSY",1965,0.125125,"annual"
"Diagnostic model","Diagnostic model",25,25,"Seed 25",FALSE,FALSE,"annual_f_fmsy","F/FMSY",1966,0.142,"annual"
"Diagnostic model","Diagnostic model",25,25,"Seed 25",FALSE,FALSE,"annual_f_fmsy","F/FMSY",1967,0.1541,"annual"
"Diagnostic model","Diagnostic model",25,25,"Seed 25",FALSE,FALSE,"annual_f_fmsy","F/FMSY",1968,0.1266075,"annual"
"Diagnostic model","Diagnostic model",25,25,"Seed 25",FALSE,FALSE,"annual_f_fmsy","F/FMSY",1969,0.158325,"annual"
"Diagnostic model","Diagnostic model",25,25,"Seed 25",FALSE,FALSE,"annual_f_fmsy","F/FMSY",1970,0.1504,"annual"
"Diagnostic model","Diagnostic model",25,25,"Seed 25",FALSE,FALSE,"annual_f_fmsy","F/FMSY",1971,0.154675,"annual"
"Diagnostic model","Diagnostic model",25,25,"Seed 25",FALSE,FALSE,"annual_f_fmsy","F/FMSY",1972,0.21495,"annual"
"Diagnostic model","Diagnostic model",25,25,"Seed 25",FALSE,FALSE,"annual_f_fmsy","F/FMSY",1973,0.1812,"annual"
"Diagnostic model","Diagnostic model",25,25,"Seed 25",FALSE,FALSE,"annual_f_fmsy","F/FMSY",1974,0.204325,"annual"
"Diagnostic model","Diagnostic model",25,25,"Seed 25",FALSE,FALSE,"annual_f_fmsy","F/FMSY",1975,0.26015,"annual"
"Diagnostic model","Diagnostic model",25,25,"Seed 25",FALSE,FALSE,"annual_f_fmsy","F/FMSY",1976,0.2747,"annual"
"Diagnostic model","Diagnostic model",25,25,"Seed 25",FALSE,FALSE,"annual_f_fmsy","F/FMSY",1977,0.306475,"annual"
"Diagnostic model","Diagnostic model",25,25,"Seed 25",FALSE,FALSE,"annual_f_fmsy","F/FMSY",1978,0.253625,"annual"
"Diagnostic model","Diagnostic model",25,25,"Seed 25",FALSE,FALSE,"annual_f_fmsy","F/FMSY",1979,0.328225,"annual"
"Diagnostic model","Diagnostic model",25,25,"Seed 25",FALSE,FALSE,"annual_f_fmsy","F/FMSY",1980,0.330725,"annual"
"Diagnostic model","Diagnostic model",25,25,"Seed 25",FALSE,FALSE,"annual_f_fmsy","F/FMSY",1981,0.3107,"annual"
"Diagnostic model","Diagnostic model",25,25,"Seed 25",FALSE,FALSE,"annual_f_fmsy","F/FMSY",1982,0.358775,"annual"
"Diagnostic model","Diagnostic model",25,25,"Seed 25",FALSE,FALSE,"annual_f_fmsy","F/FMSY",1983,0.3556,"annual"
"Diagnostic model","Diagnostic model",25,25,"Seed 25",FALSE,FALSE,"annual_f_fmsy","F/FMSY",1984,0.388,"annual"
"Diagnostic model","Diagnostic model",25,25,"Seed 25",FALSE,FALSE,"annual_f_fmsy","F/FMSY",1985,0.4048,"annual"
"Diagnostic model","Diagnostic model",25,25,"Seed 25",FALSE,FALSE,"annual_f_fmsy","F/FMSY",1986,0.373075,"annual"
"Diagnostic model","Diagnostic model",25,25,"Seed 25",FALSE,FALSE,"annual_f_fmsy","F/FMSY",1987,0.478975,"annual"
"Diagnostic model","Diagnostic model",25,25,"Seed 25",FALSE,FALSE,"annual_f_fmsy","F/FMSY",1988,0.41395,"annual"
"Diagnostic model","Diagnostic model",25,25,"Seed 25",FALSE,FALSE,"annual_f_fmsy","F/FMSY",1989,0.410225,"annual"
"Diagnostic model","Diagnostic model",25,25,"Seed 25",FALSE,FALSE,"annual_f_fmsy","F/FMSY",1990,0.50675,"annual"
"Diagnostic model","Diagnostic model",25,25,"Seed 25",FALSE,FALSE,"annual_f_fmsy","F/FMSY",1991,0.4699,"annual"
"Diagnostic model","Diagnostic model",25,25,"Seed 25",FALSE,FALSE,"annual_f_fmsy","F/FMSY",1992,0.589175,"annual"
"Diagnostic model","Diagnostic model",25,25,"Seed 25",FALSE,FALSE,"annual_f_fmsy","F/FMSY",1993,0.52645,"annual"
"Diagnostic model","Diagnostic model",25,25,"Seed 25",FALSE,FALSE,"annual_f_fmsy","F/FMSY",1994,0.609875,"annual"
"Diagnostic model","Diagnostic model",25,25,"Seed 25",FALSE,FALSE,"annual_f_fmsy","F/FMSY",1995,0.537825,"annual"
"Diagnostic model","Diagnostic model",25,25,"Seed 25",FALSE,FALSE,"annual_f_fmsy","F/FMSY",1996,0.5027,"annual"
"Diagnostic model","Diagnostic model",25,25,"Seed 25",FALSE,FALSE,"annual_f_fmsy","F/FMSY",1997,0.639025,"annual"
"Diagnostic model","Diagnostic model",25,25,"Seed 25",FALSE,FALSE,"annual_f_fmsy","F/FMSY",1998,0.7607,"annual"
"Diagnostic model","Diagnostic model",25,25,"Seed 25",FALSE,FALSE,"annual_f_fmsy","F/FMSY",1999,0.8378,"annual"
"Diagnostic model","Diagnostic model",25,25,"Seed 25",FALSE,FALSE,"annual_f_fmsy","F/FMSY",2000,0.811975,"annual"
"Diagnostic model","Diagnostic model",25,25,"Seed 25",FALSE,FALSE,"annual_f_fmsy","F/FMSY",2001,0.69745,"annual"
"Diagnostic model","Diagnostic model",25,25,"Seed 25",FALSE,FALSE,"annual_f_fmsy","F/FMSY",2002,0.8749,"annual"
"Diagnostic model","Diagnostic model",25,25,"Seed 25",FALSE,FALSE,"annual_f_fmsy","F/FMSY",2003,0.79615,"annual"
"Diagnostic model","Diagnostic model",25,25,"Seed 25",FALSE,FALSE,"annual_f_fmsy","F/FMSY",2004,1.11055,"annual"
"Diagnostic model","Diagnostic model",25,25,"Seed 25",FALSE,FALSE,"annual_f_fmsy","F/FMSY",2005,0.897025,"annual"
"Diagnostic model","Diagnostic model",25,25,"Seed 25",FALSE,FALSE,"annual_f_fmsy","F/FMSY",2006,0.970375,"annual"
"Diagnostic model","Diagnostic model",25,25,"Seed 25",FALSE,FALSE,"annual_f_fmsy","F/FMSY",2007,0.98915,"annual"
"Diagnostic model","Diagnostic model",25,25,"Seed 25",FALSE,FALSE,"annual_f_fmsy","F/FMSY",2008,1.0603,"annual"
"Diagnostic model","Diagnostic model",25,25,"Seed 25",FALSE,FALSE,"annual_f_fmsy","F/FMSY",2009,1.07325,"annual"
"Diagnostic model","Diagnostic model",25,25,"Seed 25",FALSE,FALSE,"annual_f_fmsy","F/FMSY",2010,0.89505,"annual"
"Diagnostic model","Diagnostic model",25,25,"Seed 25",FALSE,FALSE,"annual_f_fmsy","F/FMSY",2011,1.115975,"annual"
"Diagnostic model","Diagnostic model",25,25,"Seed 25",FALSE,FALSE,"annual_f_fmsy","F/FMSY",2012,1.1357,"annual"
"Diagnostic model","Diagnostic model",25,25,"Seed 25",FALSE,FALSE,"annual_f_fmsy","F/FMSY",2013,1.0269,"annual"
"Diagnostic model","Diagnostic model",25,25,"Seed 25",FALSE,FALSE,"annual_f_fmsy","F/FMSY",2014,1.103025,"annual"
"Diagnostic model","Diagnostic model",25,25,"Seed 25",FALSE,FALSE,"annual_f_fmsy","F/FMSY",2015,0.992125,"annual"
"Diagnostic model","Diagnostic model",25,25,"Seed 25",FALSE,FALSE,"annual_f_fmsy","F/FMSY",2016,1.035425,"annual"
"Diagnostic model","Diagnostic model",25,25,"Seed 25",FALSE,FALSE,"annual_f_fmsy","F/FMSY",2017,0.87605,"annual"
"Diagnostic model","Diagnostic model",25,25,"Seed 25",FALSE,FALSE,"annual_f_fmsy","F/FMSY",2018,1.02135,"annual"
"Diagnostic model","Diagnostic model",25,25,"Seed 25",FALSE,FALSE,"annual_f_fmsy","F/FMSY",2019,0.9029,"annual"
"Diagnostic model","Diagnostic model",25,25,"Seed 25",FALSE,FALSE,"annual_f_fmsy","F/FMSY",2020,0.959575,"annual"
"Diagnostic model","Diagnostic model",25,25,"Seed 25",FALSE,FALSE,"annual_f_fmsy","F/FMSY",2021,0.957125,"annual"
"Diagnostic model","Diagnostic model",25,25,"Seed 25",FALSE,FALSE,"annual_f_fmsy","F/FMSY",2022,1.046775,"annual"
"Diagnostic model","Diagnostic model",25,25,"Seed 25",FALSE,FALSE,"annual_f_fmsy","F/FMSY",2023,1.131175,"annual"
"Diagnostic model","Diagnostic model",25,25,"Seed 25",FALSE,FALSE,"annual_f_fmsy","F/FMSY",2024,1.2415,"annual"
"Diagnostic model","Diagnostic model",26,26,"Seed 26",FALSE,FALSE,"annual_depletion","SB/SBF=0",1952,0.993522527939769,"annual"
"Diagnostic model","Diagnostic model",26,26,"Seed 26",FALSE,FALSE,"annual_depletion","SB/SBF=0",1953,0.973366697265696,"annual"
"Diagnostic model","Diagnostic model",26,26,"Seed 26",FALSE,FALSE,"annual_depletion","SB/SBF=0",1954,0.961135300483125,"annual"
"Diagnostic model","Diagnostic model",26,26,"Seed 26",FALSE,FALSE,"annual_depletion","SB/SBF=0",1955,0.950920688936265,"annual"
"Diagnostic model","Diagnostic model",26,26,"Seed 26",FALSE,FALSE,"annual_depletion","SB/SBF=0",1956,0.937446261106038,"annual"
"Diagnostic model","Diagnostic model",26,26,"Seed 26",FALSE,FALSE,"annual_depletion","SB/SBF=0",1957,0.924761668837551,"annual"
"Diagnostic model","Diagnostic model",26,26,"Seed 26",FALSE,FALSE,"annual_depletion","SB/SBF=0",1958,0.901997030793544,"annual"
"Diagnostic model","Diagnostic model",26,26,"Seed 26",FALSE,FALSE,"annual_depletion","SB/SBF=0",1959,0.872388346762765,"annual"
"Diagnostic model","Diagnostic model",26,26,"Seed 26",FALSE,FALSE,"annual_depletion","SB/SBF=0",1960,0.848181223737439,"annual"
"Diagnostic model","Diagnostic model",26,26,"Seed 26",FALSE,FALSE,"annual_depletion","SB/SBF=0",1961,0.837124867699189,"annual"
"Diagnostic model","Diagnostic model",26,26,"Seed 26",FALSE,FALSE,"annual_depletion","SB/SBF=0",1962,0.825915057612927,"annual"
"Diagnostic model","Diagnostic model",26,26,"Seed 26",FALSE,FALSE,"annual_depletion","SB/SBF=0",1963,0.815277550686723,"annual"
"Diagnostic model","Diagnostic model",26,26,"Seed 26",FALSE,FALSE,"annual_depletion","SB/SBF=0",1964,0.801953508817293,"annual"
"Diagnostic model","Diagnostic model",26,26,"Seed 26",FALSE,FALSE,"annual_depletion","SB/SBF=0",1965,0.805823554200883,"annual"
"Diagnostic model","Diagnostic model",26,26,"Seed 26",FALSE,FALSE,"annual_depletion","SB/SBF=0",1966,0.81009226801315,"annual"
"Diagnostic model","Diagnostic model",26,26,"Seed 26",FALSE,FALSE,"annual_depletion","SB/SBF=0",1967,0.804865613795741,"annual"
"Diagnostic model","Diagnostic model",26,26,"Seed 26",FALSE,FALSE,"annual_depletion","SB/SBF=0",1968,0.801534140550573,"annual"
"Diagnostic model","Diagnostic model",26,26,"Seed 26",FALSE,FALSE,"annual_depletion","SB/SBF=0",1969,0.805677664723896,"annual"
"Diagnostic model","Diagnostic model",26,26,"Seed 26",FALSE,FALSE,"annual_depletion","SB/SBF=0",1970,0.801452045879769,"annual"
"Diagnostic model","Diagnostic model",26,26,"Seed 26",FALSE,FALSE,"annual_depletion","SB/SBF=0",1971,0.798848748469773,"annual"
"Diagnostic model","Diagnostic model",26,26,"Seed 26",FALSE,FALSE,"annual_depletion","SB/SBF=0",1972,0.794102744655807,"annual"
"Diagnostic model","Diagnostic model",26,26,"Seed 26",FALSE,FALSE,"annual_depletion","SB/SBF=0",1973,0.774032998561407,"annual"
"Diagnostic model","Diagnostic model",26,26,"Seed 26",FALSE,FALSE,"annual_depletion","SB/SBF=0",1974,0.76148998424488,"annual"
"Diagnostic model","Diagnostic model",26,26,"Seed 26",FALSE,FALSE,"annual_depletion","SB/SBF=0",1975,0.747976140362934,"annual"
"Diagnostic model","Diagnostic model",26,26,"Seed 26",FALSE,FALSE,"annual_depletion","SB/SBF=0",1976,0.722954334792148,"annual"
"Diagnostic model","Diagnostic model",26,26,"Seed 26",FALSE,FALSE,"annual_depletion","SB/SBF=0",1977,0.703517549998693,"annual"
"Diagnostic model","Diagnostic model",26,26,"Seed 26",FALSE,FALSE,"annual_depletion","SB/SBF=0",1978,0.695706022779247,"annual"
"Diagnostic model","Diagnostic model",26,26,"Seed 26",FALSE,FALSE,"annual_depletion","SB/SBF=0",1979,0.680371620590854,"annual"
"Diagnostic model","Diagnostic model",26,26,"Seed 26",FALSE,FALSE,"annual_depletion","SB/SBF=0",1980,0.655968782905612,"annual"
"Diagnostic model","Diagnostic model",26,26,"Seed 26",FALSE,FALSE,"annual_depletion","SB/SBF=0",1981,0.634466808971637,"annual"
"Diagnostic model","Diagnostic model",26,26,"Seed 26",FALSE,FALSE,"annual_depletion","SB/SBF=0",1982,0.62376101884478,"annual"
"Diagnostic model","Diagnostic model",26,26,"Seed 26",FALSE,FALSE,"annual_depletion","SB/SBF=0",1983,0.616222295791384,"annual"
"Diagnostic model","Diagnostic model",26,26,"Seed 26",FALSE,FALSE,"annual_depletion","SB/SBF=0",1984,0.611572934949426,"annual"
"Diagnostic model","Diagnostic model",26,26,"Seed 26",FALSE,FALSE,"annual_depletion","SB/SBF=0",1985,0.590484222036538,"annual"
"Diagnostic model","Diagnostic model",26,26,"Seed 26",FALSE,FALSE,"annual_depletion","SB/SBF=0",1986,0.564137206789656,"annual"
"Diagnostic model","Diagnostic model",26,26,"Seed 26",FALSE,FALSE,"annual_depletion","SB/SBF=0",1987,0.545619783631855,"annual"
"Diagnostic model","Diagnostic model",26,26,"Seed 26",FALSE,FALSE,"annual_depletion","SB/SBF=0",1988,0.524746778839044,"annual"
"Diagnostic model","Diagnostic model",26,26,"Seed 26",FALSE,FALSE,"annual_depletion","SB/SBF=0",1989,0.50993215539907,"annual"
"Diagnostic model","Diagnostic model",26,26,"Seed 26",FALSE,FALSE,"annual_depletion","SB/SBF=0",1990,0.502315233769612,"annual"
"Diagnostic model","Diagnostic model",26,26,"Seed 26",FALSE,FALSE,"annual_depletion","SB/SBF=0",1991,0.490558974138302,"annual"
"Diagnostic model","Diagnostic model",26,26,"Seed 26",FALSE,FALSE,"annual_depletion","SB/SBF=0",1992,0.472251641813798,"annual"
"Diagnostic model","Diagnostic model",26,26,"Seed 26",FALSE,FALSE,"annual_depletion","SB/SBF=0",1993,0.443933791407987,"annual"
"Diagnostic model","Diagnostic model",26,26,"Seed 26",FALSE,FALSE,"annual_depletion","SB/SBF=0",1994,0.420391997602751,"annual"
"Diagnostic model","Diagnostic model",26,26,"Seed 26",FALSE,FALSE,"annual_depletion","SB/SBF=0",1995,0.393386214569701,"annual"
"Diagnostic model","Diagnostic model",26,26,"Seed 26",FALSE,FALSE,"annual_depletion","SB/SBF=0",1996,0.385317785559943,"annual"
"Diagnostic model","Diagnostic model",26,26,"Seed 26",FALSE,FALSE,"annual_depletion","SB/SBF=0",1997,0.401382193576076,"annual"
"Diagnostic model","Diagnostic model",26,26,"Seed 26",FALSE,FALSE,"annual_depletion","SB/SBF=0",1998,0.385899355437606,"annual"
"Diagnostic model","Diagnostic model",26,26,"Seed 26",FALSE,FALSE,"annual_depletion","SB/SBF=0",1999,0.361630916478023,"annual"
"Diagnostic model","Diagnostic model",26,26,"Seed 26",FALSE,FALSE,"annual_depletion","SB/SBF=0",2000,0.330780495028327,"annual"
"Diagnostic model","Diagnostic model",26,26,"Seed 26",FALSE,FALSE,"annual_depletion","SB/SBF=0",2001,0.308433336783293,"annual"
"Diagnostic model","Diagnostic model",26,26,"Seed 26",FALSE,FALSE,"annual_depletion","SB/SBF=0",2002,0.294850504208213,"annual"
"Diagnostic model","Diagnostic model",26,26,"Seed 26",FALSE,FALSE,"annual_depletion","SB/SBF=0",2003,0.278944553396327,"annual"
"Diagnostic model","Diagnostic model",26,26,"Seed 26",FALSE,FALSE,"annual_depletion","SB/SBF=0",2004,0.268820077421251,"annual"
"Diagnostic model","Diagnostic model",26,26,"Seed 26",FALSE,FALSE,"annual_depletion","SB/SBF=0",2005,0.246608438708556,"annual"
"Diagnostic model","Diagnostic model",26,26,"Seed 26",FALSE,FALSE,"annual_depletion","SB/SBF=0",2006,0.239661546194933,"annual"
"Diagnostic model","Diagnostic model",26,26,"Seed 26",FALSE,FALSE,"annual_depletion","SB/SBF=0",2007,0.232820883844419,"annual"
"Diagnostic model","Diagnostic model",26,26,"Seed 26",FALSE,FALSE,"annual_depletion","SB/SBF=0",2008,0.223556124939794,"annual"
"Diagnostic model","Diagnostic model",26,26,"Seed 26",FALSE,FALSE,"annual_depletion","SB/SBF=0",2009,0.211760171064284,"annual"
"Diagnostic model","Diagnostic model",26,26,"Seed 26",FALSE,FALSE,"annual_depletion","SB/SBF=0",2010,0.197888007106207,"annual"
"Diagnostic model","Diagnostic model",26,26,"Seed 26",FALSE,FALSE,"annual_depletion","SB/SBF=0",2011,0.195914226034839,"annual"
"Diagnostic model","Diagnostic model",26,26,"Seed 26",FALSE,FALSE,"annual_depletion","SB/SBF=0",2012,0.189286949646687,"annual"
"Diagnostic model","Diagnostic model",26,26,"Seed 26",FALSE,FALSE,"annual_depletion","SB/SBF=0",2013,0.181333570269437,"annual"
"Diagnostic model","Diagnostic model",26,26,"Seed 26",FALSE,FALSE,"annual_depletion","SB/SBF=0",2014,0.185471986838885,"annual"
"Diagnostic model","Diagnostic model",26,26,"Seed 26",FALSE,FALSE,"annual_depletion","SB/SBF=0",2015,0.192675473769975,"annual"
"Diagnostic model","Diagnostic model",26,26,"Seed 26",FALSE,FALSE,"annual_depletion","SB/SBF=0",2016,0.194575078312518,"annual"
"Diagnostic model","Diagnostic model",26,26,"Seed 26",FALSE,FALSE,"annual_depletion","SB/SBF=0",2017,0.192698289576787,"annual"
"Diagnostic model","Diagnostic model",26,26,"Seed 26",FALSE,FALSE,"annual_depletion","SB/SBF=0",2018,0.192522884147054,"annual"
"Diagnostic model","Diagnostic model",26,26,"Seed 26",FALSE,FALSE,"annual_depletion","SB/SBF=0",2019,0.191276773269413,"annual"
"Diagnostic model","Diagnostic model",26,26,"Seed 26",FALSE,FALSE,"annual_depletion","SB/SBF=0",2020,0.194747164373448,"annual"
"Diagnostic model","Diagnostic model",26,26,"Seed 26",FALSE,FALSE,"annual_depletion","SB/SBF=0",2021,0.201826132868096,"annual"
"Diagnostic model","Diagnostic model",26,26,"Seed 26",FALSE,FALSE,"annual_depletion","SB/SBF=0",2022,0.203904667765697,"annual"
"Diagnostic model","Diagnostic model",26,26,"Seed 26",FALSE,FALSE,"annual_depletion","SB/SBF=0",2023,0.196477608877794,"annual"
"Diagnostic model","Diagnostic model",26,26,"Seed 26",FALSE,FALSE,"annual_depletion","SB/SBF=0",2024,0.174338983821521,"annual"
"Diagnostic model","Diagnostic model",26,26,"Seed 26",FALSE,FALSE,"annual_sb_sbmsy","SB/SBMSY",1952,5.36575,"annual"
"Diagnostic model","Diagnostic model",26,26,"Seed 26",FALSE,FALSE,"annual_sb_sbmsy","SB/SBMSY",1953,5.38975,"annual"
"Diagnostic model","Diagnostic model",26,26,"Seed 26",FALSE,FALSE,"annual_sb_sbmsy","SB/SBMSY",1954,5.41925,"annual"
"Diagnostic model","Diagnostic model",26,26,"Seed 26",FALSE,FALSE,"annual_sb_sbmsy","SB/SBMSY",1955,5.43425,"annual"
"Diagnostic model","Diagnostic model",26,26,"Seed 26",FALSE,FALSE,"annual_sb_sbmsy","SB/SBMSY",1956,5.406,"annual"
"Diagnostic model","Diagnostic model",26,26,"Seed 26",FALSE,FALSE,"annual_sb_sbmsy","SB/SBMSY",1957,5.55975,"annual"
"Diagnostic model","Diagnostic model",26,26,"Seed 26",FALSE,FALSE,"annual_sb_sbmsy","SB/SBMSY",1958,5.42925,"annual"
"Diagnostic model","Diagnostic model",26,26,"Seed 26",FALSE,FALSE,"annual_sb_sbmsy","SB/SBMSY",1959,4.96825,"annual"
"Diagnostic model","Diagnostic model",26,26,"Seed 26",FALSE,FALSE,"annual_sb_sbmsy","SB/SBMSY",1960,4.4745,"annual"
"Diagnostic model","Diagnostic model",26,26,"Seed 26",FALSE,FALSE,"annual_sb_sbmsy","SB/SBMSY",1961,4.309,"annual"
"Diagnostic model","Diagnostic model",26,26,"Seed 26",FALSE,FALSE,"annual_sb_sbmsy","SB/SBMSY",1962,4.0565,"annual"
"Diagnostic model","Diagnostic model",26,26,"Seed 26",FALSE,FALSE,"annual_sb_sbmsy","SB/SBMSY",1963,3.83275,"annual"
"Diagnostic model","Diagnostic model",26,26,"Seed 26",FALSE,FALSE,"annual_sb_sbmsy","SB/SBMSY",1964,3.57625,"annual"
"Diagnostic model","Diagnostic model",26,26,"Seed 26",FALSE,FALSE,"annual_sb_sbmsy","SB/SBMSY",1965,3.4725,"annual"
"Diagnostic model","Diagnostic model",26,26,"Seed 26",FALSE,FALSE,"annual_sb_sbmsy","SB/SBMSY",1966,3.4285,"annual"
"Diagnostic model","Diagnostic model",26,26,"Seed 26",FALSE,FALSE,"annual_sb_sbmsy","SB/SBMSY",1967,3.2765,"annual"
"Diagnostic model","Diagnostic model",26,26,"Seed 26",FALSE,FALSE,"annual_sb_sbmsy","SB/SBMSY",1968,3.12025,"annual"
"Diagnostic model","Diagnostic model",26,26,"Seed 26",FALSE,FALSE,"annual_sb_sbmsy","SB/SBMSY",1969,3.1345,"annual"
"Diagnostic model","Diagnostic model",26,26,"Seed 26",FALSE,FALSE,"annual_sb_sbmsy","SB/SBMSY",1970,3.0295,"annual"
"Diagnostic model","Diagnostic model",26,26,"Seed 26",FALSE,FALSE,"annual_sb_sbmsy","SB/SBMSY",1971,2.94725,"annual"
"Diagnostic model","Diagnostic model",26,26,"Seed 26",FALSE,FALSE,"annual_sb_sbmsy","SB/SBMSY",1972,2.9365,"annual"
"Diagnostic model","Diagnostic model",26,26,"Seed 26",FALSE,FALSE,"annual_sb_sbmsy","SB/SBMSY",1973,2.75575,"annual"
"Diagnostic model","Diagnostic model",26,26,"Seed 26",FALSE,FALSE,"annual_sb_sbmsy","SB/SBMSY",1974,2.60075,"annual"
"Diagnostic model","Diagnostic model",26,26,"Seed 26",FALSE,FALSE,"annual_sb_sbmsy","SB/SBMSY",1975,2.51,"annual"
"Diagnostic model","Diagnostic model",26,26,"Seed 26",FALSE,FALSE,"annual_sb_sbmsy","SB/SBMSY",1976,2.36825,"annual"
"Diagnostic model","Diagnostic model",26,26,"Seed 26",FALSE,FALSE,"annual_sb_sbmsy","SB/SBMSY",1977,2.32775,"annual"
"Diagnostic model","Diagnostic model",26,26,"Seed 26",FALSE,FALSE,"annual_sb_sbmsy","SB/SBMSY",1978,2.397,"annual"
"Diagnostic model","Diagnostic model",26,26,"Seed 26",FALSE,FALSE,"annual_sb_sbmsy","SB/SBMSY",1979,2.357,"annual"
"Diagnostic model","Diagnostic model",26,26,"Seed 26",FALSE,FALSE,"annual_sb_sbmsy","SB/SBMSY",1980,2.2685,"annual"
"Diagnostic model","Diagnostic model",26,26,"Seed 26",FALSE,FALSE,"annual_sb_sbmsy","SB/SBMSY",1981,2.08775,"annual"
"Diagnostic model","Diagnostic model",26,26,"Seed 26",FALSE,FALSE,"annual_sb_sbmsy","SB/SBMSY",1982,1.9935,"annual"
"Diagnostic model","Diagnostic model",26,26,"Seed 26",FALSE,FALSE,"annual_sb_sbmsy","SB/SBMSY",1983,2.00325,"annual"
"Diagnostic model","Diagnostic model",26,26,"Seed 26",FALSE,FALSE,"annual_sb_sbmsy","SB/SBMSY",1984,2.133,"annual"
"Diagnostic model","Diagnostic model",26,26,"Seed 26",FALSE,FALSE,"annual_sb_sbmsy","SB/SBMSY",1985,2.2,"annual"
"Diagnostic model","Diagnostic model",26,26,"Seed 26",FALSE,FALSE,"annual_sb_sbmsy","SB/SBMSY",1986,2.14725,"annual"
"Diagnostic model","Diagnostic model",26,26,"Seed 26",FALSE,FALSE,"annual_sb_sbmsy","SB/SBMSY",1987,2.13775,"annual"
"Diagnostic model","Diagnostic model",26,26,"Seed 26",FALSE,FALSE,"annual_sb_sbmsy","SB/SBMSY",1988,2.14775,"annual"
"Diagnostic model","Diagnostic model",26,26,"Seed 26",FALSE,FALSE,"annual_sb_sbmsy","SB/SBMSY",1989,2.132,"annual"
"Diagnostic model","Diagnostic model",26,26,"Seed 26",FALSE,FALSE,"annual_sb_sbmsy","SB/SBMSY",1990,2.2455,"annual"
"Diagnostic model","Diagnostic model",26,26,"Seed 26",FALSE,FALSE,"annual_sb_sbmsy","SB/SBMSY",1991,2.3005,"annual"
"Diagnostic model","Diagnostic model",26,26,"Seed 26",FALSE,FALSE,"annual_sb_sbmsy","SB/SBMSY",1992,2.26225,"annual"
"Diagnostic model","Diagnostic model",26,26,"Seed 26",FALSE,FALSE,"annual_sb_sbmsy","SB/SBMSY",1993,2.124,"annual"
"Diagnostic model","Diagnostic model",26,26,"Seed 26",FALSE,FALSE,"annual_sb_sbmsy","SB/SBMSY",1994,2.049,"annual"
"Diagnostic model","Diagnostic model",26,26,"Seed 26",FALSE,FALSE,"annual_sb_sbmsy","SB/SBMSY",1995,1.94325,"annual"
"Diagnostic model","Diagnostic model",26,26,"Seed 26",FALSE,FALSE,"annual_sb_sbmsy","SB/SBMSY",1996,1.888,"annual"
"Diagnostic model","Diagnostic model",26,26,"Seed 26",FALSE,FALSE,"annual_sb_sbmsy","SB/SBMSY",1997,2.01275,"annual"
"Diagnostic model","Diagnostic model",26,26,"Seed 26",FALSE,FALSE,"annual_sb_sbmsy","SB/SBMSY",1998,1.981,"annual"
"Diagnostic model","Diagnostic model",26,26,"Seed 26",FALSE,FALSE,"annual_sb_sbmsy","SB/SBMSY",1999,1.885,"annual"
"Diagnostic model","Diagnostic model",26,26,"Seed 26",FALSE,FALSE,"annual_sb_sbmsy","SB/SBMSY",2000,1.7385,"annual"
"Diagnostic model","Diagnostic model",26,26,"Seed 26",FALSE,FALSE,"annual_sb_sbmsy","SB/SBMSY",2001,1.63225,"annual"
"Diagnostic model","Diagnostic model",26,26,"Seed 26",FALSE,FALSE,"annual_sb_sbmsy","SB/SBMSY",2002,1.60375,"annual"
"Diagnostic model","Diagnostic model",26,26,"Seed 26",FALSE,FALSE,"annual_sb_sbmsy","SB/SBMSY",2003,1.5785,"annual"
"Diagnostic model","Diagnostic model",26,26,"Seed 26",FALSE,FALSE,"annual_sb_sbmsy","SB/SBMSY",2004,1.54675,"annual"
"Diagnostic model","Diagnostic model",26,26,"Seed 26",FALSE,FALSE,"annual_sb_sbmsy","SB/SBMSY",2005,1.4175,"annual"
"Diagnostic model","Diagnostic model",26,26,"Seed 26",FALSE,FALSE,"annual_sb_sbmsy","SB/SBMSY",2006,1.3835,"annual"
"Diagnostic model","Diagnostic model",26,26,"Seed 26",FALSE,FALSE,"annual_sb_sbmsy","SB/SBMSY",2007,1.367,"annual"
"Diagnostic model","Diagnostic model",26,26,"Seed 26",FALSE,FALSE,"annual_sb_sbmsy","SB/SBMSY",2008,1.31125,"annual"
"Diagnostic model","Diagnostic model",26,26,"Seed 26",FALSE,FALSE,"annual_sb_sbmsy","SB/SBMSY",2009,1.22475,"annual"
"Diagnostic model","Diagnostic model",26,26,"Seed 26",FALSE,FALSE,"annual_sb_sbmsy","SB/SBMSY",2010,1.13875,"annual"
"Diagnostic model","Diagnostic model",26,26,"Seed 26",FALSE,FALSE,"annual_sb_sbmsy","SB/SBMSY",2011,1.13825,"annual"
"Diagnostic model","Diagnostic model",26,26,"Seed 26",FALSE,FALSE,"annual_sb_sbmsy","SB/SBMSY",2012,1.10425,"annual"
"Diagnostic model","Diagnostic model",26,26,"Seed 26",FALSE,FALSE,"annual_sb_sbmsy","SB/SBMSY",2013,1.0395,"annual"
"Diagnostic model","Diagnostic model",26,26,"Seed 26",FALSE,FALSE,"annual_sb_sbmsy","SB/SBMSY",2014,1.07025,"annual"
"Diagnostic model","Diagnostic model",26,26,"Seed 26",FALSE,FALSE,"annual_sb_sbmsy","SB/SBMSY",2015,1.15675,"annual"
"Diagnostic model","Diagnostic model",26,26,"Seed 26",FALSE,FALSE,"annual_sb_sbmsy","SB/SBMSY",2016,1.195,"annual"
"Diagnostic model","Diagnostic model",26,26,"Seed 26",FALSE,FALSE,"annual_sb_sbmsy","SB/SBMSY",2017,1.16975,"annual"
"Diagnostic model","Diagnostic model",26,26,"Seed 26",FALSE,FALSE,"annual_sb_sbmsy","SB/SBMSY",2018,1.15525,"annual"
"Diagnostic model","Diagnostic model",26,26,"Seed 26",FALSE,FALSE,"annual_sb_sbmsy","SB/SBMSY",2019,1.14325,"annual"
"Diagnostic model","Diagnostic model",26,26,"Seed 26",FALSE,FALSE,"annual_sb_sbmsy","SB/SBMSY",2020,1.1585,"annual"
"Diagnostic model","Diagnostic model",26,26,"Seed 26",FALSE,FALSE,"annual_sb_sbmsy","SB/SBMSY",2021,1.18275,"annual"
"Diagnostic model","Diagnostic model",26,26,"Seed 26",FALSE,FALSE,"annual_sb_sbmsy","SB/SBMSY",2022,1.17525,"annual"
"Diagnostic model","Diagnostic model",26,26,"Seed 26",FALSE,FALSE,"annual_sb_sbmsy","SB/SBMSY",2023,1.10425,"annual"
"Diagnostic model","Diagnostic model",26,26,"Seed 26",FALSE,FALSE,"annual_sb_sbmsy","SB/SBMSY",2024,0.957975,"annual"
"Diagnostic model","Diagnostic model",26,26,"Seed 26",FALSE,FALSE,"annual_f_fmsy","F/FMSY",1952,0.0721075,"annual"
"Diagnostic model","Diagnostic model",26,26,"Seed 26",FALSE,FALSE,"annual_f_fmsy","F/FMSY",1953,0.0671325,"annual"
"Diagnostic model","Diagnostic model",26,26,"Seed 26",FALSE,FALSE,"annual_f_fmsy","F/FMSY",1954,0.045775,"annual"
"Diagnostic model","Diagnostic model",26,26,"Seed 26",FALSE,FALSE,"annual_f_fmsy","F/FMSY",1955,0.0734775,"annual"
"Diagnostic model","Diagnostic model",26,26,"Seed 26",FALSE,FALSE,"annual_f_fmsy","F/FMSY",1956,0.08145,"annual"
"Diagnostic model","Diagnostic model",26,26,"Seed 26",FALSE,FALSE,"annual_f_fmsy","F/FMSY",1957,0.110505,"annual"
"Diagnostic model","Diagnostic model",26,26,"Seed 26",FALSE,FALSE,"annual_f_fmsy","F/FMSY",1958,0.1638525,"annual"
"Diagnostic model","Diagnostic model",26,26,"Seed 26",FALSE,FALSE,"annual_f_fmsy","F/FMSY",1959,0.15188,"annual"
"Diagnostic model","Diagnostic model",26,26,"Seed 26",FALSE,FALSE,"annual_f_fmsy","F/FMSY",1960,0.1524275,"annual"
"Diagnostic model","Diagnostic model",26,26,"Seed 26",FALSE,FALSE,"annual_f_fmsy","F/FMSY",1961,0.150975,"annual"
"Diagnostic model","Diagnostic model",26,26,"Seed 26",FALSE,FALSE,"annual_f_fmsy","F/FMSY",1962,0.145875,"annual"
"Diagnostic model","Diagnostic model",26,26,"Seed 26",FALSE,FALSE,"annual_f_fmsy","F/FMSY",1963,0.188225,"annual"
"Diagnostic model","Diagnostic model",26,26,"Seed 26",FALSE,FALSE,"annual_f_fmsy","F/FMSY",1964,0.1404325,"annual"
"Diagnostic model","Diagnostic model",26,26,"Seed 26",FALSE,FALSE,"annual_f_fmsy","F/FMSY",1965,0.13175,"annual"
"Diagnostic model","Diagnostic model",26,26,"Seed 26",FALSE,FALSE,"annual_f_fmsy","F/FMSY",1966,0.1494,"annual"
"Diagnostic model","Diagnostic model",26,26,"Seed 26",FALSE,FALSE,"annual_f_fmsy","F/FMSY",1967,0.1621,"annual"
"Diagnostic model","Diagnostic model",26,26,"Seed 26",FALSE,FALSE,"annual_f_fmsy","F/FMSY",1968,0.1327,"annual"
"Diagnostic model","Diagnostic model",26,26,"Seed 26",FALSE,FALSE,"annual_f_fmsy","F/FMSY",1969,0.166325,"annual"
"Diagnostic model","Diagnostic model",26,26,"Seed 26",FALSE,FALSE,"annual_f_fmsy","F/FMSY",1970,0.158225,"annual"
"Diagnostic model","Diagnostic model",26,26,"Seed 26",FALSE,FALSE,"annual_f_fmsy","F/FMSY",1971,0.161825,"annual"
"Diagnostic model","Diagnostic model",26,26,"Seed 26",FALSE,FALSE,"annual_f_fmsy","F/FMSY",1972,0.22545,"annual"
"Diagnostic model","Diagnostic model",26,26,"Seed 26",FALSE,FALSE,"annual_f_fmsy","F/FMSY",1973,0.190775,"annual"
"Diagnostic model","Diagnostic model",26,26,"Seed 26",FALSE,FALSE,"annual_f_fmsy","F/FMSY",1974,0.2143,"annual"
"Diagnostic model","Diagnostic model",26,26,"Seed 26",FALSE,FALSE,"annual_f_fmsy","F/FMSY",1975,0.27385,"annual"
"Diagnostic model","Diagnostic model",26,26,"Seed 26",FALSE,FALSE,"annual_f_fmsy","F/FMSY",1976,0.2892,"annual"
"Diagnostic model","Diagnostic model",26,26,"Seed 26",FALSE,FALSE,"annual_f_fmsy","F/FMSY",1977,0.322025,"annual"
"Diagnostic model","Diagnostic model",26,26,"Seed 26",FALSE,FALSE,"annual_f_fmsy","F/FMSY",1978,0.268,"annual"
"Diagnostic model","Diagnostic model",26,26,"Seed 26",FALSE,FALSE,"annual_f_fmsy","F/FMSY",1979,0.34615,"annual"
"Diagnostic model","Diagnostic model",26,26,"Seed 26",FALSE,FALSE,"annual_f_fmsy","F/FMSY",1980,0.35045,"annual"
"Diagnostic model","Diagnostic model",26,26,"Seed 26",FALSE,FALSE,"annual_f_fmsy","F/FMSY",1981,0.331175,"annual"
"Diagnostic model","Diagnostic model",26,26,"Seed 26",FALSE,FALSE,"annual_f_fmsy","F/FMSY",1982,0.383425,"annual"
"Diagnostic model","Diagnostic model",26,26,"Seed 26",FALSE,FALSE,"annual_f_fmsy","F/FMSY",1983,0.3787,"annual"
"Diagnostic model","Diagnostic model",26,26,"Seed 26",FALSE,FALSE,"annual_f_fmsy","F/FMSY",1984,0.411475,"annual"
"Diagnostic model","Diagnostic model",26,26,"Seed 26",FALSE,FALSE,"annual_f_fmsy","F/FMSY",1985,0.430075,"annual"
"Diagnostic model","Diagnostic model",26,26,"Seed 26",FALSE,FALSE,"annual_f_fmsy","F/FMSY",1986,0.39635,"annual"
"Diagnostic model","Diagnostic model",26,26,"Seed 26",FALSE,FALSE,"annual_f_fmsy","F/FMSY",1987,0.50795,"annual"
"Diagnostic model","Diagnostic model",26,26,"Seed 26",FALSE,FALSE,"annual_f_fmsy","F/FMSY",1988,0.440125,"annual"
"Diagnostic model","Diagnostic model",26,26,"Seed 26",FALSE,FALSE,"annual_f_fmsy","F/FMSY",1989,0.43385,"annual"
"Diagnostic model","Diagnostic model",26,26,"Seed 26",FALSE,FALSE,"annual_f_fmsy","F/FMSY",1990,0.5337,"annual"
"Diagnostic model","Diagnostic model",26,26,"Seed 26",FALSE,FALSE,"annual_f_fmsy","F/FMSY",1991,0.4945,"annual"
"Diagnostic model","Diagnostic model",26,26,"Seed 26",FALSE,FALSE,"annual_f_fmsy","F/FMSY",1992,0.6221,"annual"
"Diagnostic model","Diagnostic model",26,26,"Seed 26",FALSE,FALSE,"annual_f_fmsy","F/FMSY",1993,0.55495,"annual"
"Diagnostic model","Diagnostic model",26,26,"Seed 26",FALSE,FALSE,"annual_f_fmsy","F/FMSY",1994,0.64405,"annual"
"Diagnostic model","Diagnostic model",26,26,"Seed 26",FALSE,FALSE,"annual_f_fmsy","F/FMSY",1995,0.57055,"annual"
"Diagnostic model","Diagnostic model",26,26,"Seed 26",FALSE,FALSE,"annual_f_fmsy","F/FMSY",1996,0.531575,"annual"
"Diagnostic model","Diagnostic model",26,26,"Seed 26",FALSE,FALSE,"annual_f_fmsy","F/FMSY",1997,0.671175,"annual"
"Diagnostic model","Diagnostic model",26,26,"Seed 26",FALSE,FALSE,"annual_f_fmsy","F/FMSY",1998,0.798375,"annual"
"Diagnostic model","Diagnostic model",26,26,"Seed 26",FALSE,FALSE,"annual_f_fmsy","F/FMSY",1999,0.87345,"annual"
"Diagnostic model","Diagnostic model",26,26,"Seed 26",FALSE,FALSE,"annual_f_fmsy","F/FMSY",2000,0.8506,"annual"
"Diagnostic model","Diagnostic model",26,26,"Seed 26",FALSE,FALSE,"annual_f_fmsy","F/FMSY",2001,0.728425,"annual"
"Diagnostic model","Diagnostic model",26,26,"Seed 26",FALSE,FALSE,"annual_f_fmsy","F/FMSY",2002,0.9106,"annual"
"Diagnostic model","Diagnostic model",26,26,"Seed 26",FALSE,FALSE,"annual_f_fmsy","F/FMSY",2003,0.8286,"annual"
"Diagnostic model","Diagnostic model",26,26,"Seed 26",FALSE,FALSE,"annual_f_fmsy","F/FMSY",2004,1.1575,"annual"
"Diagnostic model","Diagnostic model",26,26,"Seed 26",FALSE,FALSE,"annual_f_fmsy","F/FMSY",2005,0.9356,"annual"
"Diagnostic model","Diagnostic model",26,26,"Seed 26",FALSE,FALSE,"annual_f_fmsy","F/FMSY",2006,1.0074,"annual"
"Diagnostic model","Diagnostic model",26,26,"Seed 26",FALSE,FALSE,"annual_f_fmsy","F/FMSY",2007,1.02795,"annual"
"Diagnostic model","Diagnostic model",26,26,"Seed 26",FALSE,FALSE,"annual_f_fmsy","F/FMSY",2008,1.1025,"annual"
"Diagnostic model","Diagnostic model",26,26,"Seed 26",FALSE,FALSE,"annual_f_fmsy","F/FMSY",2009,1.12285,"annual"
"Diagnostic model","Diagnostic model",26,26,"Seed 26",FALSE,FALSE,"annual_f_fmsy","F/FMSY",2010,0.933025,"annual"
"Diagnostic model","Diagnostic model",26,26,"Seed 26",FALSE,FALSE,"annual_f_fmsy","F/FMSY",2011,1.160625,"annual"
"Diagnostic model","Diagnostic model",26,26,"Seed 26",FALSE,FALSE,"annual_f_fmsy","F/FMSY",2012,1.1839,"annual"
"Diagnostic model","Diagnostic model",26,26,"Seed 26",FALSE,FALSE,"annual_f_fmsy","F/FMSY",2013,1.0704,"annual"
"Diagnostic model","Diagnostic model",26,26,"Seed 26",FALSE,FALSE,"annual_f_fmsy","F/FMSY",2014,1.149425,"annual"
"Diagnostic model","Diagnostic model",26,26,"Seed 26",FALSE,FALSE,"annual_f_fmsy","F/FMSY",2015,1.039,"annual"
"Diagnostic model","Diagnostic model",26,26,"Seed 26",FALSE,FALSE,"annual_f_fmsy","F/FMSY",2016,1.0843,"annual"
"Diagnostic model","Diagnostic model",26,26,"Seed 26",FALSE,FALSE,"annual_f_fmsy","F/FMSY",2017,0.9164,"annual"
"Diagnostic model","Diagnostic model",26,26,"Seed 26",FALSE,FALSE,"annual_f_fmsy","F/FMSY",2018,1.06475,"annual"
"Diagnostic model","Diagnostic model",26,26,"Seed 26",FALSE,FALSE,"annual_f_fmsy","F/FMSY",2019,0.942475,"annual"
"Diagnostic model","Diagnostic model",26,26,"Seed 26",FALSE,FALSE,"annual_f_fmsy","F/FMSY",2020,0.9998,"annual"
"Diagnostic model","Diagnostic model",26,26,"Seed 26",FALSE,FALSE,"annual_f_fmsy","F/FMSY",2021,0.9954,"annual"
"Diagnostic model","Diagnostic model",26,26,"Seed 26",FALSE,FALSE,"annual_f_fmsy","F/FMSY",2022,1.08845,"annual"
"Diagnostic model","Diagnostic model",26,26,"Seed 26",FALSE,FALSE,"annual_f_fmsy","F/FMSY",2023,1.189925,"annual"
"Diagnostic model","Diagnostic model",26,26,"Seed 26",FALSE,FALSE,"annual_f_fmsy","F/FMSY",2024,1.339,"annual"
"Diagnostic model","Diagnostic model",28,28,"Seed 28",FALSE,FALSE,"annual_depletion","SB/SBF=0",1952,0.992875926368635,"annual"
"Diagnostic model","Diagnostic model",28,28,"Seed 28",FALSE,FALSE,"annual_depletion","SB/SBF=0",1953,0.970813326590291,"annual"
"Diagnostic model","Diagnostic model",28,28,"Seed 28",FALSE,FALSE,"annual_depletion","SB/SBF=0",1954,0.957567003808888,"annual"
"Diagnostic model","Diagnostic model",28,28,"Seed 28",FALSE,FALSE,"annual_depletion","SB/SBF=0",1955,0.94659837213294,"annual"
"Diagnostic model","Diagnostic model",28,28,"Seed 28",FALSE,FALSE,"annual_depletion","SB/SBF=0",1956,0.93228677952798,"annual"
"Diagnostic model","Diagnostic model",28,28,"Seed 28",FALSE,FALSE,"annual_depletion","SB/SBF=0",1957,0.919030963664548,"annual"
"Diagnostic model","Diagnostic model",28,28,"Seed 28",FALSE,FALSE,"annual_depletion","SB/SBF=0",1958,0.895090183250737,"annual"
"Diagnostic model","Diagnostic model",28,28,"Seed 28",FALSE,FALSE,"annual_depletion","SB/SBF=0",1959,0.864149353593705,"annual"
"Diagnostic model","Diagnostic model",28,28,"Seed 28",FALSE,FALSE,"annual_depletion","SB/SBF=0",1960,0.839230090532454,"annual"
"Diagnostic model","Diagnostic model",28,28,"Seed 28",FALSE,FALSE,"annual_depletion","SB/SBF=0",1961,0.827544785596379,"annual"
"Diagnostic model","Diagnostic model",28,28,"Seed 28",FALSE,FALSE,"annual_depletion","SB/SBF=0",1962,0.815294876099104,"annual"
"Diagnostic model","Diagnostic model",28,28,"Seed 28",FALSE,FALSE,"annual_depletion","SB/SBF=0",1963,0.804022814162681,"annual"
"Diagnostic model","Diagnostic model",28,28,"Seed 28",FALSE,FALSE,"annual_depletion","SB/SBF=0",1964,0.790111287109866,"annual"
"Diagnostic model","Diagnostic model",28,28,"Seed 28",FALSE,FALSE,"annual_depletion","SB/SBF=0",1965,0.794731008292138,"annual"
"Diagnostic model","Diagnostic model",28,28,"Seed 28",FALSE,FALSE,"annual_depletion","SB/SBF=0",1966,0.799896537076983,"annual"
"Diagnostic model","Diagnostic model",28,28,"Seed 28",FALSE,FALSE,"annual_depletion","SB/SBF=0",1967,0.795043212077253,"annual"
"Diagnostic model","Diagnostic model",28,28,"Seed 28",FALSE,FALSE,"annual_depletion","SB/SBF=0",1968,0.791811341850577,"annual"
"Diagnostic model","Diagnostic model",28,28,"Seed 28",FALSE,FALSE,"annual_depletion","SB/SBF=0",1969,0.79595624571609,"annual"
"Diagnostic model","Diagnostic model",28,28,"Seed 28",FALSE,FALSE,"annual_depletion","SB/SBF=0",1970,0.791506668427308,"annual"
"Diagnostic model","Diagnostic model",28,28,"Seed 28",FALSE,FALSE,"annual_depletion","SB/SBF=0",1971,0.788477938926958,"annual"
"Diagnostic model","Diagnostic model",28,28,"Seed 28",FALSE,FALSE,"annual_depletion","SB/SBF=0",1972,0.78388494185748,"annual"
"Diagnostic model","Diagnostic model",28,28,"Seed 28",FALSE,FALSE,"annual_depletion","SB/SBF=0",1973,0.763422757691457,"annual"
"Diagnostic model","Diagnostic model",28,28,"Seed 28",FALSE,FALSE,"annual_depletion","SB/SBF=0",1974,0.750687845778196,"annual"
"Diagnostic model","Diagnostic model",28,28,"Seed 28",FALSE,FALSE,"annual_depletion","SB/SBF=0",1975,0.736653959534493,"annual"
"Diagnostic model","Diagnostic model",28,28,"Seed 28",FALSE,FALSE,"annual_depletion","SB/SBF=0",1976,0.71040264286472,"annual"
"Diagnostic model","Diagnostic model",28,28,"Seed 28",FALSE,FALSE,"annual_depletion","SB/SBF=0",1977,0.690062834605522,"annual"
"Diagnostic model","Diagnostic model",28,28,"Seed 28",FALSE,FALSE,"annual_depletion","SB/SBF=0",1978,0.68162258146346,"annual"
"Diagnostic model","Diagnostic model",28,28,"Seed 28",FALSE,FALSE,"annual_depletion","SB/SBF=0",1979,0.66460230373711,"annual"
"Diagnostic model","Diagnostic model",28,28,"Seed 28",FALSE,FALSE,"annual_depletion","SB/SBF=0",1980,0.638338338338338,"annual"
"Diagnostic model","Diagnostic model",28,28,"Seed 28",FALSE,FALSE,"annual_depletion","SB/SBF=0",1981,0.615367555020842,"annual"
"Diagnostic model","Diagnostic model",28,28,"Seed 28",FALSE,FALSE,"annual_depletion","SB/SBF=0",1982,0.60357445982217,"annual"
"Diagnostic model","Diagnostic model",28,28,"Seed 28",FALSE,FALSE,"annual_depletion","SB/SBF=0",1983,0.595717827499654,"annual"
"Diagnostic model","Diagnostic model",28,28,"Seed 28",FALSE,FALSE,"annual_depletion","SB/SBF=0",1984,0.591561037441498,"annual"
"Diagnostic model","Diagnostic model",28,28,"Seed 28",FALSE,FALSE,"annual_depletion","SB/SBF=0",1985,0.570859478733884,"annual"
"Diagnostic model","Diagnostic model",28,28,"Seed 28",FALSE,FALSE,"annual_depletion","SB/SBF=0",1986,0.545104383369748,"annual"
"Diagnostic model","Diagnostic model",28,28,"Seed 28",FALSE,FALSE,"annual_depletion","SB/SBF=0",1987,0.528259802681508,"annual"
"Diagnostic model","Diagnostic model",28,28,"Seed 28",FALSE,FALSE,"annual_depletion","SB/SBF=0",1988,0.50800733953814,"annual"
"Diagnostic model","Diagnostic model",28,28,"Seed 28",FALSE,FALSE,"annual_depletion","SB/SBF=0",1989,0.493811307420495,"annual"
"Diagnostic model","Diagnostic model",28,28,"Seed 28",FALSE,FALSE,"annual_depletion","SB/SBF=0",1990,0.48771634509735,"annual"
"Diagnostic model","Diagnostic model",28,28,"Seed 28",FALSE,FALSE,"annual_depletion","SB/SBF=0",1991,0.477261907996063,"annual"
"Diagnostic model","Diagnostic model",28,28,"Seed 28",FALSE,FALSE,"annual_depletion","SB/SBF=0",1992,0.45962676878608,"annual"
"Diagnostic model","Diagnostic model",28,28,"Seed 28",FALSE,FALSE,"annual_depletion","SB/SBF=0",1993,0.431161519908913,"annual"
"Diagnostic model","Diagnostic model",28,28,"Seed 28",FALSE,FALSE,"annual_depletion","SB/SBF=0",1994,0.407734242317429,"annual"
"Diagnostic model","Diagnostic model",28,28,"Seed 28",FALSE,FALSE,"annual_depletion","SB/SBF=0",1995,0.381282541969369,"annual"
"Diagnostic model","Diagnostic model",28,28,"Seed 28",FALSE,FALSE,"annual_depletion","SB/SBF=0",1996,0.373597676020485,"annual"
"Diagnostic model","Diagnostic model",28,28,"Seed 28",FALSE,FALSE,"annual_depletion","SB/SBF=0",1997,0.388845656007915,"annual"
"Diagnostic model","Diagnostic model",28,28,"Seed 28",FALSE,FALSE,"annual_depletion","SB/SBF=0",1998,0.373209748430072,"annual"
"Diagnostic model","Diagnostic model",28,28,"Seed 28",FALSE,FALSE,"annual_depletion","SB/SBF=0",1999,0.348702552125834,"annual"
"Diagnostic model","Diagnostic model",28,28,"Seed 28",FALSE,FALSE,"annual_depletion","SB/SBF=0",2000,0.317741797676008,"annual"
"Diagnostic model","Diagnostic model",28,28,"Seed 28",FALSE,FALSE,"annual_depletion","SB/SBF=0",2001,0.294980734860404,"annual"
"Diagnostic model","Diagnostic model",28,28,"Seed 28",FALSE,FALSE,"annual_depletion","SB/SBF=0",2002,0.281323200025823,"annual"
"Diagnostic model","Diagnostic model",28,28,"Seed 28",FALSE,FALSE,"annual_depletion","SB/SBF=0",2003,0.265880368652491,"annual"
"Diagnostic model","Diagnostic model",28,28,"Seed 28",FALSE,FALSE,"annual_depletion","SB/SBF=0",2004,0.256484071438109,"annual"
"Diagnostic model","Diagnostic model",28,28,"Seed 28",FALSE,FALSE,"annual_depletion","SB/SBF=0",2005,0.234104056014037,"annual"
"Diagnostic model","Diagnostic model",28,28,"Seed 28",FALSE,FALSE,"annual_depletion","SB/SBF=0",2006,0.22802552161267,"annual"
"Diagnostic model","Diagnostic model",28,28,"Seed 28",FALSE,FALSE,"annual_depletion","SB/SBF=0",2007,0.222117008473779,"annual"
"Diagnostic model","Diagnostic model",28,28,"Seed 28",FALSE,FALSE,"annual_depletion","SB/SBF=0",2008,0.212984205657867,"annual"
"Diagnostic model","Diagnostic model",28,28,"Seed 28",FALSE,FALSE,"annual_depletion","SB/SBF=0",2009,0.201174970763756,"annual"
"Diagnostic model","Diagnostic model",28,28,"Seed 28",FALSE,FALSE,"annual_depletion","SB/SBF=0",2010,0.187399237742657,"annual"
"Diagnostic model","Diagnostic model",28,28,"Seed 28",FALSE,FALSE,"annual_depletion","SB/SBF=0",2011,0.185967105000731,"annual"
"Diagnostic model","Diagnostic model",28,28,"Seed 28",FALSE,FALSE,"annual_depletion","SB/SBF=0",2012,0.180119357028159,"annual"
"Diagnostic model","Diagnostic model",28,28,"Seed 28",FALSE,FALSE,"annual_depletion","SB/SBF=0",2013,0.172388457015389,"annual"
"Diagnostic model","Diagnostic model",28,28,"Seed 28",FALSE,FALSE,"annual_depletion","SB/SBF=0",2014,0.176065099796375,"annual"
"Diagnostic model","Diagnostic model",28,28,"Seed 28",FALSE,FALSE,"annual_depletion","SB/SBF=0",2015,0.18229650352804,"annual"
"Diagnostic model","Diagnostic model",28,28,"Seed 28",FALSE,FALSE,"annual_depletion","SB/SBF=0",2016,0.183573713522786,"annual"
"Diagnostic model","Diagnostic model",28,28,"Seed 28",FALSE,FALSE,"annual_depletion","SB/SBF=0",2017,0.181365003573936,"annual"
"Diagnostic model","Diagnostic model",28,28,"Seed 28",FALSE,FALSE,"annual_depletion","SB/SBF=0",2018,0.181601071999042,"annual"
"Diagnostic model","Diagnostic model",28,28,"Seed 28",FALSE,FALSE,"annual_depletion","SB/SBF=0",2019,0.180846035012939,"annual"
"Diagnostic model","Diagnostic model",28,28,"Seed 28",FALSE,FALSE,"annual_depletion","SB/SBF=0",2020,0.184455654143609,"annual"
"Diagnostic model","Diagnostic model",28,28,"Seed 28",FALSE,FALSE,"annual_depletion","SB/SBF=0",2021,0.191426758703859,"annual"
"Diagnostic model","Diagnostic model",28,28,"Seed 28",FALSE,FALSE,"annual_depletion","SB/SBF=0",2022,0.194220179479168,"annual"
"Diagnostic model","Diagnostic model",28,28,"Seed 28",FALSE,FALSE,"annual_depletion","SB/SBF=0",2023,0.187761234615921,"annual"
"Diagnostic model","Diagnostic model",28,28,"Seed 28",FALSE,FALSE,"annual_depletion","SB/SBF=0",2024,0.165689624832829,"annual"
"Diagnostic model","Diagnostic model",28,28,"Seed 28",FALSE,FALSE,"annual_sb_sbmsy","SB/SBMSY",1952,5.056,"annual"
"Diagnostic model","Diagnostic model",28,28,"Seed 28",FALSE,FALSE,"annual_sb_sbmsy","SB/SBMSY",1953,5.0665,"annual"
"Diagnostic model","Diagnostic model",28,28,"Seed 28",FALSE,FALSE,"annual_sb_sbmsy","SB/SBMSY",1954,5.088,"annual"
"Diagnostic model","Diagnostic model",28,28,"Seed 28",FALSE,FALSE,"annual_sb_sbmsy","SB/SBMSY",1955,5.103,"annual"
"Diagnostic model","Diagnostic model",28,28,"Seed 28",FALSE,FALSE,"annual_sb_sbmsy","SB/SBMSY",1956,5.08975,"annual"
"Diagnostic model","Diagnostic model",28,28,"Seed 28",FALSE,FALSE,"annual_sb_sbmsy","SB/SBMSY",1957,5.2485,"annual"
"Diagnostic model","Diagnostic model",28,28,"Seed 28",FALSE,FALSE,"annual_sb_sbmsy","SB/SBMSY",1958,5.13825,"annual"
"Diagnostic model","Diagnostic model",28,28,"Seed 28",FALSE,FALSE,"annual_sb_sbmsy","SB/SBMSY",1959,4.7145,"annual"
"Diagnostic model","Diagnostic model",28,28,"Seed 28",FALSE,FALSE,"annual_sb_sbmsy","SB/SBMSY",1960,4.26125,"annual"
"Diagnostic model","Diagnostic model",28,28,"Seed 28",FALSE,FALSE,"annual_sb_sbmsy","SB/SBMSY",1961,4.10625,"annual"
"Diagnostic model","Diagnostic model",28,28,"Seed 28",FALSE,FALSE,"annual_sb_sbmsy","SB/SBMSY",1962,3.855,"annual"
"Diagnostic model","Diagnostic model",28,28,"Seed 28",FALSE,FALSE,"annual_sb_sbmsy","SB/SBMSY",1963,3.6395,"annual"
"Diagnostic model","Diagnostic model",28,28,"Seed 28",FALSE,FALSE,"annual_sb_sbmsy","SB/SBMSY",1964,3.39575,"annual"
"Diagnostic model","Diagnostic model",28,28,"Seed 28",FALSE,FALSE,"annual_sb_sbmsy","SB/SBMSY",1965,3.30975,"annual"
"Diagnostic model","Diagnostic model",28,28,"Seed 28",FALSE,FALSE,"annual_sb_sbmsy","SB/SBMSY",1966,3.283,"annual"
"Diagnostic model","Diagnostic model",28,28,"Seed 28",FALSE,FALSE,"annual_sb_sbmsy","SB/SBMSY",1967,3.14925,"annual"
"Diagnostic model","Diagnostic model",28,28,"Seed 28",FALSE,FALSE,"annual_sb_sbmsy","SB/SBMSY",1968,3.007,"annual"
"Diagnostic model","Diagnostic model",28,28,"Seed 28",FALSE,FALSE,"annual_sb_sbmsy","SB/SBMSY",1969,3.0195,"annual"
"Diagnostic model","Diagnostic model",28,28,"Seed 28",FALSE,FALSE,"annual_sb_sbmsy","SB/SBMSY",1970,2.91875,"annual"
"Diagnostic model","Diagnostic model",28,28,"Seed 28",FALSE,FALSE,"annual_sb_sbmsy","SB/SBMSY",1971,2.83625,"annual"
"Diagnostic model","Diagnostic model",28,28,"Seed 28",FALSE,FALSE,"annual_sb_sbmsy","SB/SBMSY",1972,2.82475,"annual"
"Diagnostic model","Diagnostic model",28,28,"Seed 28",FALSE,FALSE,"annual_sb_sbmsy","SB/SBMSY",1973,2.65425,"annual"
"Diagnostic model","Diagnostic model",28,28,"Seed 28",FALSE,FALSE,"annual_sb_sbmsy","SB/SBMSY",1974,2.512,"annual"
"Diagnostic model","Diagnostic model",28,28,"Seed 28",FALSE,FALSE,"annual_sb_sbmsy","SB/SBMSY",1975,2.42425,"annual"
"Diagnostic model","Diagnostic model",28,28,"Seed 28",FALSE,FALSE,"annual_sb_sbmsy","SB/SBMSY",1976,2.283,"annual"
"Diagnostic model","Diagnostic model",28,28,"Seed 28",FALSE,FALSE,"annual_sb_sbmsy","SB/SBMSY",1977,2.24075,"annual"
"Diagnostic model","Diagnostic model",28,28,"Seed 28",FALSE,FALSE,"annual_sb_sbmsy","SB/SBMSY",1978,2.303,"annual"
"Diagnostic model","Diagnostic model",28,28,"Seed 28",FALSE,FALSE,"annual_sb_sbmsy","SB/SBMSY",1979,2.25325,"annual"
"Diagnostic model","Diagnostic model",28,28,"Seed 28",FALSE,FALSE,"annual_sb_sbmsy","SB/SBMSY",1980,2.155,"annual"
"Diagnostic model","Diagnostic model",28,28,"Seed 28",FALSE,FALSE,"annual_sb_sbmsy","SB/SBMSY",1981,1.973,"annual"
"Diagnostic model","Diagnostic model",28,28,"Seed 28",FALSE,FALSE,"annual_sb_sbmsy","SB/SBMSY",1982,1.87675,"annual"
"Diagnostic model","Diagnostic model",28,28,"Seed 28",FALSE,FALSE,"annual_sb_sbmsy","SB/SBMSY",1983,1.88375,"annual"
"Diagnostic model","Diagnostic model",28,28,"Seed 28",FALSE,FALSE,"annual_sb_sbmsy","SB/SBMSY",1984,2.00875,"annual"
"Diagnostic model","Diagnostic model",28,28,"Seed 28",FALSE,FALSE,"annual_sb_sbmsy","SB/SBMSY",1985,2.077,"annual"
"Diagnostic model","Diagnostic model",28,28,"Seed 28",FALSE,FALSE,"annual_sb_sbmsy","SB/SBMSY",1986,2.0315,"annual"
"Diagnostic model","Diagnostic model",28,28,"Seed 28",FALSE,FALSE,"annual_sb_sbmsy","SB/SBMSY",1987,2.03375,"annual"
"Diagnostic model","Diagnostic model",28,28,"Seed 28",FALSE,FALSE,"annual_sb_sbmsy","SB/SBMSY",1988,2.04925,"annual"
"Diagnostic model","Diagnostic model",28,28,"Seed 28",FALSE,FALSE,"annual_sb_sbmsy","SB/SBMSY",1989,2.0415,"annual"
"Diagnostic model","Diagnostic model",28,28,"Seed 28",FALSE,FALSE,"annual_sb_sbmsy","SB/SBMSY",1990,2.1615,"annual"
"Diagnostic model","Diagnostic model",28,28,"Seed 28",FALSE,FALSE,"annual_sb_sbmsy","SB/SBMSY",1991,2.22425,"annual"
"Diagnostic model","Diagnostic model",28,28,"Seed 28",FALSE,FALSE,"annual_sb_sbmsy","SB/SBMSY",1992,2.193,"annual"
"Diagnostic model","Diagnostic model",28,28,"Seed 28",FALSE,FALSE,"annual_sb_sbmsy","SB/SBMSY",1993,2.058,"annual"
"Diagnostic model","Diagnostic model",28,28,"Seed 28",FALSE,FALSE,"annual_sb_sbmsy","SB/SBMSY",1994,1.9825,"annual"
"Diagnostic model","Diagnostic model",28,28,"Seed 28",FALSE,FALSE,"annual_sb_sbmsy","SB/SBMSY",1995,1.8765,"annual"
"Diagnostic model","Diagnostic model",28,28,"Seed 28",FALSE,FALSE,"annual_sb_sbmsy","SB/SBMSY",1996,1.8225,"annual"
"Diagnostic model","Diagnostic model",28,28,"Seed 28",FALSE,FALSE,"annual_sb_sbmsy","SB/SBMSY",1997,1.937,"annual"
"Diagnostic model","Diagnostic model",28,28,"Seed 28",FALSE,FALSE,"annual_sb_sbmsy","SB/SBMSY",1998,1.9055,"annual"
"Diagnostic model","Diagnostic model",28,28,"Seed 28",FALSE,FALSE,"annual_sb_sbmsy","SB/SBMSY",1999,1.81025,"annual"
"Diagnostic model","Diagnostic model",28,28,"Seed 28",FALSE,FALSE,"annual_sb_sbmsy","SB/SBMSY",2000,1.666,"annual"
"Diagnostic model","Diagnostic model",28,28,"Seed 28",FALSE,FALSE,"annual_sb_sbmsy","SB/SBMSY",2001,1.5575,"annual"
"Diagnostic model","Diagnostic model",28,28,"Seed 28",FALSE,FALSE,"annual_sb_sbmsy","SB/SBMSY",2002,1.52775,"annual"
"Diagnostic model","Diagnostic model",28,28,"Seed 28",FALSE,FALSE,"annual_sb_sbmsy","SB/SBMSY",2003,1.5045,"annual"
"Diagnostic model","Diagnostic model",28,28,"Seed 28",FALSE,FALSE,"annual_sb_sbmsy","SB/SBMSY",2004,1.478,"annual"
"Diagnostic model","Diagnostic model",28,28,"Seed 28",FALSE,FALSE,"annual_sb_sbmsy","SB/SBMSY",2005,1.34875,"annual"
"Diagnostic model","Diagnostic model",28,28,"Seed 28",FALSE,FALSE,"annual_sb_sbmsy","SB/SBMSY",2006,1.321,"annual"
"Diagnostic model","Diagnostic model",28,28,"Seed 28",FALSE,FALSE,"annual_sb_sbmsy","SB/SBMSY",2007,1.31025,"annual"
"Diagnostic model","Diagnostic model",28,28,"Seed 28",FALSE,FALSE,"annual_sb_sbmsy","SB/SBMSY",2008,1.258,"annual"
"Diagnostic model","Diagnostic model",28,28,"Seed 28",FALSE,FALSE,"annual_sb_sbmsy","SB/SBMSY",2009,1.17125,"annual"
"Diagnostic model","Diagnostic model",28,28,"Seed 28",FALSE,FALSE,"annual_sb_sbmsy","SB/SBMSY",2010,1.0865,"annual"
"Diagnostic model","Diagnostic model",28,28,"Seed 28",FALSE,FALSE,"annual_sb_sbmsy","SB/SBMSY",2011,1.08975,"annual"
"Diagnostic model","Diagnostic model",28,28,"Seed 28",FALSE,FALSE,"annual_sb_sbmsy","SB/SBMSY",2012,1.0595,"annual"
"Diagnostic model","Diagnostic model",28,28,"Seed 28",FALSE,FALSE,"annual_sb_sbmsy","SB/SBMSY",2013,0.996575,"annual"
"Diagnostic model","Diagnostic model",28,28,"Seed 28",FALSE,FALSE,"annual_sb_sbmsy","SB/SBMSY",2014,1.02475,"annual"
"Diagnostic model","Diagnostic model",28,28,"Seed 28",FALSE,FALSE,"annual_sb_sbmsy","SB/SBMSY",2015,1.102,"annual"
"Diagnostic model","Diagnostic model",28,28,"Seed 28",FALSE,FALSE,"annual_sb_sbmsy","SB/SBMSY",2016,1.133,"annual"
"Diagnostic model","Diagnostic model",28,28,"Seed 28",FALSE,FALSE,"annual_sb_sbmsy","SB/SBMSY",2017,1.1045,"annual"
"Diagnostic model","Diagnostic model",28,28,"Seed 28",FALSE,FALSE,"annual_sb_sbmsy","SB/SBMSY",2018,1.09275,"annual"
"Diagnostic model","Diagnostic model",28,28,"Seed 28",FALSE,FALSE,"annual_sb_sbmsy","SB/SBMSY",2019,1.08425,"annual"
"Diagnostic model","Diagnostic model",28,28,"Seed 28",FALSE,FALSE,"annual_sb_sbmsy","SB/SBMSY",2020,1.10075,"annual"
"Diagnostic model","Diagnostic model",28,28,"Seed 28",FALSE,FALSE,"annual_sb_sbmsy","SB/SBMSY",2021,1.1255,"annual"
"Diagnostic model","Diagnostic model",28,28,"Seed 28",FALSE,FALSE,"annual_sb_sbmsy","SB/SBMSY",2022,1.126,"annual"
"Diagnostic model","Diagnostic model",28,28,"Seed 28",FALSE,FALSE,"annual_sb_sbmsy","SB/SBMSY",2023,1.0625,"annual"
"Diagnostic model","Diagnostic model",28,28,"Seed 28",FALSE,FALSE,"annual_sb_sbmsy","SB/SBMSY",2024,0.917025,"annual"
"Diagnostic model","Diagnostic model",28,28,"Seed 28",FALSE,FALSE,"annual_f_fmsy","F/FMSY",1952,0.078135,"annual"
"Diagnostic model","Diagnostic model",28,28,"Seed 28",FALSE,FALSE,"annual_f_fmsy","F/FMSY",1953,0.0726225,"annual"
"Diagnostic model","Diagnostic model",28,28,"Seed 28",FALSE,FALSE,"annual_f_fmsy","F/FMSY",1954,0.049445,"annual"
"Diagnostic model","Diagnostic model",28,28,"Seed 28",FALSE,FALSE,"annual_f_fmsy","F/FMSY",1955,0.07875,"annual"
"Diagnostic model","Diagnostic model",28,28,"Seed 28",FALSE,FALSE,"annual_f_fmsy","F/FMSY",1956,0.086985,"annual"
"Diagnostic model","Diagnostic model",28,28,"Seed 28",FALSE,FALSE,"annual_f_fmsy","F/FMSY",1957,0.117165,"annual"
"Diagnostic model","Diagnostic model",28,28,"Seed 28",FALSE,FALSE,"annual_f_fmsy","F/FMSY",1958,0.1732475,"annual"
"Diagnostic model","Diagnostic model",28,28,"Seed 28",FALSE,FALSE,"annual_f_fmsy","F/FMSY",1959,0.1598275,"annual"
"Diagnostic model","Diagnostic model",28,28,"Seed 28",FALSE,FALSE,"annual_f_fmsy","F/FMSY",1960,0.1609525,"annual"
"Diagnostic model","Diagnostic model",28,28,"Seed 28",FALSE,FALSE,"annual_f_fmsy","F/FMSY",1961,0.15995,"annual"
"Diagnostic model","Diagnostic model",28,28,"Seed 28",FALSE,FALSE,"annual_f_fmsy","F/FMSY",1962,0.154675,"annual"
"Diagnostic model","Diagnostic model",28,28,"Seed 28",FALSE,FALSE,"annual_f_fmsy","F/FMSY",1963,0.198675,"annual"
"Diagnostic model","Diagnostic model",28,28,"Seed 28",FALSE,FALSE,"annual_f_fmsy","F/FMSY",1964,0.147715,"annual"
"Diagnostic model","Diagnostic model",28,28,"Seed 28",FALSE,FALSE,"annual_f_fmsy","F/FMSY",1965,0.13775,"annual"
"Diagnostic model","Diagnostic model",28,28,"Seed 28",FALSE,FALSE,"annual_f_fmsy","F/FMSY",1966,0.155925,"annual"
"Diagnostic model","Diagnostic model",28,28,"Seed 28",FALSE,FALSE,"annual_f_fmsy","F/FMSY",1967,0.169375,"annual"
"Diagnostic model","Diagnostic model",28,28,"Seed 28",FALSE,FALSE,"annual_f_fmsy","F/FMSY",1968,0.139025,"annual"
"Diagnostic model","Diagnostic model",28,28,"Seed 28",FALSE,FALSE,"annual_f_fmsy","F/FMSY",1969,0.17435,"annual"
"Diagnostic model","Diagnostic model",28,28,"Seed 28",FALSE,FALSE,"annual_f_fmsy","F/FMSY",1970,0.166075,"annual"
"Diagnostic model","Diagnostic model",28,28,"Seed 28",FALSE,FALSE,"annual_f_fmsy","F/FMSY",1971,0.169575,"annual"
"Diagnostic model","Diagnostic model",28,28,"Seed 28",FALSE,FALSE,"annual_f_fmsy","F/FMSY",1972,0.23475,"annual"
"Diagnostic model","Diagnostic model",28,28,"Seed 28",FALSE,FALSE,"annual_f_fmsy","F/FMSY",1973,0.198925,"annual"
"Diagnostic model","Diagnostic model",28,28,"Seed 28",FALSE,FALSE,"annual_f_fmsy","F/FMSY",1974,0.2234,"annual"
"Diagnostic model","Diagnostic model",28,28,"Seed 28",FALSE,FALSE,"annual_f_fmsy","F/FMSY",1975,0.28565,"annual"
"Diagnostic model","Diagnostic model",28,28,"Seed 28",FALSE,FALSE,"annual_f_fmsy","F/FMSY",1976,0.30235,"annual"
"Diagnostic model","Diagnostic model",28,28,"Seed 28",FALSE,FALSE,"annual_f_fmsy","F/FMSY",1977,0.33625,"annual"
"Diagnostic model","Diagnostic model",28,28,"Seed 28",FALSE,FALSE,"annual_f_fmsy","F/FMSY",1978,0.281725,"annual"
"Diagnostic model","Diagnostic model",28,28,"Seed 28",FALSE,FALSE,"annual_f_fmsy","F/FMSY",1979,0.36535,"annual"
"Diagnostic model","Diagnostic model",28,28,"Seed 28",FALSE,FALSE,"annual_f_fmsy","F/FMSY",1980,0.37165,"annual"
"Diagnostic model","Diagnostic model",28,28,"Seed 28",FALSE,FALSE,"annual_f_fmsy","F/FMSY",1981,0.351975,"annual"
"Diagnostic model","Diagnostic model",28,28,"Seed 28",FALSE,FALSE,"annual_f_fmsy","F/FMSY",1982,0.406675,"annual"
"Diagnostic model","Diagnostic model",28,28,"Seed 28",FALSE,FALSE,"annual_f_fmsy","F/FMSY",1983,0.399875,"annual"
"Diagnostic model","Diagnostic model",28,28,"Seed 28",FALSE,FALSE,"annual_f_fmsy","F/FMSY",1984,0.4333,"annual"
"Diagnostic model","Diagnostic model",28,28,"Seed 28",FALSE,FALSE,"annual_f_fmsy","F/FMSY",1985,0.45155,"annual"
"Diagnostic model","Diagnostic model",28,28,"Seed 28",FALSE,FALSE,"annual_f_fmsy","F/FMSY",1986,0.4145,"annual"
"Diagnostic model","Diagnostic model",28,28,"Seed 28",FALSE,FALSE,"annual_f_fmsy","F/FMSY",1987,0.52945,"annual"
"Diagnostic model","Diagnostic model",28,28,"Seed 28",FALSE,FALSE,"annual_f_fmsy","F/FMSY",1988,0.457175,"annual"
"Diagnostic model","Diagnostic model",28,28,"Seed 28",FALSE,FALSE,"annual_f_fmsy","F/FMSY",1989,0.4481,"annual"
"Diagnostic model","Diagnostic model",28,28,"Seed 28",FALSE,FALSE,"annual_f_fmsy","F/FMSY",1990,0.5496,"annual"
"Diagnostic model","Diagnostic model",28,28,"Seed 28",FALSE,FALSE,"annual_f_fmsy","F/FMSY",1991,0.508925,"annual"
"Diagnostic model","Diagnostic model",28,28,"Seed 28",FALSE,FALSE,"annual_f_fmsy","F/FMSY",1992,0.6401,"annual"
"Diagnostic model","Diagnostic model",28,28,"Seed 28",FALSE,FALSE,"annual_f_fmsy","F/FMSY",1993,0.572725,"annual"
"Diagnostic model","Diagnostic model",28,28,"Seed 28",FALSE,FALSE,"annual_f_fmsy","F/FMSY",1994,0.6632,"annual"
"Diagnostic model","Diagnostic model",28,28,"Seed 28",FALSE,FALSE,"annual_f_fmsy","F/FMSY",1995,0.5909,"annual"
"Diagnostic model","Diagnostic model",28,28,"Seed 28",FALSE,FALSE,"annual_f_fmsy","F/FMSY",1996,0.54965,"annual"
"Diagnostic model","Diagnostic model",28,28,"Seed 28",FALSE,FALSE,"annual_f_fmsy","F/FMSY",1997,0.6937,"annual"
"Diagnostic model","Diagnostic model",28,28,"Seed 28",FALSE,FALSE,"annual_f_fmsy","F/FMSY",1998,0.823875,"annual"
"Diagnostic model","Diagnostic model",28,28,"Seed 28",FALSE,FALSE,"annual_f_fmsy","F/FMSY",1999,0.905325,"annual"
"Diagnostic model","Diagnostic model",28,28,"Seed 28",FALSE,FALSE,"annual_f_fmsy","F/FMSY",2000,0.884325,"annual"
"Diagnostic model","Diagnostic model",28,28,"Seed 28",FALSE,FALSE,"annual_f_fmsy","F/FMSY",2001,0.757175,"annual"
"Diagnostic model","Diagnostic model",28,28,"Seed 28",FALSE,FALSE,"annual_f_fmsy","F/FMSY",2002,0.942625,"annual"
"Diagnostic model","Diagnostic model",28,28,"Seed 28",FALSE,FALSE,"annual_f_fmsy","F/FMSY",2003,0.857075,"annual"
"Diagnostic model","Diagnostic model",28,28,"Seed 28",FALSE,FALSE,"annual_f_fmsy","F/FMSY",2004,1.198,"annual"
"Diagnostic model","Diagnostic model",28,28,"Seed 28",FALSE,FALSE,"annual_f_fmsy","F/FMSY",2005,0.967375,"annual"
"Diagnostic model","Diagnostic model",28,28,"Seed 28",FALSE,FALSE,"annual_f_fmsy","F/FMSY",2006,1.03485,"annual"
"Diagnostic model","Diagnostic model",28,28,"Seed 28",FALSE,FALSE,"annual_f_fmsy","F/FMSY",2007,1.0599,"annual"
"Diagnostic model","Diagnostic model",28,28,"Seed 28",FALSE,FALSE,"annual_f_fmsy","F/FMSY",2008,1.13875,"annual"
"Diagnostic model","Diagnostic model",28,28,"Seed 28",FALSE,FALSE,"annual_f_fmsy","F/FMSY",2009,1.161,"annual"
"Diagnostic model","Diagnostic model",28,28,"Seed 28",FALSE,FALSE,"annual_f_fmsy","F/FMSY",2010,0.96205,"annual"
"Diagnostic model","Diagnostic model",28,28,"Seed 28",FALSE,FALSE,"annual_f_fmsy","F/FMSY",2011,1.194225,"annual"
"Diagnostic model","Diagnostic model",28,28,"Seed 28",FALSE,FALSE,"annual_f_fmsy","F/FMSY",2012,1.220375,"annual"
"Diagnostic model","Diagnostic model",28,28,"Seed 28",FALSE,FALSE,"annual_f_fmsy","F/FMSY",2013,1.1061,"annual"
"Diagnostic model","Diagnostic model",28,28,"Seed 28",FALSE,FALSE,"annual_f_fmsy","F/FMSY",2014,1.191725,"annual"
"Diagnostic model","Diagnostic model",28,28,"Seed 28",FALSE,FALSE,"annual_f_fmsy","F/FMSY",2015,1.082325,"annual"
"Diagnostic model","Diagnostic model",28,28,"Seed 28",FALSE,FALSE,"annual_f_fmsy","F/FMSY",2016,1.1309,"annual"
"Diagnostic model","Diagnostic model",28,28,"Seed 28",FALSE,FALSE,"annual_f_fmsy","F/FMSY",2017,0.955625,"annual"
"Diagnostic model","Diagnostic model",28,28,"Seed 28",FALSE,FALSE,"annual_f_fmsy","F/FMSY",2018,1.1067,"annual"
"Diagnostic model","Diagnostic model",28,28,"Seed 28",FALSE,FALSE,"annual_f_fmsy","F/FMSY",2019,0.9794,"annual"
"Diagnostic model","Diagnostic model",28,28,"Seed 28",FALSE,FALSE,"annual_f_fmsy","F/FMSY",2020,1.0351,"annual"
"Diagnostic model","Diagnostic model",28,28,"Seed 28",FALSE,FALSE,"annual_f_fmsy","F/FMSY",2021,1.02735,"annual"
"Diagnostic model","Diagnostic model",28,28,"Seed 28",FALSE,FALSE,"annual_f_fmsy","F/FMSY",2022,1.120425,"annual"
"Diagnostic model","Diagnostic model",28,28,"Seed 28",FALSE,FALSE,"annual_f_fmsy","F/FMSY",2023,1.228,"annual"
"Diagnostic model","Diagnostic model",28,28,"Seed 28",FALSE,FALSE,"annual_f_fmsy","F/FMSY",2024,1.403,"annual"
"Diagnostic model","Diagnostic model",29,29,"Seed 29",FALSE,FALSE,"annual_depletion","SB/SBF=0",1952,0.994097715772687,"annual"
"Diagnostic model","Diagnostic model",29,29,"Seed 29",FALSE,FALSE,"annual_depletion","SB/SBF=0",1953,0.975682001424669,"annual"
"Diagnostic model","Diagnostic model",29,29,"Seed 29",FALSE,FALSE,"annual_depletion","SB/SBF=0",1954,0.964372475864456,"annual"
"Diagnostic model","Diagnostic model",29,29,"Seed 29",FALSE,FALSE,"annual_depletion","SB/SBF=0",1955,0.955189191240654,"annual"
"Diagnostic model","Diagnostic model",29,29,"Seed 29",FALSE,FALSE,"annual_depletion","SB/SBF=0",1956,0.943301293248888,"annual"
"Diagnostic model","Diagnostic model",29,29,"Seed 29",FALSE,FALSE,"annual_depletion","SB/SBF=0",1957,0.932153994362579,"annual"
"Diagnostic model","Diagnostic model",29,29,"Seed 29",FALSE,FALSE,"annual_depletion","SB/SBF=0",1958,0.911522765726047,"annual"
"Diagnostic model","Diagnostic model",29,29,"Seed 29",FALSE,FALSE,"annual_depletion","SB/SBF=0",1959,0.884832140875024,"annual"
"Diagnostic model","Diagnostic model",29,29,"Seed 29",FALSE,FALSE,"annual_depletion","SB/SBF=0",1960,0.864092290576655,"annual"
"Diagnostic model","Diagnostic model",29,29,"Seed 29",FALSE,FALSE,"annual_depletion","SB/SBF=0",1961,0.856014866020968,"annual"
"Diagnostic model","Diagnostic model",29,29,"Seed 29",FALSE,FALSE,"annual_depletion","SB/SBF=0",1962,0.846613208852833,"annual"
"Diagnostic model","Diagnostic model",29,29,"Seed 29",FALSE,FALSE,"annual_depletion","SB/SBF=0",1963,0.837750229503064,"annual"
"Diagnostic model","Diagnostic model",29,29,"Seed 29",FALSE,FALSE,"annual_depletion","SB/SBF=0",1964,0.82586513572833,"annual"
"Diagnostic model","Diagnostic model",29,29,"Seed 29",FALSE,FALSE,"annual_depletion","SB/SBF=0",1965,0.829006473326367,"annual"
"Diagnostic model","Diagnostic model",29,29,"Seed 29",FALSE,FALSE,"annual_depletion","SB/SBF=0",1966,0.832814851783978,"annual"
"Diagnostic model","Diagnostic model",29,29,"Seed 29",FALSE,FALSE,"annual_depletion","SB/SBF=0",1967,0.828371167159706,"annual"
"Diagnostic model","Diagnostic model",29,29,"Seed 29",FALSE,FALSE,"annual_depletion","SB/SBF=0",1968,0.824937463095174,"annual"
"Diagnostic model","Diagnostic model",29,29,"Seed 29",FALSE,FALSE,"annual_depletion","SB/SBF=0",1969,0.827836589636686,"annual"
"Diagnostic model","Diagnostic model",29,29,"Seed 29",FALSE,FALSE,"annual_depletion","SB/SBF=0",1970,0.824402973657896,"annual"
"Diagnostic model","Diagnostic model",29,29,"Seed 29",FALSE,FALSE,"annual_depletion","SB/SBF=0",1971,0.820497356434964,"annual"
"Diagnostic model","Diagnostic model",29,29,"Seed 29",FALSE,FALSE,"annual_depletion","SB/SBF=0",1972,0.814914789311169,"annual"
"Diagnostic model","Diagnostic model",29,29,"Seed 29",FALSE,FALSE,"annual_depletion","SB/SBF=0",1973,0.796814023231499,"annual"
"Diagnostic model","Diagnostic model",29,29,"Seed 29",FALSE,FALSE,"annual_depletion","SB/SBF=0",1974,0.785126925361033,"annual"
"Diagnostic model","Diagnostic model",29,29,"Seed 29",FALSE,FALSE,"annual_depletion","SB/SBF=0",1975,0.773034746172564,"annual"
"Diagnostic model","Diagnostic model",29,29,"Seed 29",FALSE,FALSE,"annual_depletion","SB/SBF=0",1976,0.749807949188397,"annual"
"Diagnostic model","Diagnostic model",29,29,"Seed 29",FALSE,FALSE,"annual_depletion","SB/SBF=0",1977,0.731116926738549,"annual"
"Diagnostic model","Diagnostic model",29,29,"Seed 29",FALSE,FALSE,"annual_depletion","SB/SBF=0",1978,0.723542309043846,"annual"
"Diagnostic model","Diagnostic model",29,29,"Seed 29",FALSE,FALSE,"annual_depletion","SB/SBF=0",1979,0.709408475913938,"annual"
"Diagnostic model","Diagnostic model",29,29,"Seed 29",FALSE,FALSE,"annual_depletion","SB/SBF=0",1980,0.686467132701363,"annual"
"Diagnostic model","Diagnostic model",29,29,"Seed 29",FALSE,FALSE,"annual_depletion","SB/SBF=0",1981,0.664410620690122,"annual"
"Diagnostic model","Diagnostic model",29,29,"Seed 29",FALSE,FALSE,"annual_depletion","SB/SBF=0",1982,0.651689072282622,"annual"
"Diagnostic model","Diagnostic model",29,29,"Seed 29",FALSE,FALSE,"annual_depletion","SB/SBF=0",1983,0.642487527425837,"annual"
"Diagnostic model","Diagnostic model",29,29,"Seed 29",FALSE,FALSE,"annual_depletion","SB/SBF=0",1984,0.636681806104281,"annual"
"Diagnostic model","Diagnostic model",29,29,"Seed 29",FALSE,FALSE,"annual_depletion","SB/SBF=0",1985,0.616729750892822,"annual"
"Diagnostic model","Diagnostic model",29,29,"Seed 29",FALSE,FALSE,"annual_depletion","SB/SBF=0",1986,0.591743503772003,"annual"
"Diagnostic model","Diagnostic model",29,29,"Seed 29",FALSE,FALSE,"annual_depletion","SB/SBF=0",1987,0.573111530214403,"annual"
"Diagnostic model","Diagnostic model",29,29,"Seed 29",FALSE,FALSE,"annual_depletion","SB/SBF=0",1988,0.552966887021284,"annual"
"Diagnostic model","Diagnostic model",29,29,"Seed 29",FALSE,FALSE,"annual_depletion","SB/SBF=0",1989,0.536968916373339,"annual"
"Diagnostic model","Diagnostic model",29,29,"Seed 29",FALSE,FALSE,"annual_depletion","SB/SBF=0",1990,0.528553893030948,"annual"
"Diagnostic model","Diagnostic model",29,29,"Seed 29",FALSE,FALSE,"annual_depletion","SB/SBF=0",1991,0.519629877770709,"annual"
"Diagnostic model","Diagnostic model",29,29,"Seed 29",FALSE,FALSE,"annual_depletion","SB/SBF=0",1992,0.500677103052451,"annual"
"Diagnostic model","Diagnostic model",29,29,"Seed 29",FALSE,FALSE,"annual_depletion","SB/SBF=0",1993,0.473822089922934,"annual"
"Diagnostic model","Diagnostic model",29,29,"Seed 29",FALSE,FALSE,"annual_depletion","SB/SBF=0",1994,0.447403354754973,"annual"
"Diagnostic model","Diagnostic model",29,29,"Seed 29",FALSE,FALSE,"annual_depletion","SB/SBF=0",1995,0.418917098204873,"annual"
"Diagnostic model","Diagnostic model",29,29,"Seed 29",FALSE,FALSE,"annual_depletion","SB/SBF=0",1996,0.406283002860022,"annual"
"Diagnostic model","Diagnostic model",29,29,"Seed 29",FALSE,FALSE,"annual_depletion","SB/SBF=0",1997,0.419270459083598,"annual"
"Diagnostic model","Diagnostic model",29,29,"Seed 29",FALSE,FALSE,"annual_depletion","SB/SBF=0",1998,0.406096603316089,"annual"
"Diagnostic model","Diagnostic model",29,29,"Seed 29",FALSE,FALSE,"annual_depletion","SB/SBF=0",1999,0.384350459339912,"annual"
"Diagnostic model","Diagnostic model",29,29,"Seed 29",FALSE,FALSE,"annual_depletion","SB/SBF=0",2000,0.352600142093511,"annual"
"Diagnostic model","Diagnostic model",29,29,"Seed 29",FALSE,FALSE,"annual_depletion","SB/SBF=0",2001,0.329292927591689,"annual"
"Diagnostic model","Diagnostic model",29,29,"Seed 29",FALSE,FALSE,"annual_depletion","SB/SBF=0",2002,0.313148131390824,"annual"
"Diagnostic model","Diagnostic model",29,29,"Seed 29",FALSE,FALSE,"annual_depletion","SB/SBF=0",2003,0.296441941599095,"annual"
"Diagnostic model","Diagnostic model",29,29,"Seed 29",FALSE,FALSE,"annual_depletion","SB/SBF=0",2004,0.284536830313428,"annual"
"Diagnostic model","Diagnostic model",29,29,"Seed 29",FALSE,FALSE,"annual_depletion","SB/SBF=0",2005,0.264970766216291,"annual"
"Diagnostic model","Diagnostic model",29,29,"Seed 29",FALSE,FALSE,"annual_depletion","SB/SBF=0",2006,0.254273242516108,"annual"
"Diagnostic model","Diagnostic model",29,29,"Seed 29",FALSE,FALSE,"annual_depletion","SB/SBF=0",2007,0.247819876343922,"annual"
"Diagnostic model","Diagnostic model",29,29,"Seed 29",FALSE,FALSE,"annual_depletion","SB/SBF=0",2008,0.238059700359174,"annual"
"Diagnostic model","Diagnostic model",29,29,"Seed 29",FALSE,FALSE,"annual_depletion","SB/SBF=0",2009,0.222239593030681,"annual"
"Diagnostic model","Diagnostic model",29,29,"Seed 29",FALSE,FALSE,"annual_depletion","SB/SBF=0",2010,0.205936966691195,"annual"
"Diagnostic model","Diagnostic model",29,29,"Seed 29",FALSE,FALSE,"annual_depletion","SB/SBF=0",2011,0.202148185583887,"annual"
"Diagnostic model","Diagnostic model",29,29,"Seed 29",FALSE,FALSE,"annual_depletion","SB/SBF=0",2012,0.19681574595596,"annual"
"Diagnostic model","Diagnostic model",29,29,"Seed 29",FALSE,FALSE,"annual_depletion","SB/SBF=0",2013,0.187441459852623,"annual"
"Diagnostic model","Diagnostic model",29,29,"Seed 29",FALSE,FALSE,"annual_depletion","SB/SBF=0",2014,0.18939037936761,"annual"
"Diagnostic model","Diagnostic model",29,29,"Seed 29",FALSE,FALSE,"annual_depletion","SB/SBF=0",2015,0.196256229728661,"annual"
"Diagnostic model","Diagnostic model",29,29,"Seed 29",FALSE,FALSE,"annual_depletion","SB/SBF=0",2016,0.198925430775269,"annual"
"Diagnostic model","Diagnostic model",29,29,"Seed 29",FALSE,FALSE,"annual_depletion","SB/SBF=0",2017,0.197381430697922,"annual"
"Diagnostic model","Diagnostic model",29,29,"Seed 29",FALSE,FALSE,"annual_depletion","SB/SBF=0",2018,0.197120655262137,"annual"
"Diagnostic model","Diagnostic model",29,29,"Seed 29",FALSE,FALSE,"annual_depletion","SB/SBF=0",2019,0.196935325456023,"annual"
"Diagnostic model","Diagnostic model",29,29,"Seed 29",FALSE,FALSE,"annual_depletion","SB/SBF=0",2020,0.201338445399512,"annual"
"Diagnostic model","Diagnostic model",29,29,"Seed 29",FALSE,FALSE,"annual_depletion","SB/SBF=0",2021,0.208158351434,"annual"
"Diagnostic model","Diagnostic model",29,29,"Seed 29",FALSE,FALSE,"annual_depletion","SB/SBF=0",2022,0.210279655537032,"annual"
"Diagnostic model","Diagnostic model",29,29,"Seed 29",FALSE,FALSE,"annual_depletion","SB/SBF=0",2023,0.20079016209955,"annual"
"Diagnostic model","Diagnostic model",29,29,"Seed 29",FALSE,FALSE,"annual_depletion","SB/SBF=0",2024,0.177250438467073,"annual"
"Diagnostic model","Diagnostic model",29,29,"Seed 29",FALSE,FALSE,"annual_sb_sbmsy","SB/SBMSY",1952,5.57275,"annual"
"Diagnostic model","Diagnostic model",29,29,"Seed 29",FALSE,FALSE,"annual_sb_sbmsy","SB/SBMSY",1953,5.60475,"annual"
"Diagnostic model","Diagnostic model",29,29,"Seed 29",FALSE,FALSE,"annual_sb_sbmsy","SB/SBMSY",1954,5.63725,"annual"
"Diagnostic model","Diagnostic model",29,29,"Seed 29",FALSE,FALSE,"annual_sb_sbmsy","SB/SBMSY",1955,5.659,"annual"
"Diagnostic model","Diagnostic model",29,29,"Seed 29",FALSE,FALSE,"annual_sb_sbmsy","SB/SBMSY",1956,5.6825,"annual"
"Diagnostic model","Diagnostic model",29,29,"Seed 29",FALSE,FALSE,"annual_sb_sbmsy","SB/SBMSY",1957,5.87425,"annual"
"Diagnostic model","Diagnostic model",29,29,"Seed 29",FALSE,FALSE,"annual_sb_sbmsy","SB/SBMSY",1958,5.75125,"annual"
"Diagnostic model","Diagnostic model",29,29,"Seed 29",FALSE,FALSE,"annual_sb_sbmsy","SB/SBMSY",1959,5.29075,"annual"
"Diagnostic model","Diagnostic model",29,29,"Seed 29",FALSE,FALSE,"annual_sb_sbmsy","SB/SBMSY",1960,4.82,"annual"
"Diagnostic model","Diagnostic model",29,29,"Seed 29",FALSE,FALSE,"annual_sb_sbmsy","SB/SBMSY",1961,4.70625,"annual"
"Diagnostic model","Diagnostic model",29,29,"Seed 29",FALSE,FALSE,"annual_sb_sbmsy","SB/SBMSY",1962,4.45625,"annual"
"Diagnostic model","Diagnostic model",29,29,"Seed 29",FALSE,FALSE,"annual_sb_sbmsy","SB/SBMSY",1963,4.23475,"annual"
"Diagnostic model","Diagnostic model",29,29,"Seed 29",FALSE,FALSE,"annual_sb_sbmsy","SB/SBMSY",1964,3.963,"annual"
"Diagnostic model","Diagnostic model",29,29,"Seed 29",FALSE,FALSE,"annual_sb_sbmsy","SB/SBMSY",1965,3.8455,"annual"
"Diagnostic model","Diagnostic model",29,29,"Seed 29",FALSE,FALSE,"annual_sb_sbmsy","SB/SBMSY",1966,3.797,"annual"
"Diagnostic model","Diagnostic model",29,29,"Seed 29",FALSE,FALSE,"annual_sb_sbmsy","SB/SBMSY",1967,3.634,"annual"
"Diagnostic model","Diagnostic model",29,29,"Seed 29",FALSE,FALSE,"annual_sb_sbmsy","SB/SBMSY",1968,3.45525,"annual"
"Diagnostic model","Diagnostic model",29,29,"Seed 29",FALSE,FALSE,"annual_sb_sbmsy","SB/SBMSY",1969,3.44825,"annual"
"Diagnostic model","Diagnostic model",29,29,"Seed 29",FALSE,FALSE,"annual_sb_sbmsy","SB/SBMSY",1970,3.34425,"annual"
"Diagnostic model","Diagnostic model",29,29,"Seed 29",FALSE,FALSE,"annual_sb_sbmsy","SB/SBMSY",1971,3.22425,"annual"
"Diagnostic model","Diagnostic model",29,29,"Seed 29",FALSE,FALSE,"annual_sb_sbmsy","SB/SBMSY",1972,3.1825,"annual"
"Diagnostic model","Diagnostic model",29,29,"Seed 29",FALSE,FALSE,"annual_sb_sbmsy","SB/SBMSY",1973,2.998,"annual"
"Diagnostic model","Diagnostic model",29,29,"Seed 29",FALSE,FALSE,"annual_sb_sbmsy","SB/SBMSY",1974,2.82875,"annual"
"Diagnostic model","Diagnostic model",29,29,"Seed 29",FALSE,FALSE,"annual_sb_sbmsy","SB/SBMSY",1975,2.7385,"annual"
"Diagnostic model","Diagnostic model",29,29,"Seed 29",FALSE,FALSE,"annual_sb_sbmsy","SB/SBMSY",1976,2.595,"annual"
"Diagnostic model","Diagnostic model",29,29,"Seed 29",FALSE,FALSE,"annual_sb_sbmsy","SB/SBMSY",1977,2.55275,"annual"
"Diagnostic model","Diagnostic model",29,29,"Seed 29",FALSE,FALSE,"annual_sb_sbmsy","SB/SBMSY",1978,2.62975,"annual"
"Diagnostic model","Diagnostic model",29,29,"Seed 29",FALSE,FALSE,"annual_sb_sbmsy","SB/SBMSY",1979,2.59475,"annual"
"Diagnostic model","Diagnostic model",29,29,"Seed 29",FALSE,FALSE,"annual_sb_sbmsy","SB/SBMSY",1980,2.50025,"annual"
"Diagnostic model","Diagnostic model",29,29,"Seed 29",FALSE,FALSE,"annual_sb_sbmsy","SB/SBMSY",1981,2.29325,"annual"
"Diagnostic model","Diagnostic model",29,29,"Seed 29",FALSE,FALSE,"annual_sb_sbmsy","SB/SBMSY",1982,2.173,"annual"
"Diagnostic model","Diagnostic model",29,29,"Seed 29",FALSE,FALSE,"annual_sb_sbmsy","SB/SBMSY",1983,2.173,"annual"
"Diagnostic model","Diagnostic model",29,29,"Seed 29",FALSE,FALSE,"annual_sb_sbmsy","SB/SBMSY",1984,2.30575,"annual"
"Diagnostic model","Diagnostic model",29,29,"Seed 29",FALSE,FALSE,"annual_sb_sbmsy","SB/SBMSY",1985,2.38725,"annual"
"Diagnostic model","Diagnostic model",29,29,"Seed 29",FALSE,FALSE,"annual_sb_sbmsy","SB/SBMSY",1986,2.3365,"annual"
"Diagnostic model","Diagnostic model",29,29,"Seed 29",FALSE,FALSE,"annual_sb_sbmsy","SB/SBMSY",1987,2.31475,"annual"
"Diagnostic model","Diagnostic model",29,29,"Seed 29",FALSE,FALSE,"annual_sb_sbmsy","SB/SBMSY",1988,2.32925,"annual"
"Diagnostic model","Diagnostic model",29,29,"Seed 29",FALSE,FALSE,"annual_sb_sbmsy","SB/SBMSY",1989,2.30225,"annual"
"Diagnostic model","Diagnostic model",29,29,"Seed 29",FALSE,FALSE,"annual_sb_sbmsy","SB/SBMSY",1990,2.40875,"annual"
"Diagnostic model","Diagnostic model",29,29,"Seed 29",FALSE,FALSE,"annual_sb_sbmsy","SB/SBMSY",1991,2.49,"annual"
"Diagnostic model","Diagnostic model",29,29,"Seed 29",FALSE,FALSE,"annual_sb_sbmsy","SB/SBMSY",1992,2.462,"annual"
"Diagnostic model","Diagnostic model",29,29,"Seed 29",FALSE,FALSE,"annual_sb_sbmsy","SB/SBMSY",1993,2.33375,"annual"
"Diagnostic model","Diagnostic model",29,29,"Seed 29",FALSE,FALSE,"annual_sb_sbmsy","SB/SBMSY",1994,2.232,"annual"
"Diagnostic model","Diagnostic model",29,29,"Seed 29",FALSE,FALSE,"annual_sb_sbmsy","SB/SBMSY",1995,2.10825,"annual"
"Diagnostic model","Diagnostic model",29,29,"Seed 29",FALSE,FALSE,"annual_sb_sbmsy","SB/SBMSY",1996,2.02,"annual"
"Diagnostic model","Diagnostic model",29,29,"Seed 29",FALSE,FALSE,"annual_sb_sbmsy","SB/SBMSY",1997,2.13575,"annual"
"Diagnostic model","Diagnostic model",29,29,"Seed 29",FALSE,FALSE,"annual_sb_sbmsy","SB/SBMSY",1998,2.12075,"annual"
"Diagnostic model","Diagnostic model",29,29,"Seed 29",FALSE,FALSE,"annual_sb_sbmsy","SB/SBMSY",1999,2.03175,"annual"
"Diagnostic model","Diagnostic model",29,29,"Seed 29",FALSE,FALSE,"annual_sb_sbmsy","SB/SBMSY",2000,1.8745,"annual"
"Diagnostic model","Diagnostic model",29,29,"Seed 29",FALSE,FALSE,"annual_sb_sbmsy","SB/SBMSY",2001,1.7585,"annual"
"Diagnostic model","Diagnostic model",29,29,"Seed 29",FALSE,FALSE,"annual_sb_sbmsy","SB/SBMSY",2002,1.712,"annual"
"Diagnostic model","Diagnostic model",29,29,"Seed 29",FALSE,FALSE,"annual_sb_sbmsy","SB/SBMSY",2003,1.67375,"annual"
"Diagnostic model","Diagnostic model",29,29,"Seed 29",FALSE,FALSE,"annual_sb_sbmsy","SB/SBMSY",2004,1.63325,"annual"
"Diagnostic model","Diagnostic model",29,29,"Seed 29",FALSE,FALSE,"annual_sb_sbmsy","SB/SBMSY",2005,1.514,"annual"
"Diagnostic model","Diagnostic model",29,29,"Seed 29",FALSE,FALSE,"annual_sb_sbmsy","SB/SBMSY",2006,1.47475,"annual"
"Diagnostic model","Diagnostic model",29,29,"Seed 29",FALSE,FALSE,"annual_sb_sbmsy","SB/SBMSY",2007,1.46375,"annual"
"Diagnostic model","Diagnostic model",29,29,"Seed 29",FALSE,FALSE,"annual_sb_sbmsy","SB/SBMSY",2008,1.41,"annual"
"Diagnostic model","Diagnostic model",29,29,"Seed 29",FALSE,FALSE,"annual_sb_sbmsy","SB/SBMSY",2009,1.299,"annual"
"Diagnostic model","Diagnostic model",29,29,"Seed 29",FALSE,FALSE,"annual_sb_sbmsy","SB/SBMSY",2010,1.1905,"annual"
"Diagnostic model","Diagnostic model",29,29,"Seed 29",FALSE,FALSE,"annual_sb_sbmsy","SB/SBMSY",2011,1.17275,"annual"
"Diagnostic model","Diagnostic model",29,29,"Seed 29",FALSE,FALSE,"annual_sb_sbmsy","SB/SBMSY",2012,1.13875,"annual"
"Diagnostic model","Diagnostic model",29,29,"Seed 29",FALSE,FALSE,"annual_sb_sbmsy","SB/SBMSY",2013,1.061,"annual"
"Diagnostic model","Diagnostic model",29,29,"Seed 29",FALSE,FALSE,"annual_sb_sbmsy","SB/SBMSY",2014,1.078,"annual"
"Diagnostic model","Diagnostic model",29,29,"Seed 29",FALSE,FALSE,"annual_sb_sbmsy","SB/SBMSY",2015,1.16025,"annual"
"Diagnostic model","Diagnostic model",29,29,"Seed 29",FALSE,FALSE,"annual_sb_sbmsy","SB/SBMSY",2016,1.199,"annual"
"Diagnostic model","Diagnostic model",29,29,"Seed 29",FALSE,FALSE,"annual_sb_sbmsy","SB/SBMSY",2017,1.17325,"annual"
"Diagnostic model","Diagnostic model",29,29,"Seed 29",FALSE,FALSE,"annual_sb_sbmsy","SB/SBMSY",2018,1.15625,"annual"
"Diagnostic model","Diagnostic model",29,29,"Seed 29",FALSE,FALSE,"annual_sb_sbmsy","SB/SBMSY",2019,1.1495,"annual"
"Diagnostic model","Diagnostic model",29,29,"Seed 29",FALSE,FALSE,"annual_sb_sbmsy","SB/SBMSY",2020,1.1685,"annual"
"Diagnostic model","Diagnostic model",29,29,"Seed 29",FALSE,FALSE,"annual_sb_sbmsy","SB/SBMSY",2021,1.18325,"annual"
"Diagnostic model","Diagnostic model",29,29,"Seed 29",FALSE,FALSE,"annual_sb_sbmsy","SB/SBMSY",2022,1.1785,"annual"
"Diagnostic model","Diagnostic model",29,29,"Seed 29",FALSE,FALSE,"annual_sb_sbmsy","SB/SBMSY",2023,1.10975,"annual"
"Diagnostic model","Diagnostic model",29,29,"Seed 29",FALSE,FALSE,"annual_sb_sbmsy","SB/SBMSY",2024,0.9616,"annual"
"Diagnostic model","Diagnostic model",29,29,"Seed 29",FALSE,FALSE,"annual_f_fmsy","F/FMSY",1952,0.0664975,"annual"
"Diagnostic model","Diagnostic model",29,29,"Seed 29",FALSE,FALSE,"annual_f_fmsy","F/FMSY",1953,0.0618025,"annual"
"Diagnostic model","Diagnostic model",29,29,"Seed 29",FALSE,FALSE,"annual_f_fmsy","F/FMSY",1954,0.0417075,"annual"
"Diagnostic model","Diagnostic model",29,29,"Seed 29",FALSE,FALSE,"annual_f_fmsy","F/FMSY",1955,0.065765,"annual"
"Diagnostic model","Diagnostic model",29,29,"Seed 29",FALSE,FALSE,"annual_f_fmsy","F/FMSY",1956,0.07295,"annual"
"Diagnostic model","Diagnostic model",29,29,"Seed 29",FALSE,FALSE,"annual_f_fmsy","F/FMSY",1957,0.098635,"annual"
"Diagnostic model","Diagnostic model",29,29,"Seed 29",FALSE,FALSE,"annual_f_fmsy","F/FMSY",1958,0.14632,"annual"
"Diagnostic model","Diagnostic model",29,29,"Seed 29",FALSE,FALSE,"annual_f_fmsy","F/FMSY",1959,0.134015,"annual"
"Diagnostic model","Diagnostic model",29,29,"Seed 29",FALSE,FALSE,"annual_f_fmsy","F/FMSY",1960,0.1324075,"annual"
"Diagnostic model","Diagnostic model",29,29,"Seed 29",FALSE,FALSE,"annual_f_fmsy","F/FMSY",1961,0.12933,"annual"
"Diagnostic model","Diagnostic model",29,29,"Seed 29",FALSE,FALSE,"annual_f_fmsy","F/FMSY",1962,0.1258,"annual"
"Diagnostic model","Diagnostic model",29,29,"Seed 29",FALSE,FALSE,"annual_f_fmsy","F/FMSY",1963,0.162425,"annual"
"Diagnostic model","Diagnostic model",29,29,"Seed 29",FALSE,FALSE,"annual_f_fmsy","F/FMSY",1964,0.121585,"annual"
"Diagnostic model","Diagnostic model",29,29,"Seed 29",FALSE,FALSE,"annual_f_fmsy","F/FMSY",1965,0.1141525,"annual"
"Diagnostic model","Diagnostic model",29,29,"Seed 29",FALSE,FALSE,"annual_f_fmsy","F/FMSY",1966,0.1291,"annual"
"Diagnostic model","Diagnostic model",29,29,"Seed 29",FALSE,FALSE,"annual_f_fmsy","F/FMSY",1967,0.141425,"annual"
"Diagnostic model","Diagnostic model",29,29,"Seed 29",FALSE,FALSE,"annual_f_fmsy","F/FMSY",1968,0.11579,"annual"
"Diagnostic model","Diagnostic model",29,29,"Seed 29",FALSE,FALSE,"annual_f_fmsy","F/FMSY",1969,0.1454475,"annual"
"Diagnostic model","Diagnostic model",29,29,"Seed 29",FALSE,FALSE,"annual_f_fmsy","F/FMSY",1970,0.140725,"annual"
"Diagnostic model","Diagnostic model",29,29,"Seed 29",FALSE,FALSE,"annual_f_fmsy","F/FMSY",1971,0.14355,"annual"
"Diagnostic model","Diagnostic model",29,29,"Seed 29",FALSE,FALSE,"annual_f_fmsy","F/FMSY",1972,0.199275,"annual"
"Diagnostic model","Diagnostic model",29,29,"Seed 29",FALSE,FALSE,"annual_f_fmsy","F/FMSY",1973,0.16915,"annual"
"Diagnostic model","Diagnostic model",29,29,"Seed 29",FALSE,FALSE,"annual_f_fmsy","F/FMSY",1974,0.188625,"annual"
"Diagnostic model","Diagnostic model",29,29,"Seed 29",FALSE,FALSE,"annual_f_fmsy","F/FMSY",1975,0.243475,"annual"
"Diagnostic model","Diagnostic model",29,29,"Seed 29",FALSE,FALSE,"annual_f_fmsy","F/FMSY",1976,0.256175,"annual"
"Diagnostic model","Diagnostic model",29,29,"Seed 29",FALSE,FALSE,"annual_f_fmsy","F/FMSY",1977,0.284175,"annual"
"Diagnostic model","Diagnostic model",29,29,"Seed 29",FALSE,FALSE,"annual_f_fmsy","F/FMSY",1978,0.2366,"annual"
"Diagnostic model","Diagnostic model",29,29,"Seed 29",FALSE,FALSE,"annual_f_fmsy","F/FMSY",1979,0.305875,"annual"
"Diagnostic model","Diagnostic model",29,29,"Seed 29",FALSE,FALSE,"annual_f_fmsy","F/FMSY",1980,0.311,"annual"
"Diagnostic model","Diagnostic model",29,29,"Seed 29",FALSE,FALSE,"annual_f_fmsy","F/FMSY",1981,0.297775,"annual"
"Diagnostic model","Diagnostic model",29,29,"Seed 29",FALSE,FALSE,"annual_f_fmsy","F/FMSY",1982,0.34605,"annual"
"Diagnostic model","Diagnostic model",29,29,"Seed 29",FALSE,FALSE,"annual_f_fmsy","F/FMSY",1983,0.341075,"annual"
"Diagnostic model","Diagnostic model",29,29,"Seed 29",FALSE,FALSE,"annual_f_fmsy","F/FMSY",1984,0.3668,"annual"
"Diagnostic model","Diagnostic model",29,29,"Seed 29",FALSE,FALSE,"annual_f_fmsy","F/FMSY",1985,0.386475,"annual"
"Diagnostic model","Diagnostic model",29,29,"Seed 29",FALSE,FALSE,"annual_f_fmsy","F/FMSY",1986,0.35675,"annual"
"Diagnostic model","Diagnostic model",29,29,"Seed 29",FALSE,FALSE,"annual_f_fmsy","F/FMSY",1987,0.457075,"annual"
"Diagnostic model","Diagnostic model",29,29,"Seed 29",FALSE,FALSE,"annual_f_fmsy","F/FMSY",1988,0.401575,"annual"
"Diagnostic model","Diagnostic model",29,29,"Seed 29",FALSE,FALSE,"annual_f_fmsy","F/FMSY",1989,0.39345,"annual"
"Diagnostic model","Diagnostic model",29,29,"Seed 29",FALSE,FALSE,"annual_f_fmsy","F/FMSY",1990,0.47845,"annual"
"Diagnostic model","Diagnostic model",29,29,"Seed 29",FALSE,FALSE,"annual_f_fmsy","F/FMSY",1991,0.44145,"annual"
"Diagnostic model","Diagnostic model",29,29,"Seed 29",FALSE,FALSE,"annual_f_fmsy","F/FMSY",1992,0.55715,"annual"
"Diagnostic model","Diagnostic model",29,29,"Seed 29",FALSE,FALSE,"annual_f_fmsy","F/FMSY",1993,0.499875,"annual"
"Diagnostic model","Diagnostic model",29,29,"Seed 29",FALSE,FALSE,"annual_f_fmsy","F/FMSY",1994,0.585725,"annual"
"Diagnostic model","Diagnostic model",29,29,"Seed 29",FALSE,FALSE,"annual_f_fmsy","F/FMSY",1995,0.52435,"annual"
"Diagnostic model","Diagnostic model",29,29,"Seed 29",FALSE,FALSE,"annual_f_fmsy","F/FMSY",1996,0.487875,"annual"
"Diagnostic model","Diagnostic model",29,29,"Seed 29",FALSE,FALSE,"annual_f_fmsy","F/FMSY",1997,0.613925,"annual"
"Diagnostic model","Diagnostic model",29,29,"Seed 29",FALSE,FALSE,"annual_f_fmsy","F/FMSY",1998,0.73275,"annual"
"Diagnostic model","Diagnostic model",29,29,"Seed 29",FALSE,FALSE,"annual_f_fmsy","F/FMSY",1999,0.798325,"annual"
"Diagnostic model","Diagnostic model",29,29,"Seed 29",FALSE,FALSE,"annual_f_fmsy","F/FMSY",2000,0.784575,"annual"
"Diagnostic model","Diagnostic model",29,29,"Seed 29",FALSE,FALSE,"annual_f_fmsy","F/FMSY",2001,0.681875,"annual"
"Diagnostic model","Diagnostic model",29,29,"Seed 29",FALSE,FALSE,"annual_f_fmsy","F/FMSY",2002,0.85115,"annual"
"Diagnostic model","Diagnostic model",29,29,"Seed 29",FALSE,FALSE,"annual_f_fmsy","F/FMSY",2003,0.782475,"annual"
"Diagnostic model","Diagnostic model",29,29,"Seed 29",FALSE,FALSE,"annual_f_fmsy","F/FMSY",2004,1.088725,"annual"
"Diagnostic model","Diagnostic model",29,29,"Seed 29",FALSE,FALSE,"annual_f_fmsy","F/FMSY",2005,0.880175,"annual"
"Diagnostic model","Diagnostic model",29,29,"Seed 29",FALSE,FALSE,"annual_f_fmsy","F/FMSY",2006,0.938875,"annual"
"Diagnostic model","Diagnostic model",29,29,"Seed 29",FALSE,FALSE,"annual_f_fmsy","F/FMSY",2007,0.9576,"annual"
"Diagnostic model","Diagnostic model",29,29,"Seed 29",FALSE,FALSE,"annual_f_fmsy","F/FMSY",2008,1.0412,"annual"
"Diagnostic model","Diagnostic model",29,29,"Seed 29",FALSE,FALSE,"annual_f_fmsy","F/FMSY",2009,1.076275,"annual"
"Diagnostic model","Diagnostic model",29,29,"Seed 29",FALSE,FALSE,"annual_f_fmsy","F/FMSY",2010,0.900975,"annual"
"Diagnostic model","Diagnostic model",29,29,"Seed 29",FALSE,FALSE,"annual_f_fmsy","F/FMSY",2011,1.11745,"annual"
"Diagnostic model","Diagnostic model",29,29,"Seed 29",FALSE,FALSE,"annual_f_fmsy","F/FMSY",2012,1.157225,"annual"
"Diagnostic model","Diagnostic model",29,29,"Seed 29",FALSE,FALSE,"annual_f_fmsy","F/FMSY",2013,1.054,"annual"
"Diagnostic model","Diagnostic model",29,29,"Seed 29",FALSE,FALSE,"annual_f_fmsy","F/FMSY",2014,1.125275,"annual"
"Diagnostic model","Diagnostic model",29,29,"Seed 29",FALSE,FALSE,"annual_f_fmsy","F/FMSY",2015,1.014025,"annual"
"Diagnostic model","Diagnostic model",29,29,"Seed 29",FALSE,FALSE,"annual_f_fmsy","F/FMSY",2016,1.063175,"annual"
"Diagnostic model","Diagnostic model",29,29,"Seed 29",FALSE,FALSE,"annual_f_fmsy","F/FMSY",2017,0.89975,"annual"
"Diagnostic model","Diagnostic model",29,29,"Seed 29",FALSE,FALSE,"annual_f_fmsy","F/FMSY",2018,1.03995,"annual"
"Diagnostic model","Diagnostic model",29,29,"Seed 29",FALSE,FALSE,"annual_f_fmsy","F/FMSY",2019,0.924875,"annual"
"Diagnostic model","Diagnostic model",29,29,"Seed 29",FALSE,FALSE,"annual_f_fmsy","F/FMSY",2020,0.989725,"annual"
"Diagnostic model","Diagnostic model",29,29,"Seed 29",FALSE,FALSE,"annual_f_fmsy","F/FMSY",2021,0.965975,"annual"
"Diagnostic model","Diagnostic model",29,29,"Seed 29",FALSE,FALSE,"annual_f_fmsy","F/FMSY",2022,1.056525,"annual"
"Diagnostic model","Diagnostic model",29,29,"Seed 29",FALSE,FALSE,"annual_f_fmsy","F/FMSY",2023,1.1579,"annual"
"Diagnostic model","Diagnostic model",29,29,"Seed 29",FALSE,FALSE,"annual_f_fmsy","F/FMSY",2024,1.314,"annual"
"Diagnostic model","Diagnostic model",30,30,"Seed 30",FALSE,FALSE,"annual_depletion","SB/SBF=0",1952,0.993909357303614,"annual"
"Diagnostic model","Diagnostic model",30,30,"Seed 30",FALSE,FALSE,"annual_depletion","SB/SBF=0",1953,0.974947567165925,"annual"
"Diagnostic model","Diagnostic model",30,30,"Seed 30",FALSE,FALSE,"annual_depletion","SB/SBF=0",1954,0.963446141707841,"annual"
"Diagnostic model","Diagnostic model",30,30,"Seed 30",FALSE,FALSE,"annual_depletion","SB/SBF=0",1955,0.953981162680012,"annual"
"Diagnostic model","Diagnostic model",30,30,"Seed 30",FALSE,FALSE,"annual_depletion","SB/SBF=0",1956,0.941446358465875,"annual"
"Diagnostic model","Diagnostic model",30,30,"Seed 30",FALSE,FALSE,"annual_depletion","SB/SBF=0",1957,0.929316236863922,"annual"
"Diagnostic model","Diagnostic model",30,30,"Seed 30",FALSE,FALSE,"annual_depletion","SB/SBF=0",1958,0.907727565558102,"annual"
"Diagnostic model","Diagnostic model",30,30,"Seed 30",FALSE,FALSE,"annual_depletion","SB/SBF=0",1959,0.879581059953416,"annual"
"Diagnostic model","Diagnostic model",30,30,"Seed 30",FALSE,FALSE,"annual_depletion","SB/SBF=0",1960,0.856009948309495,"annual"
"Diagnostic model","Diagnostic model",30,30,"Seed 30",FALSE,FALSE,"annual_depletion","SB/SBF=0",1961,0.845449653785701,"annual"
"Diagnostic model","Diagnostic model",30,30,"Seed 30",FALSE,FALSE,"annual_depletion","SB/SBF=0",1962,0.835605095894563,"annual"
"Diagnostic model","Diagnostic model",30,30,"Seed 30",FALSE,FALSE,"annual_depletion","SB/SBF=0",1963,0.825767015535127,"annual"
"Diagnostic model","Diagnostic model",30,30,"Seed 30",FALSE,FALSE,"annual_depletion","SB/SBF=0",1964,0.813424727088093,"annual"
"Diagnostic model","Diagnostic model",30,30,"Seed 30",FALSE,FALSE,"annual_depletion","SB/SBF=0",1965,0.816907272861093,"annual"
"Diagnostic model","Diagnostic model",30,30,"Seed 30",FALSE,FALSE,"annual_depletion","SB/SBF=0",1966,0.820546752344266,"annual"
"Diagnostic model","Diagnostic model",30,30,"Seed 30",FALSE,FALSE,"annual_depletion","SB/SBF=0",1967,0.815262434796207,"annual"
"Diagnostic model","Diagnostic model",30,30,"Seed 30",FALSE,FALSE,"annual_depletion","SB/SBF=0",1968,0.811905296544755,"annual"
"Diagnostic model","Diagnostic model",30,30,"Seed 30",FALSE,FALSE,"annual_depletion","SB/SBF=0",1969,0.815459649254572,"annual"
"Diagnostic model","Diagnostic model",30,30,"Seed 30",FALSE,FALSE,"annual_depletion","SB/SBF=0",1970,0.811580475947703,"annual"
"Diagnostic model","Diagnostic model",30,30,"Seed 30",FALSE,FALSE,"annual_depletion","SB/SBF=0",1971,0.809066611180057,"annual"
"Diagnostic model","Diagnostic model",30,30,"Seed 30",FALSE,FALSE,"annual_depletion","SB/SBF=0",1972,0.80438117293114,"annual"
"Diagnostic model","Diagnostic model",30,30,"Seed 30",FALSE,FALSE,"annual_depletion","SB/SBF=0",1973,0.785535364341962,"annual"
"Diagnostic model","Diagnostic model",30,30,"Seed 30",FALSE,FALSE,"annual_depletion","SB/SBF=0",1974,0.773427001102447,"annual"
"Diagnostic model","Diagnostic model",30,30,"Seed 30",FALSE,FALSE,"annual_depletion","SB/SBF=0",1975,0.760655970622309,"annual"
"Diagnostic model","Diagnostic model",30,30,"Seed 30",FALSE,FALSE,"annual_depletion","SB/SBF=0",1976,0.736917396160813,"annual"
"Diagnostic model","Diagnostic model",30,30,"Seed 30",FALSE,FALSE,"annual_depletion","SB/SBF=0",1977,0.717972641996701,"annual"
"Diagnostic model","Diagnostic model",30,30,"Seed 30",FALSE,FALSE,"annual_depletion","SB/SBF=0",1978,0.709932584750408,"annual"
"Diagnostic model","Diagnostic model",30,30,"Seed 30",FALSE,FALSE,"annual_depletion","SB/SBF=0",1979,0.696088387450088,"annual"
"Diagnostic model","Diagnostic model",30,30,"Seed 30",FALSE,FALSE,"annual_depletion","SB/SBF=0",1980,0.673116559158105,"annual"
"Diagnostic model","Diagnostic model",30,30,"Seed 30",FALSE,FALSE,"annual_depletion","SB/SBF=0",1981,0.652896229497667,"annual"
"Diagnostic model","Diagnostic model",30,30,"Seed 30",FALSE,FALSE,"annual_depletion","SB/SBF=0",1982,0.643076587049549,"annual"
"Diagnostic model","Diagnostic model",30,30,"Seed 30",FALSE,FALSE,"annual_depletion","SB/SBF=0",1983,0.635996705806441,"annual"
"Diagnostic model","Diagnostic model",30,30,"Seed 30",FALSE,FALSE,"annual_depletion","SB/SBF=0",1984,0.631374490652362,"annual"
"Diagnostic model","Diagnostic model",30,30,"Seed 30",FALSE,FALSE,"annual_depletion","SB/SBF=0",1985,0.610448348125619,"annual"
"Diagnostic model","Diagnostic model",30,30,"Seed 30",FALSE,FALSE,"annual_depletion","SB/SBF=0",1986,0.584917673262249,"annual"
"Diagnostic model","Diagnostic model",30,30,"Seed 30",FALSE,FALSE,"annual_depletion","SB/SBF=0",1987,0.566400550159194,"annual"
"Diagnostic model","Diagnostic model",30,30,"Seed 30",FALSE,FALSE,"annual_depletion","SB/SBF=0",1988,0.545617937498287,"annual"
"Diagnostic model","Diagnostic model",30,30,"Seed 30",FALSE,FALSE,"annual_depletion","SB/SBF=0",1989,0.531501310135676,"annual"
"Diagnostic model","Diagnostic model",30,30,"Seed 30",FALSE,FALSE,"annual_depletion","SB/SBF=0",1990,0.523135106499273,"annual"
"Diagnostic model","Diagnostic model",30,30,"Seed 30",FALSE,FALSE,"annual_depletion","SB/SBF=0",1991,0.510123784705828,"annual"
"Diagnostic model","Diagnostic model",30,30,"Seed 30",FALSE,FALSE,"annual_depletion","SB/SBF=0",1992,0.491185122676404,"annual"
"Diagnostic model","Diagnostic model",30,30,"Seed 30",FALSE,FALSE,"annual_depletion","SB/SBF=0",1993,0.463247868320573,"annual"
"Diagnostic model","Diagnostic model",30,30,"Seed 30",FALSE,FALSE,"annual_depletion","SB/SBF=0",1994,0.440171422675837,"annual"
"Diagnostic model","Diagnostic model",30,30,"Seed 30",FALSE,FALSE,"annual_depletion","SB/SBF=0",1995,0.414054669133715,"annual"
"Diagnostic model","Diagnostic model",30,30,"Seed 30",FALSE,FALSE,"annual_depletion","SB/SBF=0",1996,0.406236404316466,"annual"
"Diagnostic model","Diagnostic model",30,30,"Seed 30",FALSE,FALSE,"annual_depletion","SB/SBF=0",1997,0.420920555213416,"annual"
"Diagnostic model","Diagnostic model",30,30,"Seed 30",FALSE,FALSE,"annual_depletion","SB/SBF=0",1998,0.405278732570529,"annual"
"Diagnostic model","Diagnostic model",30,30,"Seed 30",FALSE,FALSE,"annual_depletion","SB/SBF=0",1999,0.380187303138618,"annual"
"Diagnostic model","Diagnostic model",30,30,"Seed 30",FALSE,FALSE,"annual_depletion","SB/SBF=0",2000,0.349805838839871,"annual"
"Diagnostic model","Diagnostic model",30,30,"Seed 30",FALSE,FALSE,"annual_depletion","SB/SBF=0",2001,0.327769092046132,"annual"
"Diagnostic model","Diagnostic model",30,30,"Seed 30",FALSE,FALSE,"annual_depletion","SB/SBF=0",2002,0.313417538781859,"annual"
"Diagnostic model","Diagnostic model",30,30,"Seed 30",FALSE,FALSE,"annual_depletion","SB/SBF=0",2003,0.296455462569043,"annual"
"Diagnostic model","Diagnostic model",30,30,"Seed 30",FALSE,FALSE,"annual_depletion","SB/SBF=0",2004,0.285014364703966,"annual"
"Diagnostic model","Diagnostic model",30,30,"Seed 30",FALSE,FALSE,"annual_depletion","SB/SBF=0",2005,0.261689391978867,"annual"
"Diagnostic model","Diagnostic model",30,30,"Seed 30",FALSE,FALSE,"annual_depletion","SB/SBF=0",2006,0.254190551905937,"annual"
"Diagnostic model","Diagnostic model",30,30,"Seed 30",FALSE,FALSE,"annual_depletion","SB/SBF=0",2007,0.246484282246788,"annual"
"Diagnostic model","Diagnostic model",30,30,"Seed 30",FALSE,FALSE,"annual_depletion","SB/SBF=0",2008,0.236219436950088,"annual"
"Diagnostic model","Diagnostic model",30,30,"Seed 30",FALSE,FALSE,"annual_depletion","SB/SBF=0",2009,0.224237435197726,"annual"
"Diagnostic model","Diagnostic model",30,30,"Seed 30",FALSE,FALSE,"annual_depletion","SB/SBF=0",2010,0.21060626805476,"annual"
"Diagnostic model","Diagnostic model",30,30,"Seed 30",FALSE,FALSE,"annual_depletion","SB/SBF=0",2011,0.208471122887041,"annual"
"Diagnostic model","Diagnostic model",30,30,"Seed 30",FALSE,FALSE,"annual_depletion","SB/SBF=0",2012,0.201139145941375,"annual"
"Diagnostic model","Diagnostic model",30,30,"Seed 30",FALSE,FALSE,"annual_depletion","SB/SBF=0",2013,0.192451594910706,"annual"
"Diagnostic model","Diagnostic model",30,30,"Seed 30",FALSE,FALSE,"annual_depletion","SB/SBF=0",2014,0.19609317650561,"annual"
"Diagnostic model","Diagnostic model",30,30,"Seed 30",FALSE,FALSE,"annual_depletion","SB/SBF=0",2015,0.203805516414185,"annual"
"Diagnostic model","Diagnostic model",30,30,"Seed 30",FALSE,FALSE,"annual_depletion","SB/SBF=0",2016,0.206482225083992,"annual"
"Diagnostic model","Diagnostic model",30,30,"Seed 30",FALSE,FALSE,"annual_depletion","SB/SBF=0",2017,0.204865915261577,"annual"
"Diagnostic model","Diagnostic model",30,30,"Seed 30",FALSE,FALSE,"annual_depletion","SB/SBF=0",2018,0.204337481343645,"annual"
"Diagnostic model","Diagnostic model",30,30,"Seed 30",FALSE,FALSE,"annual_depletion","SB/SBF=0",2019,0.202624949919466,"annual"
"Diagnostic model","Diagnostic model",30,30,"Seed 30",FALSE,FALSE,"annual_depletion","SB/SBF=0",2020,0.205540888928,"annual"
"Diagnostic model","Diagnostic model",30,30,"Seed 30",FALSE,FALSE,"annual_depletion","SB/SBF=0",2021,0.21271382813094,"annual"
"Diagnostic model","Diagnostic model",30,30,"Seed 30",FALSE,FALSE,"annual_depletion","SB/SBF=0",2022,0.215009685295166,"annual"
"Diagnostic model","Diagnostic model",30,30,"Seed 30",FALSE,FALSE,"annual_depletion","SB/SBF=0",2023,0.207109715638992,"annual"
"Diagnostic model","Diagnostic model",30,30,"Seed 30",FALSE,FALSE,"annual_depletion","SB/SBF=0",2024,0.185806021816228,"annual"
"Diagnostic model","Diagnostic model",30,30,"Seed 30",FALSE,FALSE,"annual_sb_sbmsy","SB/SBMSY",1952,5.72325,"annual"
"Diagnostic model","Diagnostic model",30,30,"Seed 30",FALSE,FALSE,"annual_sb_sbmsy","SB/SBMSY",1953,5.7615,"annual"
"Diagnostic model","Diagnostic model",30,30,"Seed 30",FALSE,FALSE,"annual_sb_sbmsy","SB/SBMSY",1954,5.802,"annual"
"Diagnostic model","Diagnostic model",30,30,"Seed 30",FALSE,FALSE,"annual_sb_sbmsy","SB/SBMSY",1955,5.83525,"annual"
"Diagnostic model","Diagnostic model",30,30,"Seed 30",FALSE,FALSE,"annual_sb_sbmsy","SB/SBMSY",1956,5.82775,"annual"
"Diagnostic model","Diagnostic model",30,30,"Seed 30",FALSE,FALSE,"annual_sb_sbmsy","SB/SBMSY",1957,5.992,"annual"
"Diagnostic model","Diagnostic model",30,30,"Seed 30",FALSE,FALSE,"annual_sb_sbmsy","SB/SBMSY",1958,5.858,"annual"
"Diagnostic model","Diagnostic model",30,30,"Seed 30",FALSE,FALSE,"annual_sb_sbmsy","SB/SBMSY",1959,5.368,"annual"
"Diagnostic model","Diagnostic model",30,30,"Seed 30",FALSE,FALSE,"annual_sb_sbmsy","SB/SBMSY",1960,4.8325,"annual"
"Diagnostic model","Diagnostic model",30,30,"Seed 30",FALSE,FALSE,"annual_sb_sbmsy","SB/SBMSY",1961,4.65075,"annual"
"Diagnostic model","Diagnostic model",30,30,"Seed 30",FALSE,FALSE,"annual_sb_sbmsy","SB/SBMSY",1962,4.402,"annual"
"Diagnostic model","Diagnostic model",30,30,"Seed 30",FALSE,FALSE,"annual_sb_sbmsy","SB/SBMSY",1963,4.16825,"annual"
"Diagnostic model","Diagnostic model",30,30,"Seed 30",FALSE,FALSE,"annual_sb_sbmsy","SB/SBMSY",1964,3.8995,"annual"
"Diagnostic model","Diagnostic model",30,30,"Seed 30",FALSE,FALSE,"annual_sb_sbmsy","SB/SBMSY",1965,3.78225,"annual"
"Diagnostic model","Diagnostic model",30,30,"Seed 30",FALSE,FALSE,"annual_sb_sbmsy","SB/SBMSY",1966,3.725,"annual"
"Diagnostic model","Diagnostic model",30,30,"Seed 30",FALSE,FALSE,"annual_sb_sbmsy","SB/SBMSY",1967,3.5535,"annual"
"Diagnostic model","Diagnostic model",30,30,"Seed 30",FALSE,FALSE,"annual_sb_sbmsy","SB/SBMSY",1968,3.3795,"annual"
"Diagnostic model","Diagnostic model",30,30,"Seed 30",FALSE,FALSE,"annual_sb_sbmsy","SB/SBMSY",1969,3.38275,"annual"
"Diagnostic model","Diagnostic model",30,30,"Seed 30",FALSE,FALSE,"annual_sb_sbmsy","SB/SBMSY",1970,3.27025,"annual"
"Diagnostic model","Diagnostic model",30,30,"Seed 30",FALSE,FALSE,"annual_sb_sbmsy","SB/SBMSY",1971,3.18025,"annual"
"Diagnostic model","Diagnostic model",30,30,"Seed 30",FALSE,FALSE,"annual_sb_sbmsy","SB/SBMSY",1972,3.1655,"annual"
"Diagnostic model","Diagnostic model",30,30,"Seed 30",FALSE,FALSE,"annual_sb_sbmsy","SB/SBMSY",1973,2.974,"annual"
"Diagnostic model","Diagnostic model",30,30,"Seed 30",FALSE,FALSE,"annual_sb_sbmsy","SB/SBMSY",1974,2.80725,"annual"
"Diagnostic model","Diagnostic model",30,30,"Seed 30",FALSE,FALSE,"annual_sb_sbmsy","SB/SBMSY",1975,2.71075,"annual"
"Diagnostic model","Diagnostic model",30,30,"Seed 30",FALSE,FALSE,"annual_sb_sbmsy","SB/SBMSY",1976,2.563,"annual"
"Diagnostic model","Diagnostic model",30,30,"Seed 30",FALSE,FALSE,"annual_sb_sbmsy","SB/SBMSY",1977,2.5175,"annual"
"Diagnostic model","Diagnostic model",30,30,"Seed 30",FALSE,FALSE,"annual_sb_sbmsy","SB/SBMSY",1978,2.58475,"annual"
"Diagnostic model","Diagnostic model",30,30,"Seed 30",FALSE,FALSE,"annual_sb_sbmsy","SB/SBMSY",1979,2.5495,"annual"
"Diagnostic model","Diagnostic model",30,30,"Seed 30",FALSE,FALSE,"annual_sb_sbmsy","SB/SBMSY",1980,2.46175,"annual"
"Diagnostic model","Diagnostic model",30,30,"Seed 30",FALSE,FALSE,"annual_sb_sbmsy","SB/SBMSY",1981,2.27625,"annual"
"Diagnostic model","Diagnostic model",30,30,"Seed 30",FALSE,FALSE,"annual_sb_sbmsy","SB/SBMSY",1982,2.17875,"annual"
"Diagnostic model","Diagnostic model",30,30,"Seed 30",FALSE,FALSE,"annual_sb_sbmsy","SB/SBMSY",1983,2.188,"annual"
"Diagnostic model","Diagnostic model",30,30,"Seed 30",FALSE,FALSE,"annual_sb_sbmsy","SB/SBMSY",1984,2.32175,"annual"
"Diagnostic model","Diagnostic model",30,30,"Seed 30",FALSE,FALSE,"annual_sb_sbmsy","SB/SBMSY",1985,2.38825,"annual"
"Diagnostic model","Diagnostic model",30,30,"Seed 30",FALSE,FALSE,"annual_sb_sbmsy","SB/SBMSY",1986,2.33225,"annual"
"Diagnostic model","Diagnostic model",30,30,"Seed 30",FALSE,FALSE,"annual_sb_sbmsy","SB/SBMSY",1987,2.3175,"annual"
"Diagnostic model","Diagnostic model",30,30,"Seed 30",FALSE,FALSE,"annual_sb_sbmsy","SB/SBMSY",1988,2.32625,"annual"
"Diagnostic model","Diagnostic model",30,30,"Seed 30",FALSE,FALSE,"annual_sb_sbmsy","SB/SBMSY",1989,2.30875,"annual"
"Diagnostic model","Diagnostic model",30,30,"Seed 30",FALSE,FALSE,"annual_sb_sbmsy","SB/SBMSY",1990,2.423,"annual"
"Diagnostic model","Diagnostic model",30,30,"Seed 30",FALSE,FALSE,"annual_sb_sbmsy","SB/SBMSY",1991,2.472,"annual"
"Diagnostic model","Diagnostic model",30,30,"Seed 30",FALSE,FALSE,"annual_sb_sbmsy","SB/SBMSY",1992,2.4255,"annual"
"Diagnostic model","Diagnostic model",30,30,"Seed 30",FALSE,FALSE,"annual_sb_sbmsy","SB/SBMSY",1993,2.27975,"annual"
"Diagnostic model","Diagnostic model",30,30,"Seed 30",FALSE,FALSE,"annual_sb_sbmsy","SB/SBMSY",1994,2.2015,"annual"
"Diagnostic model","Diagnostic model",30,30,"Seed 30",FALSE,FALSE,"annual_sb_sbmsy","SB/SBMSY",1995,2.09375,"annual"
"Diagnostic model","Diagnostic model",30,30,"Seed 30",FALSE,FALSE,"annual_sb_sbmsy","SB/SBMSY",1996,2.03825,"annual"
"Diagnostic model","Diagnostic model",30,30,"Seed 30",FALSE,FALSE,"annual_sb_sbmsy","SB/SBMSY",1997,2.16275,"annual"
"Diagnostic model","Diagnostic model",30,30,"Seed 30",FALSE,FALSE,"annual_sb_sbmsy","SB/SBMSY",1998,2.12975,"annual"
"Diagnostic model","Diagnostic model",30,30,"Seed 30",FALSE,FALSE,"annual_sb_sbmsy","SB/SBMSY",1999,2.02275,"annual"
"Diagnostic model","Diagnostic model",30,30,"Seed 30",FALSE,FALSE,"annual_sb_sbmsy","SB/SBMSY",2000,1.87275,"annual"
"Diagnostic model","Diagnostic model",30,30,"Seed 30",FALSE,FALSE,"annual_sb_sbmsy","SB/SBMSY",2001,1.7555,"annual"
"Diagnostic model","Diagnostic model",30,30,"Seed 30",FALSE,FALSE,"annual_sb_sbmsy","SB/SBMSY",2002,1.72075,"annual"
"Diagnostic model","Diagnostic model",30,30,"Seed 30",FALSE,FALSE,"annual_sb_sbmsy","SB/SBMSY",2003,1.692,"annual"
"Diagnostic model","Diagnostic model",30,30,"Seed 30",FALSE,FALSE,"annual_sb_sbmsy","SB/SBMSY",2004,1.653,"annual"
"Diagnostic model","Diagnostic model",30,30,"Seed 30",FALSE,FALSE,"annual_sb_sbmsy","SB/SBMSY",2005,1.51625,"annual"
"Diagnostic model","Diagnostic model",30,30,"Seed 30",FALSE,FALSE,"annual_sb_sbmsy","SB/SBMSY",2006,1.4785,"annual"
"Diagnostic model","Diagnostic model",30,30,"Seed 30",FALSE,FALSE,"annual_sb_sbmsy","SB/SBMSY",2007,1.45525,"annual"
"Diagnostic model","Diagnostic model",30,30,"Seed 30",FALSE,FALSE,"annual_sb_sbmsy","SB/SBMSY",2008,1.3905,"annual"
"Diagnostic model","Diagnostic model",30,30,"Seed 30",FALSE,FALSE,"annual_sb_sbmsy","SB/SBMSY",2009,1.301,"annual"
"Diagnostic model","Diagnostic model",30,30,"Seed 30",FALSE,FALSE,"annual_sb_sbmsy","SB/SBMSY",2010,1.21325,"annual"
"Diagnostic model","Diagnostic model",30,30,"Seed 30",FALSE,FALSE,"annual_sb_sbmsy","SB/SBMSY",2011,1.2105,"annual"
"Diagnostic model","Diagnostic model",30,30,"Seed 30",FALSE,FALSE,"annual_sb_sbmsy","SB/SBMSY",2012,1.17175,"annual"
"Diagnostic model","Diagnostic model",30,30,"Seed 30",FALSE,FALSE,"annual_sb_sbmsy","SB/SBMSY",2013,1.102,"annual"
"Diagnostic model","Diagnostic model",30,30,"Seed 30",FALSE,FALSE,"annual_sb_sbmsy","SB/SBMSY",2014,1.129,"annual"
"Diagnostic model","Diagnostic model",30,30,"Seed 30",FALSE,FALSE,"annual_sb_sbmsy","SB/SBMSY",2015,1.22125,"annual"
"Diagnostic model","Diagnostic model",30,30,"Seed 30",FALSE,FALSE,"annual_sb_sbmsy","SB/SBMSY",2016,1.269,"annual"
"Diagnostic model","Diagnostic model",30,30,"Seed 30",FALSE,FALSE,"annual_sb_sbmsy","SB/SBMSY",2017,1.24825,"annual"
"Diagnostic model","Diagnostic model",30,30,"Seed 30",FALSE,FALSE,"annual_sb_sbmsy","SB/SBMSY",2018,1.23175,"annual"
"Diagnostic model","Diagnostic model",30,30,"Seed 30",FALSE,FALSE,"annual_sb_sbmsy","SB/SBMSY",2019,1.21625,"annual"
"Diagnostic model","Diagnostic model",30,30,"Seed 30",FALSE,FALSE,"annual_sb_sbmsy","SB/SBMSY",2020,1.228,"annual"
"Diagnostic model","Diagnostic model",30,30,"Seed 30",FALSE,FALSE,"annual_sb_sbmsy","SB/SBMSY",2021,1.253,"annual"
"Diagnostic model","Diagnostic model",30,30,"Seed 30",FALSE,FALSE,"annual_sb_sbmsy","SB/SBMSY",2022,1.245,"annual"
"Diagnostic model","Diagnostic model",30,30,"Seed 30",FALSE,FALSE,"annual_sb_sbmsy","SB/SBMSY",2023,1.168,"annual"
"Diagnostic model","Diagnostic model",30,30,"Seed 30",FALSE,FALSE,"annual_sb_sbmsy","SB/SBMSY",2024,1.02375,"annual"
"Diagnostic model","Diagnostic model",30,30,"Seed 30",FALSE,FALSE,"annual_f_fmsy","F/FMSY",1952,0.0669675,"annual"
"Diagnostic model","Diagnostic model",30,30,"Seed 30",FALSE,FALSE,"annual_f_fmsy","F/FMSY",1953,0.06225,"annual"
"Diagnostic model","Diagnostic model",30,30,"Seed 30",FALSE,FALSE,"annual_f_fmsy","F/FMSY",1954,0.04221,"annual"
"Diagnostic model","Diagnostic model",30,30,"Seed 30",FALSE,FALSE,"annual_f_fmsy","F/FMSY",1955,0.0674475,"annual"
"Diagnostic model","Diagnostic model",30,30,"Seed 30",FALSE,FALSE,"annual_f_fmsy","F/FMSY",1956,0.07523,"annual"
"Diagnostic model","Diagnostic model",30,30,"Seed 30",FALSE,FALSE,"annual_f_fmsy","F/FMSY",1957,0.102695,"annual"
"Diagnostic model","Diagnostic model",30,30,"Seed 30",FALSE,FALSE,"annual_f_fmsy","F/FMSY",1958,0.15211,"annual"
"Diagnostic model","Diagnostic model",30,30,"Seed 30",FALSE,FALSE,"annual_f_fmsy","F/FMSY",1959,0.141375,"annual"
"Diagnostic model","Diagnostic model",30,30,"Seed 30",FALSE,FALSE,"annual_f_fmsy","F/FMSY",1960,0.1420625,"annual"
"Diagnostic model","Diagnostic model",30,30,"Seed 30",FALSE,FALSE,"annual_f_fmsy","F/FMSY",1961,0.1387,"annual"
"Diagnostic model","Diagnostic model",30,30,"Seed 30",FALSE,FALSE,"annual_f_fmsy","F/FMSY",1962,0.13375,"annual"
"Diagnostic model","Diagnostic model",30,30,"Seed 30",FALSE,FALSE,"annual_f_fmsy","F/FMSY",1963,0.1727,"annual"
"Diagnostic model","Diagnostic model",30,30,"Seed 30",FALSE,FALSE,"annual_f_fmsy","F/FMSY",1964,0.128905,"annual"
"Diagnostic model","Diagnostic model",30,30,"Seed 30",FALSE,FALSE,"annual_f_fmsy","F/FMSY",1965,0.121775,"annual"
"Diagnostic model","Diagnostic model",30,30,"Seed 30",FALSE,FALSE,"annual_f_fmsy","F/FMSY",1966,0.137875,"annual"
"Diagnostic model","Diagnostic model",30,30,"Seed 30",FALSE,FALSE,"annual_f_fmsy","F/FMSY",1967,0.149875,"annual"
"Diagnostic model","Diagnostic model",30,30,"Seed 30",FALSE,FALSE,"annual_f_fmsy","F/FMSY",1968,0.123005,"annual"
"Diagnostic model","Diagnostic model",30,30,"Seed 30",FALSE,FALSE,"annual_f_fmsy","F/FMSY",1969,0.15385,"annual"
"Diagnostic model","Diagnostic model",30,30,"Seed 30",FALSE,FALSE,"annual_f_fmsy","F/FMSY",1970,0.146275,"annual"
"Diagnostic model","Diagnostic model",30,30,"Seed 30",FALSE,FALSE,"annual_f_fmsy","F/FMSY",1971,0.150425,"annual"
"Diagnostic model","Diagnostic model",30,30,"Seed 30",FALSE,FALSE,"annual_f_fmsy","F/FMSY",1972,0.209025,"annual"
"Diagnostic model","Diagnostic model",30,30,"Seed 30",FALSE,FALSE,"annual_f_fmsy","F/FMSY",1973,0.17655,"annual"
"Diagnostic model","Diagnostic model",30,30,"Seed 30",FALSE,FALSE,"annual_f_fmsy","F/FMSY",1974,0.198925,"annual"
"Diagnostic model","Diagnostic model",30,30,"Seed 30",FALSE,FALSE,"annual_f_fmsy","F/FMSY",1975,0.253125,"annual"
"Diagnostic model","Diagnostic model",30,30,"Seed 30",FALSE,FALSE,"annual_f_fmsy","F/FMSY",1976,0.2682,"annual"
"Diagnostic model","Diagnostic model",30,30,"Seed 30",FALSE,FALSE,"annual_f_fmsy","F/FMSY",1977,0.29935,"annual"
"Diagnostic model","Diagnostic model",30,30,"Seed 30",FALSE,FALSE,"annual_f_fmsy","F/FMSY",1978,0.24795,"annual"
"Diagnostic model","Diagnostic model",30,30,"Seed 30",FALSE,FALSE,"annual_f_fmsy","F/FMSY",1979,0.319925,"annual"
"Diagnostic model","Diagnostic model",30,30,"Seed 30",FALSE,FALSE,"annual_f_fmsy","F/FMSY",1980,0.322075,"annual"
"Diagnostic model","Diagnostic model",30,30,"Seed 30",FALSE,FALSE,"annual_f_fmsy","F/FMSY",1981,0.303275,"annual"
"Diagnostic model","Diagnostic model",30,30,"Seed 30",FALSE,FALSE,"annual_f_fmsy","F/FMSY",1982,0.35135,"annual"
"Diagnostic model","Diagnostic model",30,30,"Seed 30",FALSE,FALSE,"annual_f_fmsy","F/FMSY",1983,0.3489,"annual"
"Diagnostic model","Diagnostic model",30,30,"Seed 30",FALSE,FALSE,"annual_f_fmsy","F/FMSY",1984,0.3806,"annual"
"Diagnostic model","Diagnostic model",30,30,"Seed 30",FALSE,FALSE,"annual_f_fmsy","F/FMSY",1985,0.3972,"annual"
"Diagnostic model","Diagnostic model",30,30,"Seed 30",FALSE,FALSE,"annual_f_fmsy","F/FMSY",1986,0.3666,"annual"
"Diagnostic model","Diagnostic model",30,30,"Seed 30",FALSE,FALSE,"annual_f_fmsy","F/FMSY",1987,0.47065,"annual"
"Diagnostic model","Diagnostic model",30,30,"Seed 30",FALSE,FALSE,"annual_f_fmsy","F/FMSY",1988,0.406875,"annual"
"Diagnostic model","Diagnostic model",30,30,"Seed 30",FALSE,FALSE,"annual_f_fmsy","F/FMSY",1989,0.404025,"annual"
"Diagnostic model","Diagnostic model",30,30,"Seed 30",FALSE,FALSE,"annual_f_fmsy","F/FMSY",1990,0.49885,"annual"
"Diagnostic model","Diagnostic model",30,30,"Seed 30",FALSE,FALSE,"annual_f_fmsy","F/FMSY",1991,0.462475,"annual"
"Diagnostic model","Diagnostic model",30,30,"Seed 30",FALSE,FALSE,"annual_f_fmsy","F/FMSY",1992,0.580175,"annual"
"Diagnostic model","Diagnostic model",30,30,"Seed 30",FALSE,FALSE,"annual_f_fmsy","F/FMSY",1993,0.518,"annual"
"Diagnostic model","Diagnostic model",30,30,"Seed 30",FALSE,FALSE,"annual_f_fmsy","F/FMSY",1994,0.5995,"annual"
"Diagnostic model","Diagnostic model",30,30,"Seed 30",FALSE,FALSE,"annual_f_fmsy","F/FMSY",1995,0.52935,"annual"
"Diagnostic model","Diagnostic model",30,30,"Seed 30",FALSE,FALSE,"annual_f_fmsy","F/FMSY",1996,0.494425,"annual"
"Diagnostic model","Diagnostic model",30,30,"Seed 30",FALSE,FALSE,"annual_f_fmsy","F/FMSY",1997,0.627925,"annual"
"Diagnostic model","Diagnostic model",30,30,"Seed 30",FALSE,FALSE,"annual_f_fmsy","F/FMSY",1998,0.744875,"annual"
"Diagnostic model","Diagnostic model",30,30,"Seed 30",FALSE,FALSE,"annual_f_fmsy","F/FMSY",1999,0.819325,"annual"
"Diagnostic model","Diagnostic model",30,30,"Seed 30",FALSE,FALSE,"annual_f_fmsy","F/FMSY",2000,0.79255,"annual"
"Diagnostic model","Diagnostic model",30,30,"Seed 30",FALSE,FALSE,"annual_f_fmsy","F/FMSY",2001,0.682375,"annual"
"Diagnostic model","Diagnostic model",30,30,"Seed 30",FALSE,FALSE,"annual_f_fmsy","F/FMSY",2002,0.855775,"annual"
"Diagnostic model","Diagnostic model",30,30,"Seed 30",FALSE,FALSE,"annual_f_fmsy","F/FMSY",2003,0.780425,"annual"
"Diagnostic model","Diagnostic model",30,30,"Seed 30",FALSE,FALSE,"annual_f_fmsy","F/FMSY",2004,1.08935,"annual"
"Diagnostic model","Diagnostic model",30,30,"Seed 30",FALSE,FALSE,"annual_f_fmsy","F/FMSY",2005,0.880975,"annual"
"Diagnostic model","Diagnostic model",30,30,"Seed 30",FALSE,FALSE,"annual_f_fmsy","F/FMSY",2006,0.9528,"annual"
"Diagnostic model","Diagnostic model",30,30,"Seed 30",FALSE,FALSE,"annual_f_fmsy","F/FMSY",2007,0.9728,"annual"
"Diagnostic model","Diagnostic model",30,30,"Seed 30",FALSE,FALSE,"annual_f_fmsy","F/FMSY",2008,1.04245,"annual"
"Diagnostic model","Diagnostic model",30,30,"Seed 30",FALSE,FALSE,"annual_f_fmsy","F/FMSY",2009,1.056625,"annual"
"Diagnostic model","Diagnostic model",30,30,"Seed 30",FALSE,FALSE,"annual_f_fmsy","F/FMSY",2010,0.8822,"annual"
"Diagnostic model","Diagnostic model",30,30,"Seed 30",FALSE,FALSE,"annual_f_fmsy","F/FMSY",2011,1.099525,"annual"
"Diagnostic model","Diagnostic model",30,30,"Seed 30",FALSE,FALSE,"annual_f_fmsy","F/FMSY",2012,1.1181,"annual"
"Diagnostic model","Diagnostic model",30,30,"Seed 30",FALSE,FALSE,"annual_f_fmsy","F/FMSY",2013,1.0125,"annual"
"Diagnostic model","Diagnostic model",30,30,"Seed 30",FALSE,FALSE,"annual_f_fmsy","F/FMSY",2014,1.0878,"annual"
"Diagnostic model","Diagnostic model",30,30,"Seed 30",FALSE,FALSE,"annual_f_fmsy","F/FMSY",2015,0.9782,"annual"
"Diagnostic model","Diagnostic model",30,30,"Seed 30",FALSE,FALSE,"annual_f_fmsy","F/FMSY",2016,1.019775,"annual"
"Diagnostic model","Diagnostic model",30,30,"Seed 30",FALSE,FALSE,"annual_f_fmsy","F/FMSY",2017,0.861925,"annual"
"Diagnostic model","Diagnostic model",30,30,"Seed 30",FALSE,FALSE,"annual_f_fmsy","F/FMSY",2018,1.00535,"annual"
"Diagnostic model","Diagnostic model",30,30,"Seed 30",FALSE,FALSE,"annual_f_fmsy","F/FMSY",2019,0.88945,"annual"
"Diagnostic model","Diagnostic model",30,30,"Seed 30",FALSE,FALSE,"annual_f_fmsy","F/FMSY",2020,0.945725,"annual"
"Diagnostic model","Diagnostic model",30,30,"Seed 30",FALSE,FALSE,"annual_f_fmsy","F/FMSY",2021,0.94275,"annual"
"Diagnostic model","Diagnostic model",30,30,"Seed 30",FALSE,FALSE,"annual_f_fmsy","F/FMSY",2022,1.03155,"annual"
"Diagnostic model","Diagnostic model",30,30,"Seed 30",FALSE,FALSE,"annual_f_fmsy","F/FMSY",2023,1.11525,"annual"
"Diagnostic model","Diagnostic model",30,30,"Seed 30",FALSE,FALSE,"annual_f_fmsy","F/FMSY",2024,1.222125,"annual"
"Diagnostic model","Diagnostic model",NA,NA,"Diagnostic model (unjittered)",TRUE,FALSE,"annual_depletion","SB/SBF=0",1952,0.992718785649431,"annual"
"Diagnostic model","Diagnostic model",NA,NA,"Diagnostic model (unjittered)",TRUE,FALSE,"annual_depletion","SB/SBF=0",1953,0.970127209310252,"annual"
"Diagnostic model","Diagnostic model",NA,NA,"Diagnostic model (unjittered)",TRUE,FALSE,"annual_depletion","SB/SBF=0",1954,0.95650726335956,"annual"
"Diagnostic model","Diagnostic model",NA,NA,"Diagnostic model (unjittered)",TRUE,FALSE,"annual_depletion","SB/SBF=0",1955,0.945397444743166,"annual"
"Diagnostic model","Diagnostic model",NA,NA,"Diagnostic model (unjittered)",TRUE,FALSE,"annual_depletion","SB/SBF=0",1956,0.930928381389111,"annual"
"Diagnostic model","Diagnostic model",NA,NA,"Diagnostic model (unjittered)",TRUE,FALSE,"annual_depletion","SB/SBF=0",1957,0.917530865047377,"annual"
"Diagnostic model","Diagnostic model",NA,NA,"Diagnostic model (unjittered)",TRUE,FALSE,"annual_depletion","SB/SBF=0",1958,0.8934497622691,"annual"
"Diagnostic model","Diagnostic model",NA,NA,"Diagnostic model (unjittered)",TRUE,FALSE,"annual_depletion","SB/SBF=0",1959,0.862154700592518,"annual"
"Diagnostic model","Diagnostic model",NA,NA,"Diagnostic model (unjittered)",TRUE,FALSE,"annual_depletion","SB/SBF=0",1960,0.837247211337865,"annual"
"Diagnostic model","Diagnostic model",NA,NA,"Diagnostic model (unjittered)",TRUE,FALSE,"annual_depletion","SB/SBF=0",1961,0.825592877600478,"annual"
"Diagnostic model","Diagnostic model",NA,NA,"Diagnostic model (unjittered)",TRUE,FALSE,"annual_depletion","SB/SBF=0",1962,0.813186881226433,"annual"
"Diagnostic model","Diagnostic model",NA,NA,"Diagnostic model (unjittered)",TRUE,FALSE,"annual_depletion","SB/SBF=0",1963,0.801829156601062,"annual"
"Diagnostic model","Diagnostic model",NA,NA,"Diagnostic model (unjittered)",TRUE,FALSE,"annual_depletion","SB/SBF=0",1964,0.787853216919479,"annual"
"Diagnostic model","Diagnostic model",NA,NA,"Diagnostic model (unjittered)",TRUE,FALSE,"annual_depletion","SB/SBF=0",1965,0.792429781000033,"annual"
"Diagnostic model","Diagnostic model",NA,NA,"Diagnostic model (unjittered)",TRUE,FALSE,"annual_depletion","SB/SBF=0",1966,0.797690797610089,"annual"
"Diagnostic model","Diagnostic model",NA,NA,"Diagnostic model (unjittered)",TRUE,FALSE,"annual_depletion","SB/SBF=0",1967,0.792873385203486,"annual"
"Diagnostic model","Diagnostic model",NA,NA,"Diagnostic model (unjittered)",TRUE,FALSE,"annual_depletion","SB/SBF=0",1968,0.789533861263289,"annual"
"Diagnostic model","Diagnostic model",NA,NA,"Diagnostic model (unjittered)",TRUE,FALSE,"annual_depletion","SB/SBF=0",1969,0.7935836237068,"annual"
"Diagnostic model","Diagnostic model",NA,NA,"Diagnostic model (unjittered)",TRUE,FALSE,"annual_depletion","SB/SBF=0",1970,0.789019425503866,"annual"
"Diagnostic model","Diagnostic model",NA,NA,"Diagnostic model (unjittered)",TRUE,FALSE,"annual_depletion","SB/SBF=0",1971,0.785610476939345,"annual"
"Diagnostic model","Diagnostic model",NA,NA,"Diagnostic model (unjittered)",TRUE,FALSE,"annual_depletion","SB/SBF=0",1972,0.781162160919167,"annual"
"Diagnostic model","Diagnostic model",NA,NA,"Diagnostic model (unjittered)",TRUE,FALSE,"annual_depletion","SB/SBF=0",1973,0.760694082145569,"annual"
"Diagnostic model","Diagnostic model",NA,NA,"Diagnostic model (unjittered)",TRUE,FALSE,"annual_depletion","SB/SBF=0",1974,0.747739813088462,"annual"
"Diagnostic model","Diagnostic model",NA,NA,"Diagnostic model (unjittered)",TRUE,FALSE,"annual_depletion","SB/SBF=0",1975,0.733578194986007,"annual"
"Diagnostic model","Diagnostic model",NA,NA,"Diagnostic model (unjittered)",TRUE,FALSE,"annual_depletion","SB/SBF=0",1976,0.707299877956822,"annual"
"Diagnostic model","Diagnostic model",NA,NA,"Diagnostic model (unjittered)",TRUE,FALSE,"annual_depletion","SB/SBF=0",1977,0.686876460367863,"annual"
"Diagnostic model","Diagnostic model",NA,NA,"Diagnostic model (unjittered)",TRUE,FALSE,"annual_depletion","SB/SBF=0",1978,0.678178441872517,"annual"
"Diagnostic model","Diagnostic model",NA,NA,"Diagnostic model (unjittered)",TRUE,FALSE,"annual_depletion","SB/SBF=0",1979,0.660691370919609,"annual"
"Diagnostic model","Diagnostic model",NA,NA,"Diagnostic model (unjittered)",TRUE,FALSE,"annual_depletion","SB/SBF=0",1980,0.634473224135001,"annual"
"Diagnostic model","Diagnostic model",NA,NA,"Diagnostic model (unjittered)",TRUE,FALSE,"annual_depletion","SB/SBF=0",1981,0.610977156975227,"annual"
"Diagnostic model","Diagnostic model",NA,NA,"Diagnostic model (unjittered)",TRUE,FALSE,"annual_depletion","SB/SBF=0",1982,0.59841792558553,"annual"
"Diagnostic model","Diagnostic model",NA,NA,"Diagnostic model (unjittered)",TRUE,FALSE,"annual_depletion","SB/SBF=0",1983,0.590015830777002,"annual"
"Diagnostic model","Diagnostic model",NA,NA,"Diagnostic model (unjittered)",TRUE,FALSE,"annual_depletion","SB/SBF=0",1984,0.585393393772353,"annual"
"Diagnostic model","Diagnostic model",NA,NA,"Diagnostic model (unjittered)",TRUE,FALSE,"annual_depletion","SB/SBF=0",1985,0.56475083385268,"annual"
"Diagnostic model","Diagnostic model",NA,NA,"Diagnostic model (unjittered)",TRUE,FALSE,"annual_depletion","SB/SBF=0",1986,0.539102818268137,"annual"
"Diagnostic model","Diagnostic model",NA,NA,"Diagnostic model (unjittered)",TRUE,FALSE,"annual_depletion","SB/SBF=0",1987,0.522464493958485,"annual"
"Diagnostic model","Diagnostic model",NA,NA,"Diagnostic model (unjittered)",TRUE,FALSE,"annual_depletion","SB/SBF=0",1988,0.502368194477179,"annual"
"Diagnostic model","Diagnostic model",NA,NA,"Diagnostic model (unjittered)",TRUE,FALSE,"annual_depletion","SB/SBF=0",1989,0.488016118931065,"annual"
"Diagnostic model","Diagnostic model",NA,NA,"Diagnostic model (unjittered)",TRUE,FALSE,"annual_depletion","SB/SBF=0",1990,0.481915058895096,"annual"
"Diagnostic model","Diagnostic model",NA,NA,"Diagnostic model (unjittered)",TRUE,FALSE,"annual_depletion","SB/SBF=0",1991,0.471830942009709,"annual"
"Diagnostic model","Diagnostic model",NA,NA,"Diagnostic model (unjittered)",TRUE,FALSE,"annual_depletion","SB/SBF=0",1992,0.454686373029701,"annual"
"Diagnostic model","Diagnostic model",NA,NA,"Diagnostic model (unjittered)",TRUE,FALSE,"annual_depletion","SB/SBF=0",1993,0.426557061408742,"annual"
"Diagnostic model","Diagnostic model",NA,NA,"Diagnostic model (unjittered)",TRUE,FALSE,"annual_depletion","SB/SBF=0",1994,0.403507598373932,"annual"
"Diagnostic model","Diagnostic model",NA,NA,"Diagnostic model (unjittered)",TRUE,FALSE,"annual_depletion","SB/SBF=0",1995,0.377615517890182,"annual"
"Diagnostic model","Diagnostic model",NA,NA,"Diagnostic model (unjittered)",TRUE,FALSE,"annual_depletion","SB/SBF=0",1996,0.36924345328469,"annual"
"Diagnostic model","Diagnostic model",NA,NA,"Diagnostic model (unjittered)",TRUE,FALSE,"annual_depletion","SB/SBF=0",1997,0.384320352767339,"annual"
"Diagnostic model","Diagnostic model",NA,NA,"Diagnostic model (unjittered)",TRUE,FALSE,"annual_depletion","SB/SBF=0",1998,0.368505791038453,"annual"
"Diagnostic model","Diagnostic model",NA,NA,"Diagnostic model (unjittered)",TRUE,FALSE,"annual_depletion","SB/SBF=0",1999,0.343750185873606,"annual"
"Diagnostic model","Diagnostic model",NA,NA,"Diagnostic model (unjittered)",TRUE,FALSE,"annual_depletion","SB/SBF=0",2000,0.312775730728972,"annual"
"Diagnostic model","Diagnostic model",NA,NA,"Diagnostic model (unjittered)",TRUE,FALSE,"annual_depletion","SB/SBF=0",2001,0.289565063352168,"annual"
"Diagnostic model","Diagnostic model",NA,NA,"Diagnostic model (unjittered)",TRUE,FALSE,"annual_depletion","SB/SBF=0",2002,0.275380038599197,"annual"
"Diagnostic model","Diagnostic model",NA,NA,"Diagnostic model (unjittered)",TRUE,FALSE,"annual_depletion","SB/SBF=0",2003,0.259960987497568,"annual"
"Diagnostic model","Diagnostic model",NA,NA,"Diagnostic model (unjittered)",TRUE,FALSE,"annual_depletion","SB/SBF=0",2004,0.250962382487151,"annual"
"Diagnostic model","Diagnostic model",NA,NA,"Diagnostic model (unjittered)",TRUE,FALSE,"annual_depletion","SB/SBF=0",2005,0.228864776357293,"annual"
"Diagnostic model","Diagnostic model",NA,NA,"Diagnostic model (unjittered)",TRUE,FALSE,"annual_depletion","SB/SBF=0",2006,0.22273458329106,"annual"
"Diagnostic model","Diagnostic model",NA,NA,"Diagnostic model (unjittered)",TRUE,FALSE,"annual_depletion","SB/SBF=0",2007,0.217198268901065,"annual"
"Diagnostic model","Diagnostic model",NA,NA,"Diagnostic model (unjittered)",TRUE,FALSE,"annual_depletion","SB/SBF=0",2008,0.208522707861897,"annual"
"Diagnostic model","Diagnostic model",NA,NA,"Diagnostic model (unjittered)",TRUE,FALSE,"annual_depletion","SB/SBF=0",2009,0.196563529658283,"annual"
"Diagnostic model","Diagnostic model",NA,NA,"Diagnostic model (unjittered)",TRUE,FALSE,"annual_depletion","SB/SBF=0",2010,0.182814277552845,"annual"
"Diagnostic model","Diagnostic model",NA,NA,"Diagnostic model (unjittered)",TRUE,FALSE,"annual_depletion","SB/SBF=0",2011,0.181754736935161,"annual"
"Diagnostic model","Diagnostic model",NA,NA,"Diagnostic model (unjittered)",TRUE,FALSE,"annual_depletion","SB/SBF=0",2012,0.176271639509127,"annual"
"Diagnostic model","Diagnostic model",NA,NA,"Diagnostic model (unjittered)",TRUE,FALSE,"annual_depletion","SB/SBF=0",2013,0.16830879899882,"annual"
"Diagnostic model","Diagnostic model",NA,NA,"Diagnostic model (unjittered)",TRUE,FALSE,"annual_depletion","SB/SBF=0",2014,0.171424568159078,"annual"
"Diagnostic model","Diagnostic model",NA,NA,"Diagnostic model (unjittered)",TRUE,FALSE,"annual_depletion","SB/SBF=0",2015,0.177121215248395,"annual"
"Diagnostic model","Diagnostic model",NA,NA,"Diagnostic model (unjittered)",TRUE,FALSE,"annual_depletion","SB/SBF=0",2016,0.17808569525043,"annual"
"Diagnostic model","Diagnostic model",NA,NA,"Diagnostic model (unjittered)",TRUE,FALSE,"annual_depletion","SB/SBF=0",2017,0.175712976270673,"annual"
"Diagnostic model","Diagnostic model",NA,NA,"Diagnostic model (unjittered)",TRUE,FALSE,"annual_depletion","SB/SBF=0",2018,0.175932033998965,"annual"
"Diagnostic model","Diagnostic model",NA,NA,"Diagnostic model (unjittered)",TRUE,FALSE,"annual_depletion","SB/SBF=0",2019,0.17520573345278,"annual"
"Diagnostic model","Diagnostic model",NA,NA,"Diagnostic model (unjittered)",TRUE,FALSE,"annual_depletion","SB/SBF=0",2020,0.178712793939755,"annual"
"Diagnostic model","Diagnostic model",NA,NA,"Diagnostic model (unjittered)",TRUE,FALSE,"annual_depletion","SB/SBF=0",2021,0.185328213124598,"annual"
"Diagnostic model","Diagnostic model",NA,NA,"Diagnostic model (unjittered)",TRUE,FALSE,"annual_depletion","SB/SBF=0",2022,0.188611504374898,"annual"
"Diagnostic model","Diagnostic model",NA,NA,"Diagnostic model (unjittered)",TRUE,FALSE,"annual_depletion","SB/SBF=0",2023,0.183232559519269,"annual"
"Diagnostic model","Diagnostic model",NA,NA,"Diagnostic model (unjittered)",TRUE,FALSE,"annual_depletion","SB/SBF=0",2024,0.161670357810229,"annual"
"Diagnostic model","Diagnostic model",NA,NA,"Diagnostic model (unjittered)",TRUE,FALSE,"annual_sb_sbmsy","SB/SBMSY",1952,4.8985,"annual"
"Diagnostic model","Diagnostic model",NA,NA,"Diagnostic model (unjittered)",TRUE,FALSE,"annual_sb_sbmsy","SB/SBMSY",1953,4.9045,"annual"
"Diagnostic model","Diagnostic model",NA,NA,"Diagnostic model (unjittered)",TRUE,FALSE,"annual_sb_sbmsy","SB/SBMSY",1954,4.92275,"annual"
"Diagnostic model","Diagnostic model",NA,NA,"Diagnostic model (unjittered)",TRUE,FALSE,"annual_sb_sbmsy","SB/SBMSY",1955,4.94475,"annual"
"Diagnostic model","Diagnostic model",NA,NA,"Diagnostic model (unjittered)",TRUE,FALSE,"annual_sb_sbmsy","SB/SBMSY",1956,4.944,"annual"
"Diagnostic model","Diagnostic model",NA,NA,"Diagnostic model (unjittered)",TRUE,FALSE,"annual_sb_sbmsy","SB/SBMSY",1957,5.10375,"annual"
"Diagnostic model","Diagnostic model",NA,NA,"Diagnostic model (unjittered)",TRUE,FALSE,"annual_sb_sbmsy","SB/SBMSY",1958,5.008,"annual"
"Diagnostic model","Diagnostic model",NA,NA,"Diagnostic model (unjittered)",TRUE,FALSE,"annual_sb_sbmsy","SB/SBMSY",1959,4.60075,"annual"
"Diagnostic model","Diagnostic model",NA,NA,"Diagnostic model (unjittered)",TRUE,FALSE,"annual_sb_sbmsy","SB/SBMSY",1960,4.1645,"annual"
"Diagnostic model","Diagnostic model",NA,NA,"Diagnostic model (unjittered)",TRUE,FALSE,"annual_sb_sbmsy","SB/SBMSY",1961,4.018,"annual"
"Diagnostic model","Diagnostic model",NA,NA,"Diagnostic model (unjittered)",TRUE,FALSE,"annual_sb_sbmsy","SB/SBMSY",1962,3.77175,"annual"
"Diagnostic model","Diagnostic model",NA,NA,"Diagnostic model (unjittered)",TRUE,FALSE,"annual_sb_sbmsy","SB/SBMSY",1963,3.562,"annual"
"Diagnostic model","Diagnostic model",NA,NA,"Diagnostic model (unjittered)",TRUE,FALSE,"annual_sb_sbmsy","SB/SBMSY",1964,3.32475,"annual"
"Diagnostic model","Diagnostic model",NA,NA,"Diagnostic model (unjittered)",TRUE,FALSE,"annual_sb_sbmsy","SB/SBMSY",1965,3.2415,"annual"
"Diagnostic model","Diagnostic model",NA,NA,"Diagnostic model (unjittered)",TRUE,FALSE,"annual_sb_sbmsy","SB/SBMSY",1966,3.217,"annual"
"Diagnostic model","Diagnostic model",NA,NA,"Diagnostic model (unjittered)",TRUE,FALSE,"annual_sb_sbmsy","SB/SBMSY",1967,3.0875,"annual"
"Diagnostic model","Diagnostic model",NA,NA,"Diagnostic model (unjittered)",TRUE,FALSE,"annual_sb_sbmsy","SB/SBMSY",1968,2.948,"annual"
"Diagnostic model","Diagnostic model",NA,NA,"Diagnostic model (unjittered)",TRUE,FALSE,"annual_sb_sbmsy","SB/SBMSY",1969,2.9585,"annual"
"Diagnostic model","Diagnostic model",NA,NA,"Diagnostic model (unjittered)",TRUE,FALSE,"annual_sb_sbmsy","SB/SBMSY",1970,2.859,"annual"
"Diagnostic model","Diagnostic model",NA,NA,"Diagnostic model (unjittered)",TRUE,FALSE,"annual_sb_sbmsy","SB/SBMSY",1971,2.77375,"annual"
"Diagnostic model","Diagnostic model",NA,NA,"Diagnostic model (unjittered)",TRUE,FALSE,"annual_sb_sbmsy","SB/SBMSY",1972,2.76425,"annual"
"Diagnostic model","Diagnostic model",NA,NA,"Diagnostic model (unjittered)",TRUE,FALSE,"annual_sb_sbmsy","SB/SBMSY",1973,2.599,"annual"
"Diagnostic model","Diagnostic model",NA,NA,"Diagnostic model (unjittered)",TRUE,FALSE,"annual_sb_sbmsy","SB/SBMSY",1974,2.461,"annual"
"Diagnostic model","Diagnostic model",NA,NA,"Diagnostic model (unjittered)",TRUE,FALSE,"annual_sb_sbmsy","SB/SBMSY",1975,2.3735,"annual"
"Diagnostic model","Diagnostic model",NA,NA,"Diagnostic model (unjittered)",TRUE,FALSE,"annual_sb_sbmsy","SB/SBMSY",1976,2.23575,"annual"
"Diagnostic model","Diagnostic model",NA,NA,"Diagnostic model (unjittered)",TRUE,FALSE,"annual_sb_sbmsy","SB/SBMSY",1977,2.195,"annual"
"Diagnostic model","Diagnostic model",NA,NA,"Diagnostic model (unjittered)",TRUE,FALSE,"annual_sb_sbmsy","SB/SBMSY",1978,2.255,"annual"
"Diagnostic model","Diagnostic model",NA,NA,"Diagnostic model (unjittered)",TRUE,FALSE,"annual_sb_sbmsy","SB/SBMSY",1979,2.204,"annual"
"Diagnostic model","Diagnostic model",NA,NA,"Diagnostic model (unjittered)",TRUE,FALSE,"annual_sb_sbmsy","SB/SBMSY",1980,2.10875,"annual"
"Diagnostic model","Diagnostic model",NA,NA,"Diagnostic model (unjittered)",TRUE,FALSE,"annual_sb_sbmsy","SB/SBMSY",1981,1.92675,"annual"
"Diagnostic model","Diagnostic model",NA,NA,"Diagnostic model (unjittered)",TRUE,FALSE,"annual_sb_sbmsy","SB/SBMSY",1982,1.83025,"annual"
"Diagnostic model","Diagnostic model",NA,NA,"Diagnostic model (unjittered)",TRUE,FALSE,"annual_sb_sbmsy","SB/SBMSY",1983,1.834,"annual"
"Diagnostic model","Diagnostic model",NA,NA,"Diagnostic model (unjittered)",TRUE,FALSE,"annual_sb_sbmsy","SB/SBMSY",1984,1.954,"annual"
"Diagnostic model","Diagnostic model",NA,NA,"Diagnostic model (unjittered)",TRUE,FALSE,"annual_sb_sbmsy","SB/SBMSY",1985,2.02125,"annual"
"Diagnostic model","Diagnostic model",NA,NA,"Diagnostic model (unjittered)",TRUE,FALSE,"annual_sb_sbmsy","SB/SBMSY",1986,1.97825,"annual"
"Diagnostic model","Diagnostic model",NA,NA,"Diagnostic model (unjittered)",TRUE,FALSE,"annual_sb_sbmsy","SB/SBMSY",1987,1.98225,"annual"
"Diagnostic model","Diagnostic model",NA,NA,"Diagnostic model (unjittered)",TRUE,FALSE,"annual_sb_sbmsy","SB/SBMSY",1988,1.99975,"annual"
"Diagnostic model","Diagnostic model",NA,NA,"Diagnostic model (unjittered)",TRUE,FALSE,"annual_sb_sbmsy","SB/SBMSY",1989,1.9915,"annual"
"Diagnostic model","Diagnostic model",NA,NA,"Diagnostic model (unjittered)",TRUE,FALSE,"annual_sb_sbmsy","SB/SBMSY",1990,2.10825,"annual"
"Diagnostic model","Diagnostic model",NA,NA,"Diagnostic model (unjittered)",TRUE,FALSE,"annual_sb_sbmsy","SB/SBMSY",1991,2.17325,"annual"
"Diagnostic model","Diagnostic model",NA,NA,"Diagnostic model (unjittered)",TRUE,FALSE,"annual_sb_sbmsy","SB/SBMSY",1992,2.14875,"annual"
"Diagnostic model","Diagnostic model",NA,NA,"Diagnostic model (unjittered)",TRUE,FALSE,"annual_sb_sbmsy","SB/SBMSY",1993,2.01925,"annual"
"Diagnostic model","Diagnostic model",NA,NA,"Diagnostic model (unjittered)",TRUE,FALSE,"annual_sb_sbmsy","SB/SBMSY",1994,1.94625,"annual"
"Diagnostic model","Diagnostic model",NA,NA,"Diagnostic model (unjittered)",TRUE,FALSE,"annual_sb_sbmsy","SB/SBMSY",1995,1.84425,"annual"
"Diagnostic model","Diagnostic model",NA,NA,"Diagnostic model (unjittered)",TRUE,FALSE,"annual_sb_sbmsy","SB/SBMSY",1996,1.7855,"annual"
"Diagnostic model","Diagnostic model",NA,NA,"Diagnostic model (unjittered)",TRUE,FALSE,"annual_sb_sbmsy","SB/SBMSY",1997,1.89725,"annual"
"Diagnostic model","Diagnostic model",NA,NA,"Diagnostic model (unjittered)",TRUE,FALSE,"annual_sb_sbmsy","SB/SBMSY",1998,1.865,"annual"
"Diagnostic model","Diagnostic model",NA,NA,"Diagnostic model (unjittered)",TRUE,FALSE,"annual_sb_sbmsy","SB/SBMSY",1999,1.77025,"annual"
"Diagnostic model","Diagnostic model",NA,NA,"Diagnostic model (unjittered)",TRUE,FALSE,"annual_sb_sbmsy","SB/SBMSY",2000,1.6275,"annual"
"Diagnostic model","Diagnostic model",NA,NA,"Diagnostic model (unjittered)",TRUE,FALSE,"annual_sb_sbmsy","SB/SBMSY",2001,1.5175,"annual"
"Diagnostic model","Diagnostic model",NA,NA,"Diagnostic model (unjittered)",TRUE,FALSE,"annual_sb_sbmsy","SB/SBMSY",2002,1.48325,"annual"
"Diagnostic model","Diagnostic model",NA,NA,"Diagnostic model (unjittered)",TRUE,FALSE,"annual_sb_sbmsy","SB/SBMSY",2003,1.45825,"annual"
"Diagnostic model","Diagnostic model",NA,NA,"Diagnostic model (unjittered)",TRUE,FALSE,"annual_sb_sbmsy","SB/SBMSY",2004,1.43425,"annual"
"Diagnostic model","Diagnostic model",NA,NA,"Diagnostic model (unjittered)",TRUE,FALSE,"annual_sb_sbmsy","SB/SBMSY",2005,1.3085,"annual"
"Diagnostic model","Diagnostic model",NA,NA,"Diagnostic model (unjittered)",TRUE,FALSE,"annual_sb_sbmsy","SB/SBMSY",2006,1.28175,"annual"
"Diagnostic model","Diagnostic model",NA,NA,"Diagnostic model (unjittered)",TRUE,FALSE,"annual_sb_sbmsy","SB/SBMSY",2007,1.27475,"annual"
"Diagnostic model","Diagnostic model",NA,NA,"Diagnostic model (unjittered)",TRUE,FALSE,"annual_sb_sbmsy","SB/SBMSY",2008,1.227,"annual"
"Diagnostic model","Diagnostic model",NA,NA,"Diagnostic model (unjittered)",TRUE,FALSE,"annual_sb_sbmsy","SB/SBMSY",2009,1.14025,"annual"
"Diagnostic model","Diagnostic model",NA,NA,"Diagnostic model (unjittered)",TRUE,FALSE,"annual_sb_sbmsy","SB/SBMSY",2010,1.05675,"annual"
"Diagnostic model","Diagnostic model",NA,NA,"Diagnostic model (unjittered)",TRUE,FALSE,"annual_sb_sbmsy","SB/SBMSY",2011,1.06275,"annual"
"Diagnostic model","Diagnostic model",NA,NA,"Diagnostic model (unjittered)",TRUE,FALSE,"annual_sb_sbmsy","SB/SBMSY",2012,1.03525,"annual"
"Diagnostic model","Diagnostic model",NA,NA,"Diagnostic model (unjittered)",TRUE,FALSE,"annual_sb_sbmsy","SB/SBMSY",2013,0.970725,"annual"
"Diagnostic model","Diagnostic model",NA,NA,"Diagnostic model (unjittered)",TRUE,FALSE,"annual_sb_sbmsy","SB/SBMSY",2014,0.99555,"annual"
"Diagnostic model","Diagnostic model",NA,NA,"Diagnostic model (unjittered)",TRUE,FALSE,"annual_sb_sbmsy","SB/SBMSY",2015,1.06775,"annual"
"Diagnostic model","Diagnostic model",NA,NA,"Diagnostic model (unjittered)",TRUE,FALSE,"annual_sb_sbmsy","SB/SBMSY",2016,1.09525,"annual"
"Diagnostic model","Diagnostic model",NA,NA,"Diagnostic model (unjittered)",TRUE,FALSE,"annual_sb_sbmsy","SB/SBMSY",2017,1.066,"annual"
"Diagnostic model","Diagnostic model",NA,NA,"Diagnostic model (unjittered)",TRUE,FALSE,"annual_sb_sbmsy","SB/SBMSY",2018,1.055,"annual"
"Diagnostic model","Diagnostic model",NA,NA,"Diagnostic model (unjittered)",TRUE,FALSE,"annual_sb_sbmsy","SB/SBMSY",2019,1.0465,"annual"
"Diagnostic model","Diagnostic model",NA,NA,"Diagnostic model (unjittered)",TRUE,FALSE,"annual_sb_sbmsy","SB/SBMSY",2020,1.062,"annual"
"Diagnostic model","Diagnostic model",NA,NA,"Diagnostic model (unjittered)",TRUE,FALSE,"annual_sb_sbmsy","SB/SBMSY",2021,1.084,"annual"
"Diagnostic model","Diagnostic model",NA,NA,"Diagnostic model (unjittered)",TRUE,FALSE,"annual_sb_sbmsy","SB/SBMSY",2022,1.08925,"annual"
"Diagnostic model","Diagnostic model",NA,NA,"Diagnostic model (unjittered)",TRUE,FALSE,"annual_sb_sbmsy","SB/SBMSY",2023,1.03475,"annual"
"Diagnostic model","Diagnostic model",NA,NA,"Diagnostic model (unjittered)",TRUE,FALSE,"annual_sb_sbmsy","SB/SBMSY",2024,0.894475,"annual"
"Diagnostic model","Diagnostic model",NA,NA,"Diagnostic model (unjittered)",TRUE,FALSE,"annual_f_fmsy","F/FMSY",1952,0.080745,"annual"
"Diagnostic model","Diagnostic model",NA,NA,"Diagnostic model (unjittered)",TRUE,FALSE,"annual_f_fmsy","F/FMSY",1953,0.0749325,"annual"
"Diagnostic model","Diagnostic model",NA,NA,"Diagnostic model (unjittered)",TRUE,FALSE,"annual_f_fmsy","F/FMSY",1954,0.0508125,"annual"
"Diagnostic model","Diagnostic model",NA,NA,"Diagnostic model (unjittered)",TRUE,FALSE,"annual_f_fmsy","F/FMSY",1955,0.08073,"annual"
"Diagnostic model","Diagnostic model",NA,NA,"Diagnostic model (unjittered)",TRUE,FALSE,"annual_f_fmsy","F/FMSY",1956,0.0889325,"annual"
"Diagnostic model","Diagnostic model",NA,NA,"Diagnostic model (unjittered)",TRUE,FALSE,"annual_f_fmsy","F/FMSY",1957,0.119245,"annual"
"Diagnostic model","Diagnostic model",NA,NA,"Diagnostic model (unjittered)",TRUE,FALSE,"annual_f_fmsy","F/FMSY",1958,0.176625,"annual"
"Diagnostic model","Diagnostic model",NA,NA,"Diagnostic model (unjittered)",TRUE,FALSE,"annual_f_fmsy","F/FMSY",1959,0.1629375,"annual"
"Diagnostic model","Diagnostic model",NA,NA,"Diagnostic model (unjittered)",TRUE,FALSE,"annual_f_fmsy","F/FMSY",1960,0.163175,"annual"
"Diagnostic model","Diagnostic model",NA,NA,"Diagnostic model (unjittered)",TRUE,FALSE,"annual_f_fmsy","F/FMSY",1961,0.162375,"annual"
"Diagnostic model","Diagnostic model",NA,NA,"Diagnostic model (unjittered)",TRUE,FALSE,"annual_f_fmsy","F/FMSY",1962,0.15735,"annual"
"Diagnostic model","Diagnostic model",NA,NA,"Diagnostic model (unjittered)",TRUE,FALSE,"annual_f_fmsy","F/FMSY",1963,0.20205,"annual"
"Diagnostic model","Diagnostic model",NA,NA,"Diagnostic model (unjittered)",TRUE,FALSE,"annual_f_fmsy","F/FMSY",1964,0.15042,"annual"
"Diagnostic model","Diagnostic model",NA,NA,"Diagnostic model (unjittered)",TRUE,FALSE,"annual_f_fmsy","F/FMSY",1965,0.140075,"annual"
"Diagnostic model","Diagnostic model",NA,NA,"Diagnostic model (unjittered)",TRUE,FALSE,"annual_f_fmsy","F/FMSY",1966,0.1585,"annual"
"Diagnostic model","Diagnostic model",NA,NA,"Diagnostic model (unjittered)",TRUE,FALSE,"annual_f_fmsy","F/FMSY",1967,0.1726,"annual"
"Diagnostic model","Diagnostic model",NA,NA,"Diagnostic model (unjittered)",TRUE,FALSE,"annual_f_fmsy","F/FMSY",1968,0.1416,"annual"
"Diagnostic model","Diagnostic model",NA,NA,"Diagnostic model (unjittered)",TRUE,FALSE,"annual_f_fmsy","F/FMSY",1969,0.1777,"annual"
"Diagnostic model","Diagnostic model",NA,NA,"Diagnostic model (unjittered)",TRUE,FALSE,"annual_f_fmsy","F/FMSY",1970,0.1698,"annual"
"Diagnostic model","Diagnostic model",NA,NA,"Diagnostic model (unjittered)",TRUE,FALSE,"annual_f_fmsy","F/FMSY",1971,0.1726,"annual"
"Diagnostic model","Diagnostic model",NA,NA,"Diagnostic model (unjittered)",TRUE,FALSE,"annual_f_fmsy","F/FMSY",1972,0.2386,"annual"
"Diagnostic model","Diagnostic model",NA,NA,"Diagnostic model (unjittered)",TRUE,FALSE,"annual_f_fmsy","F/FMSY",1973,0.202725,"annual"
"Diagnostic model","Diagnostic model",NA,NA,"Diagnostic model (unjittered)",TRUE,FALSE,"annual_f_fmsy","F/FMSY",1974,0.2274,"annual"
"Diagnostic model","Diagnostic model",NA,NA,"Diagnostic model (unjittered)",TRUE,FALSE,"annual_f_fmsy","F/FMSY",1975,0.291125,"annual"
"Diagnostic model","Diagnostic model",NA,NA,"Diagnostic model (unjittered)",TRUE,FALSE,"annual_f_fmsy","F/FMSY",1976,0.308125,"annual"
"Diagnostic model","Diagnostic model",NA,NA,"Diagnostic model (unjittered)",TRUE,FALSE,"annual_f_fmsy","F/FMSY",1977,0.342275,"annual"
"Diagnostic model","Diagnostic model",NA,NA,"Diagnostic model (unjittered)",TRUE,FALSE,"annual_f_fmsy","F/FMSY",1978,0.287175,"annual"
"Diagnostic model","Diagnostic model",NA,NA,"Diagnostic model (unjittered)",TRUE,FALSE,"annual_f_fmsy","F/FMSY",1979,0.37215,"annual"
"Diagnostic model","Diagnostic model",NA,NA,"Diagnostic model (unjittered)",TRUE,FALSE,"annual_f_fmsy","F/FMSY",1980,0.3792,"annual"
"Diagnostic model","Diagnostic model",NA,NA,"Diagnostic model (unjittered)",TRUE,FALSE,"annual_f_fmsy","F/FMSY",1981,0.360725,"annual"
"Diagnostic model","Diagnostic model",NA,NA,"Diagnostic model (unjittered)",TRUE,FALSE,"annual_f_fmsy","F/FMSY",1982,0.417225,"annual"
"Diagnostic model","Diagnostic model",NA,NA,"Diagnostic model (unjittered)",TRUE,FALSE,"annual_f_fmsy","F/FMSY",1983,0.409625,"annual"
"Diagnostic model","Diagnostic model",NA,NA,"Diagnostic model (unjittered)",TRUE,FALSE,"annual_f_fmsy","F/FMSY",1984,0.4428,"annual"
"Diagnostic model","Diagnostic model",NA,NA,"Diagnostic model (unjittered)",TRUE,FALSE,"annual_f_fmsy","F/FMSY",1985,0.462125,"annual"
"Diagnostic model","Diagnostic model",NA,NA,"Diagnostic model (unjittered)",TRUE,FALSE,"annual_f_fmsy","F/FMSY",1986,0.42395,"annual"
"Diagnostic model","Diagnostic model",NA,NA,"Diagnostic model (unjittered)",TRUE,FALSE,"annual_f_fmsy","F/FMSY",1987,0.540525,"annual"
"Diagnostic model","Diagnostic model",NA,NA,"Diagnostic model (unjittered)",TRUE,FALSE,"annual_f_fmsy","F/FMSY",1988,0.468275,"annual"
"Diagnostic model","Diagnostic model",NA,NA,"Diagnostic model (unjittered)",TRUE,FALSE,"annual_f_fmsy","F/FMSY",1989,0.45785,"annual"
"Diagnostic model","Diagnostic model",NA,NA,"Diagnostic model (unjittered)",TRUE,FALSE,"annual_f_fmsy","F/FMSY",1990,0.559475,"annual"
"Diagnostic model","Diagnostic model",NA,NA,"Diagnostic model (unjittered)",TRUE,FALSE,"annual_f_fmsy","F/FMSY",1991,0.51675,"annual"
"Diagnostic model","Diagnostic model",NA,NA,"Diagnostic model (unjittered)",TRUE,FALSE,"annual_f_fmsy","F/FMSY",1992,0.650775,"annual"
"Diagnostic model","Diagnostic model",NA,NA,"Diagnostic model (unjittered)",TRUE,FALSE,"annual_f_fmsy","F/FMSY",1993,0.581225,"annual"
"Diagnostic model","Diagnostic model",NA,NA,"Diagnostic model (unjittered)",TRUE,FALSE,"annual_f_fmsy","F/FMSY",1994,0.6736,"annual"
"Diagnostic model","Diagnostic model",NA,NA,"Diagnostic model (unjittered)",TRUE,FALSE,"annual_f_fmsy","F/FMSY",1995,0.602375,"annual"
"Diagnostic model","Diagnostic model",NA,NA,"Diagnostic model (unjittered)",TRUE,FALSE,"annual_f_fmsy","F/FMSY",1996,0.56095,"annual"
"Diagnostic model","Diagnostic model",NA,NA,"Diagnostic model (unjittered)",TRUE,FALSE,"annual_f_fmsy","F/FMSY",1997,0.705475,"annual"
"Diagnostic model","Diagnostic model",NA,NA,"Diagnostic model (unjittered)",TRUE,FALSE,"annual_f_fmsy","F/FMSY",1998,0.840075,"annual"
"Diagnostic model","Diagnostic model",NA,NA,"Diagnostic model (unjittered)",TRUE,FALSE,"annual_f_fmsy","F/FMSY",1999,0.9218,"annual"
"Diagnostic model","Diagnostic model",NA,NA,"Diagnostic model (unjittered)",TRUE,FALSE,"annual_f_fmsy","F/FMSY",2000,0.90635,"annual"
"Diagnostic model","Diagnostic model",NA,NA,"Diagnostic model (unjittered)",TRUE,FALSE,"annual_f_fmsy","F/FMSY",2001,0.777425,"annual"
"Diagnostic model","Diagnostic model",NA,NA,"Diagnostic model (unjittered)",TRUE,FALSE,"annual_f_fmsy","F/FMSY",2002,0.967525,"annual"
"Diagnostic model","Diagnostic model",NA,NA,"Diagnostic model (unjittered)",TRUE,FALSE,"annual_f_fmsy","F/FMSY",2003,0.87795,"annual"
"Diagnostic model","Diagnostic model",NA,NA,"Diagnostic model (unjittered)",TRUE,FALSE,"annual_f_fmsy","F/FMSY",2004,1.2285,"annual"
"Diagnostic model","Diagnostic model",NA,NA,"Diagnostic model (unjittered)",TRUE,FALSE,"annual_f_fmsy","F/FMSY",2005,0.991725,"annual"
"Diagnostic model","Diagnostic model",NA,NA,"Diagnostic model (unjittered)",TRUE,FALSE,"annual_f_fmsy","F/FMSY",2006,1.057575,"annual"
"Diagnostic model","Diagnostic model",NA,NA,"Diagnostic model (unjittered)",TRUE,FALSE,"annual_f_fmsy","F/FMSY",2007,1.082,"annual"
"Diagnostic model","Diagnostic model",NA,NA,"Diagnostic model (unjittered)",TRUE,FALSE,"annual_f_fmsy","F/FMSY",2008,1.16425,"annual"
"Diagnostic model","Diagnostic model",NA,NA,"Diagnostic model (unjittered)",TRUE,FALSE,"annual_f_fmsy","F/FMSY",2009,1.18975,"annual"
"Diagnostic model","Diagnostic model",NA,NA,"Diagnostic model (unjittered)",TRUE,FALSE,"annual_f_fmsy","F/FMSY",2010,0.982375,"annual"
"Diagnostic model","Diagnostic model",NA,NA,"Diagnostic model (unjittered)",TRUE,FALSE,"annual_f_fmsy","F/FMSY",2011,1.217675,"annual"
"Diagnostic model","Diagnostic model",NA,NA,"Diagnostic model (unjittered)",TRUE,FALSE,"annual_f_fmsy","F/FMSY",2012,1.25165,"annual"
"Diagnostic model","Diagnostic model",NA,NA,"Diagnostic model (unjittered)",TRUE,FALSE,"annual_f_fmsy","F/FMSY",2013,1.1378,"annual"
"Diagnostic model","Diagnostic model",NA,NA,"Diagnostic model (unjittered)",TRUE,FALSE,"annual_f_fmsy","F/FMSY",2014,1.22515,"annual"
"Diagnostic model","Diagnostic model",NA,NA,"Diagnostic model (unjittered)",TRUE,FALSE,"annual_f_fmsy","F/FMSY",2015,1.113475,"annual"
"Diagnostic model","Diagnostic model",NA,NA,"Diagnostic model (unjittered)",TRUE,FALSE,"annual_f_fmsy","F/FMSY",2016,1.164825,"annual"
"Diagnostic model","Diagnostic model",NA,NA,"Diagnostic model (unjittered)",TRUE,FALSE,"annual_f_fmsy","F/FMSY",2017,0.985025,"annual"
"Diagnostic model","Diagnostic model",NA,NA,"Diagnostic model (unjittered)",TRUE,FALSE,"annual_f_fmsy","F/FMSY",2018,1.139625,"annual"
"Diagnostic model","Diagnostic model",NA,NA,"Diagnostic model (unjittered)",TRUE,FALSE,"annual_f_fmsy","F/FMSY",2019,1.01025,"annual"
"Diagnostic model","Diagnostic model",NA,NA,"Diagnostic model (unjittered)",TRUE,FALSE,"annual_f_fmsy","F/FMSY",2020,1.066625,"annual"
"Diagnostic model","Diagnostic model",NA,NA,"Diagnostic model (unjittered)",TRUE,FALSE,"annual_f_fmsy","F/FMSY",2021,1.052675,"annual"
"Diagnostic model","Diagnostic model",NA,NA,"Diagnostic model (unjittered)",TRUE,FALSE,"annual_f_fmsy","F/FMSY",2022,1.142175,"annual"
"Diagnostic model","Diagnostic model",NA,NA,"Diagnostic model (unjittered)",TRUE,FALSE,"annual_f_fmsy","F/FMSY",2023,1.25175,"annual"
"Diagnostic model","Diagnostic model",NA,NA,"Diagnostic model (unjittered)",TRUE,FALSE,"annual_f_fmsy","F/FMSY",2024,1.4385,"annual"
