"scenario","model_label","quantity","region","year","q025","q10","q25","q50","q75","q90","q975","n_runs"
"Diagnostic model","Diagnostic model","Regional depletion","All regions",1952,0.992536100599201,0.992705571581685,0.992899641255091,0.993229376239061,0.993791111157295,0.993917516230976,0.994751758112561,25
"Diagnostic model","Diagnostic model","Regional depletion","Region 1",1952,0.984939862585272,0.985341910102183,0.986414681464297,0.987001314034771,0.988094110216327,0.988843646347306,0.989722250888857,25
"Diagnostic model","Diagnostic model","Regional depletion","Region 2",1952,0.997284613868375,0.99730892378953,0.997368221545926,0.997433761358957,0.997737246297312,0.997808633854576,0.997953534857836,25
"Diagnostic model","Diagnostic model","Regional depletion","Region 3",1952,0.994448291658666,0.994629984285452,0.994900340356748,0.995390806249615,0.99568345323741,0.99645014055127,0.996632669591482,25
"Diagnostic model","Diagnostic model","Regional depletion","Region 4",1952,0.995028097808142,0.995274934112103,0.995526853689605,0.995916700694161,0.996237830143115,0.996542333801086,0.996777364476451,25
"Diagnostic model","Diagnostic model","Regional depletion","Region 5",1952,0.999713262581993,0.999728451600721,0.999751607650484,0.999782209215273,0.999816713142977,0.999982393870229,0.999983122514878,25
"Diagnostic model","Diagnostic model","Regional depletion","All regions",1953,0.969401495932855,0.970062973344576,0.970833348883904,0.972259340231881,0.974439734517758,0.974976538993644,0.978258531469132,25
"Diagnostic model","Diagnostic model","Regional depletion","Region 1",1953,0.943404873221441,0.94475583545085,0.948799587381409,0.951056740334925,0.955063689086456,0.957835340971325,0.961070481607741,25
"Diagnostic model","Diagnostic model","Regional depletion","Region 2",1953,0.991206716244963,0.991299598863401,0.991487117673648,0.991730221446292,0.992301175083803,0.992731789151071,0.993141612977467,25
"Diagnostic model","Diagnostic model","Regional depletion","Region 3",1953,0.972208813412982,0.973100311485394,0.97457335420761,0.977026241404887,0.978536448859661,0.980544661975025,0.981553815416041,25
"Diagnostic model","Diagnostic model","Regional depletion","Region 4",1953,0.971685113764984,0.972895202392608,0.974360458386387,0.976186227816133,0.977924725302043,0.980075283625627,0.981483124250215,25
"Diagnostic model","Diagnostic model","Regional depletion","Region 5",1953,0.995028776813379,0.995127472372687,0.995217963822857,0.995368578579353,0.995809641692131,0.998703058391639,0.9987606174579,25
"Diagnostic model","Diagnostic model","Regional depletion","All regions",1954,0.955593175960269,0.956429346346992,0.957567003808888,0.959672385654141,0.962694016980632,0.963508779705607,0.968031068188233,25
"Diagnostic model","Diagnostic model","Regional depletion","Region 1",1954,0.924091703737006,0.925963823731765,0.931216982977891,0.934367161683322,0.938924682729845,0.942681589248887,0.947194763067013,25
"Diagnostic model","Diagnostic model","Regional depletion","Region 2",1954,0.981805184932307,0.982079341683434,0.982290117615249,0.98290113452188,0.983945615502177,0.984703836786039,0.985501186105849,25
"Diagnostic model","Diagnostic model","Regional depletion","Region 3",1954,0.958924789214882,0.959853684447122,0.962100071386852,0.965518927429371,0.967093659749988,0.968037629745006,0.969520596069778,25
"Diagnostic model","Diagnostic model","Regional depletion","Region 4",1954,0.960417328900003,0.961872710259705,0.963806970509383,0.966586074814593,0.968414232492846,0.970844520809691,0.973283156718667,25
"Diagnostic model","Diagnostic model","Regional depletion","Region 5",1954,0.983275058951774,0.983775450823513,0.984082639447253,0.984833256017731,0.985765078876096,0.994500473414802,0.994698402418235,25
"Diagnostic model","Diagnostic model","Regional depletion","All regions",1955,0.94460151735054,0.945316196617406,0.94659837213294,0.949049534934026,0.952598783724628,0.95475516960249,0.959776269474256,25
"Diagnostic model","Diagnostic model","Regional depletion","Region 1",1955,0.904788390169817,0.90611870381397,0.911877339337432,0.916371882086168,0.921006463742083,0.92590139689874,0.932002050772663,25
"Diagnostic model","Diagnostic model","Regional depletion","Region 2",1955,0.97575307626281,0.976244699072235,0.976406647326385,0.976955424726661,0.978171497735762,0.978815598979117,0.98020514029169,25
"Diagnostic model","Diagnostic model","Regional depletion","Region 3",1955,0.957049891146261,0.957968375094468,0.95974735739765,0.96333994121266,0.96386484900404,0.965908626874816,0.967185683339387,25
"Diagnostic model","Diagnostic model","Regional depletion","Region 4",1955,0.954038134969877,0.955349723725779,0.957695872246382,0.961002222671247,0.963760574280148,0.965225872828813,0.968300043864035,25
"Diagnostic model","Diagnostic model","Regional depletion","Region 5",1955,0.971946237241995,0.97279621680522,0.973298995209565,0.974580473419109,0.976134137343205,0.985697626535333,0.986178026872857,25
"Diagnostic model","Diagnostic model","Regional depletion","All regions",1956,0.929962972114935,0.930849238881164,0.93228677952798,0.935501692343107,0.939594410078394,0.942614754558545,0.949035354692289,25
"Diagnostic model","Diagnostic model","Regional depletion","Region 1",1956,0.882582918172112,0.88368677245612,0.889622496039923,0.895804553364789,0.901649502422823,0.906181569468205,0.913896139320275,25
"Diagnostic model","Diagnostic model","Regional depletion","Region 2",1956,0.9708904899768,0.971558993697896,0.972024974917935,0.972512214840592,0.97408589296476,0.975035874494612,0.97617694967347,25
"Diagnostic model","Diagnostic model","Regional depletion","Region 3",1956,0.948804449311864,0.949700541614295,0.951659839891064,0.955978688904332,0.957222337442177,0.959048341622408,0.961005576085922,25
"Diagnostic model","Diagnostic model","Regional depletion","Region 4",1956,0.93418689725109,0.936192633190675,0.939600665557404,0.943976416639371,0.947868528999429,0.949691598224785,0.954086269130594,25
"Diagnostic model","Diagnostic model","Regional depletion","Region 5",1956,0.964395218755342,0.965126741366172,0.965937699876162,0.96798800536602,0.969751926938273,0.979755524478376,0.980614287655326,25
"Diagnostic model","Diagnostic model","Regional depletion","All regions",1957,0.916854959088147,0.917471193848254,0.919030963664548,0.922697888515441,0.926980238726583,0.931277582873709,0.938793665508971,25
"Diagnostic model","Diagnostic model","Regional depletion","Region 1",1957,0.859061458869506,0.86019142809945,0.866232238211603,0.873705483335963,0.881200301663116,0.885156028666472,0.893865930216185,25
"Diagnostic model","Diagnostic model","Regional depletion","Region 2",1957,0.966922569391289,0.967713492682844,0.968128248419241,0.968630979419267,0.970983061812621,0.972770306794609,0.973259300848623,25
"Diagnostic model","Diagnostic model","Regional depletion","Region 3",1957,0.93443604156545,0.935565238507496,0.937999321385607,0.943127546003652,0.945176590158381,0.947362145320538,0.950080474143532,25
"Diagnostic model","Diagnostic model","Regional depletion","Region 4",1957,0.928082769262337,0.929600714295636,0.933201947297668,0.937973180266218,0.942351366696407,0.942966522033631,0.948521245463318,25
"Diagnostic model","Diagnostic model","Regional depletion","Region 5",1957,0.958278083060674,0.958766717521228,0.959618208516887,0.962033612658583,0.964514401188128,0.974367131597395,0.97558158151792,25
"Diagnostic model","Diagnostic model","Regional depletion","All regions",1958,0.892685442633861,0.893367469972243,0.895090183250737,0.89958204497683,0.904775605032684,0.910375473468395,0.919747678111667,25
"Diagnostic model","Diagnostic model","Regional depletion","Region 1",1958,0.816386231049704,0.817869115237384,0.825455108389088,0.834621378657904,0.842886763427195,0.849295159801695,0.860037707407331,25
"Diagnostic model","Diagnostic model","Regional depletion","Region 2",1958,0.958140467900346,0.959113385305141,0.960109030962835,0.960383564550784,0.963257751041185,0.965403538050481,0.966306844052908,25
"Diagnostic model","Diagnostic model","Regional depletion","Region 3",1958,0.904583204785406,0.906212738514986,0.909658697824583,0.917535390883103,0.92050852752922,0.923883087845534,0.927586510760419,25
"Diagnostic model","Diagnostic model","Regional depletion","Region 4",1958,0.894923325838644,0.89733373642982,0.902146959437756,0.908634574850445,0.914669073405535,0.917390396528143,0.924021144833175,25
"Diagnostic model","Diagnostic model","Regional depletion","Region 5",1958,0.951201459563283,0.951699731671847,0.952540012275152,0.954606993869082,0.95855273219865,0.971141749533471,0.972649598686346,25
"Diagnostic model","Diagnostic model","Regional depletion","All regions",1959,0.861074976697044,0.861982391284423,0.864268706230559,0.869475264470879,0.876024741053458,0.883386988690397,0.894827133430045,25
"Diagnostic model","Diagnostic model","Regional depletion","Region 1",1959,0.756368400028993,0.759267511087018,0.769849730250377,0.780970315370405,0.791245013545832,0.799882619117974,0.813162861607119,25
"Diagnostic model","Diagnostic model","Regional depletion","Region 2",1959,0.937698719018123,0.939012791178414,0.939793029751973,0.941427630766698,0.944528407875027,0.945660341394829,0.949820657437967,25
"Diagnostic model","Diagnostic model","Regional depletion","Region 3",1959,0.880858698434728,0.883120197964354,0.887075960504448,0.896808012573989,0.900692240896586,0.903403824650125,0.90824350007438,25
"Diagnostic model","Diagnostic model","Regional depletion","Region 4",1959,0.863903718768648,0.866997292455634,0.872991256450707,0.881021267955941,0.888356035402674,0.892763709995324,0.900717028812531,25
"Diagnostic model","Diagnostic model","Regional depletion","Region 5",1959,0.931882842641707,0.932217921164579,0.93356100963215,0.936342796684888,0.941571818213205,0.961108144461483,0.963245223947742,25
"Diagnostic model","Diagnostic model","Regional depletion","All regions",1960,0.835018859714178,0.837012893084794,0.839230090532454,0.845292592796867,0.852455125457425,0.862675279917025,0.874220928511884,25
"Diagnostic model","Diagnostic model","Regional depletion","Region 1",1960,0.713438667357948,0.719706753159074,0.730795743522311,0.738182534989158,0.751728813559322,0.760285050230324,0.773186206393273,25
"Diagnostic model","Diagnostic model","Regional depletion","Region 2",1960,0.917963336016457,0.919632073211385,0.920166903970891,0.922123215133477,0.926803178484108,0.927981432188658,0.933582001781382,25
"Diagnostic model","Diagnostic model","Regional depletion","Region 3",1960,0.867974485479806,0.870586583786549,0.875444047379193,0.885716843471644,0.888263022331141,0.892801245781123,0.89778872476517,25
"Diagnostic model","Diagnostic model","Regional depletion","Region 4",1960,0.84092001605485,0.844979049098336,0.851994406723464,0.86135556162886,0.869629669926152,0.87489707924403,0.884086753811872,25
"Diagnostic model","Diagnostic model","Regional depletion","Region 5",1960,0.910806564167211,0.912365547249366,0.913925495486147,0.918683726670529,0.923420516519252,0.95279915312708,0.955428150697137,25
"Diagnostic model","Diagnostic model","Regional depletion","All regions",1961,0.823692810800651,0.825426735522529,0.827603040658344,0.834586932031543,0.84155547513353,0.854474362921836,0.866797768929103,25
"Diagnostic model","Diagnostic model","Regional depletion","Region 1",1961,0.721160898560906,0.725970052997156,0.734308096948443,0.742365519545606,0.759519374712825,0.76294960524615,0.777108432560433,25
"Diagnostic model","Diagnostic model","Regional depletion","Region 2",1961,0.904670561041812,0.906639579673963,0.90747020740536,0.909365903772616,0.914576835100853,0.915915403468765,0.922274545658675,25
"Diagnostic model","Diagnostic model","Regional depletion","Region 3",1961,0.857832449692577,0.860830825643647,0.865971256882039,0.875401773483284,0.879965913241083,0.88469022102788,0.889709924293686,25
"Diagnostic model","Diagnostic model","Regional depletion","Region 4",1961,0.803461216688717,0.808881083696647,0.816894568302196,0.828185355906891,0.836653271687623,0.848943036160308,0.858432289994895,25
"Diagnostic model","Diagnostic model","Regional depletion","Region 5",1961,0.898873327630221,0.900436048513539,0.902436370067065,0.908126559012735,0.914333612740989,0.951028113941384,0.953585577799308,25
"Diagnostic model","Diagnostic model","Regional depletion","All regions",1962,0.811605989835956,0.813016469109047,0.816021318474505,0.823336719795476,0.830433878503336,0.844818489270238,0.858978392139702,25
"Diagnostic model","Diagnostic model","Regional depletion","Region 1",1962,0.715011704076739,0.716734804492181,0.724645612937759,0.735096762791246,0.750603430361738,0.758895574035225,0.775160991555814,25
"Diagnostic model","Diagnostic model","Regional depletion","Region 2",1962,0.889663676445246,0.891850802072613,0.893443169690502,0.894877045106654,0.900598179453836,0.902631362705623,0.909555572330578,25
"Diagnostic model","Diagnostic model","Regional depletion","Region 3",1962,0.845271558254113,0.848561110658185,0.853945693678405,0.864108731167181,0.86889802756835,0.874244677506769,0.879550223310962,25
"Diagnostic model","Diagnostic model","Regional depletion","Region 4",1962,0.787949981302176,0.791706968695774,0.799374163215742,0.812262051191941,0.820951960567939,0.833587348352026,0.8443179342923,25
"Diagnostic model","Diagnostic model","Regional depletion","Region 5",1962,0.883507958710087,0.885409904710696,0.887852469788304,0.894275862068965,0.901802051566399,0.943808880025479,0.946723597376042,25
"Diagnostic model","Diagnostic model","Regional depletion","All regions",1963,0.800049865227158,0.801603037607236,0.804763601550661,0.812698516785042,0.81977805001369,0.835791214313892,0.850682738276207,25
"Diagnostic model","Diagnostic model","Regional depletion","Region 1",1963,0.704794554211233,0.706459348553799,0.713768862337127,0.72640567541254,0.74135013744217,0.753134489363647,0.769150885210904,25
"Diagnostic model","Diagnostic model","Regional depletion","Region 2",1963,0.87364789099093,0.876078518095558,0.877983025461807,0.879398967708911,0.885839797592237,0.888368986437581,0.895833463673258,25
"Diagnostic model","Diagnostic model","Regional depletion","Region 3",1963,0.83765112204137,0.841114983275206,0.846341011261992,0.856604002548363,0.860820240046321,0.866472185299932,0.872248271574737,25
"Diagnostic model","Diagnostic model","Regional depletion","Region 4",1963,0.772005073340202,0.775894812414456,0.783675332032479,0.797024646584265,0.806274159976212,0.818884039467284,0.830457843489037,25
"Diagnostic model","Diagnostic model","Regional depletion","Region 5",1963,0.874501075800736,0.876325959384594,0.878941879764405,0.885586608029508,0.894161000971262,0.93969304260362,0.942957384867902,25
"Diagnostic model","Diagnostic model","Regional depletion","All regions",1964,0.785615993232588,0.787557874055141,0.790833912268435,0.799301836885278,0.806364187503565,0.823782846497227,0.839416454223349,25
"Diagnostic model","Diagnostic model","Regional depletion","Region 1",1964,0.697225062537734,0.700458570487038,0.707832826683703,0.721004341879888,0.736188899456362,0.750979689742955,0.765815268286519,25
"Diagnostic model","Diagnostic model","Regional depletion","Region 2",1964,0.856537777561619,0.859102708385282,0.861503129977405,0.86316213347,0.870405926784647,0.873212282283325,0.881201182064465,25
"Diagnostic model","Diagnostic model","Regional depletion","Region 3",1964,0.820442541505692,0.82413555918366,0.829581032958103,0.839946771168415,0.844669379450661,0.850254306920002,0.856922059761069,25
"Diagnostic model","Diagnostic model","Regional depletion","Region 4",1964,0.742292357875764,0.746417903151761,0.754945714795761,0.768689587666707,0.778541510041886,0.79380421710556,0.806234618359156,25
"Diagnostic model","Diagnostic model","Regional depletion","Region 5",1964,0.860167358355235,0.862415311237327,0.86555201373138,0.872829380033991,0.881539224079665,0.932086372617859,0.93594836174358,25
"Diagnostic model","Diagnostic model","Regional depletion","All regions",1965,0.790231710456078,0.792148131116309,0.794978393372274,0.803197384647291,0.809953096465374,0.826948734852766,0.84199004347607,25
"Diagnostic model","Diagnostic model","Regional depletion","Region 1",1965,0.720340431487674,0.724292951928136,0.731496784716759,0.742867693317651,0.752658031499429,0.775748351608885,0.787144195857916,25
"Diagnostic model","Diagnostic model","Regional depletion","Region 2",1965,0.848285910028608,0.850750169186447,0.853742644931031,0.85689497595931,0.862908804427193,0.868072342566898,0.874113803587059,25
"Diagnostic model","Diagnostic model","Regional depletion","Region 3",1965,0.814973386249605,0.818455238556961,0.823730276134122,0.832271778923749,0.837749638281918,0.843721822959696,0.849459251769678,25
"Diagnostic model","Diagnostic model","Regional depletion","Region 4",1965,0.755930819699079,0.759012625296795,0.765792474344356,0.776980858513411,0.78746896541089,0.797801385013973,0.809861888988907,25
"Diagnostic model","Diagnostic model","Regional depletion","Region 5",1965,0.851672696095345,0.853612664025573,0.857031436530044,0.864143567327967,0.873554743265927,0.929421647919957,0.933761445859492,25
"Diagnostic model","Diagnostic model","Regional depletion","All regions",1966,0.795631558272356,0.797459559015996,0.800212397845076,0.807565617839886,0.814186415875509,0.830800061477169,0.845100541544581,25
"Diagnostic model","Diagnostic model","Regional depletion","Region 1",1966,0.744263429579534,0.747910672826497,0.754243673585442,0.763689738494665,0.770402316387629,0.798713375226494,0.806873679423911,25
"Diagnostic model","Diagnostic model","Regional depletion","Region 2",1966,0.844214187983862,0.846053410598804,0.849191542288557,0.85427135678392,0.860304011961126,0.865212538166662,0.872742148020733,25
"Diagnostic model","Diagnostic model","Regional depletion","Region 3",1966,0.805632788630633,0.809123438660983,0.81417978438022,0.820966325517264,0.827914502456354,0.83494994271118,0.839824814493386,25
"Diagnostic model","Diagnostic model","Regional depletion","Region 4",1966,0.774778135189276,0.776886983929276,0.780916177461265,0.789467256907342,0.799929970922709,0.807202991729076,0.818540387439347,25
"Diagnostic model","Diagnostic model","Regional depletion","Region 5",1966,0.842221249350184,0.843220386099387,0.846618770669404,0.853289057558507,0.864214357872456,0.922746126074756,0.92754369632332,25
"Diagnostic model","Diagnostic model","Regional depletion","All regions",1967,0.790360271198986,0.792578442730029,0.795043212077253,0.802459887253204,0.808909343804351,0.826341481622801,0.84046852672155,25
"Diagnostic model","Diagnostic model","Regional depletion","Region 1",1967,0.739892316808799,0.74353174658917,0.750128507892992,0.759256861288498,0.766197904805283,0.795569566145884,0.802995184596237,25
"Diagnostic model","Diagnostic model","Regional depletion","Region 2",1967,0.832289460011814,0.833702276326341,0.837047173952335,0.843557743012832,0.851959225661648,0.8541477792053,0.862762371749175,25
"Diagnostic model","Diagnostic model","Regional depletion","Region 3",1967,0.799017960724712,0.802637400773749,0.807367930184531,0.813287691212176,0.821012963921288,0.82820282111533,0.832927528385897,25
"Diagnostic model","Diagnostic model","Regional depletion","Region 4",1967,0.784832672252227,0.787001730195361,0.790875083718575,0.79753132773267,0.807032835138456,0.814828090628631,0.825527968842061,25
"Diagnostic model","Diagnostic model","Regional depletion","Region 5",1967,0.83101641374989,0.831570476707189,0.835048258497692,0.84089121887287,0.852836320825112,0.911139312336101,0.916505900049108,25
"Diagnostic model","Diagnostic model","Regional depletion","All regions",1968,0.786663700966774,0.789221104365126,0.791811341850577,0.79904040018611,0.805469810637983,0.822912866746574,0.836912996028881,25
"Diagnostic model","Diagnostic model","Regional depletion","Region 1",1968,0.735280996340353,0.740201679075097,0.747168802998986,0.756245274239516,0.763082270101107,0.79251109033735,0.799514611021497,25
"Diagnostic model","Diagnostic model","Regional depletion","Region 2",1968,0.814579074546902,0.816052047602976,0.819253573246392,0.826007087582267,0.83510335518077,0.837726706014113,0.847305040212302,25
"Diagnostic model","Diagnostic model","Regional depletion","Region 3",1968,0.80173887877645,0.805087056821083,0.808802553827345,0.81450123564731,0.823026300436396,0.828278473705823,0.833647189471258,25
"Diagnostic model","Diagnostic model","Regional depletion","Region 4",1968,0.792838259873122,0.794443344843803,0.797644399305442,0.804570195195195,0.813799928615464,0.820004945503807,0.830909331450241,25
"Diagnostic model","Diagnostic model","Regional depletion","Region 5",1968,0.828762447288955,0.829414057308373,0.832597610853859,0.838028049009083,0.849725827722635,0.905169306349857,0.910366847723315,25
"Diagnostic model","Diagnostic model","Regional depletion","All regions",1969,0.790957977409575,0.793293169588837,0.79595624571609,0.80306515677123,0.809307533162955,0.825863902005602,0.839589563829119,25
"Diagnostic model","Diagnostic model","Regional depletion","Region 1",1969,0.751396532237976,0.755083257824415,0.761467675270997,0.770131866704199,0.777134889685871,0.805902649519084,0.812352103161833,25
"Diagnostic model","Diagnostic model","Regional depletion","Region 2",1969,0.797707747681255,0.799008919412447,0.801946874410642,0.808886304870026,0.815982811200444,0.823271399430136,0.832875755962844,25
"Diagnostic model","Diagnostic model","Regional depletion","Region 3",1969,0.802310460425387,0.805020939826341,0.807897894622014,0.814875512133628,0.820821788598715,0.826273557335614,0.833525279280301,25
"Diagnostic model","Diagnostic model","Regional depletion","Region 4",1969,0.805526512796435,0.8073049859181,0.810097882853301,0.81744394818453,0.827155952052485,0.829967017722077,0.839579624263663,25
"Diagnostic model","Diagnostic model","Regional depletion","Region 5",1969,0.834809101720406,0.835678165756881,0.839114865485263,0.843251686434714,0.853745738754469,0.90571600763272,0.910300682431084,25
"Diagnostic model","Diagnostic model","Regional depletion","All regions",1970,0.785664502697074,0.788675376149511,0.791506668427308,0.798746049675724,0.804904334401019,0.822374351407955,0.836513529025094,25
"Diagnostic model","Diagnostic model","Regional depletion","Region 1",1970,0.738963591517886,0.743030891724248,0.750175972761054,0.759410644274311,0.766281406252434,0.794030658244527,0.801376986357334,25
"Diagnostic model","Diagnostic model","Regional depletion","Region 2",1970,0.791903026285918,0.79285208601071,0.795874928800552,0.804482225656878,0.812300276711595,0.817584209381946,0.827821358598,25
"Diagnostic model","Diagnostic model","Regional depletion","Region 3",1970,0.805195409828121,0.807288512316103,0.80985738956047,0.81636648394675,0.821754657407324,0.827426270239589,0.835035748179348,25
"Diagnostic model","Diagnostic model","Regional depletion","Region 4",1970,0.804123206709065,0.805427448381108,0.809063998860273,0.815652908520396,0.826070268269613,0.829824461131971,0.838908137445312,25
"Diagnostic model","Diagnostic model","Regional depletion","Region 5",1970,0.833188290137423,0.834069700104239,0.837624622288165,0.841214018182138,0.851480154450899,0.904775503398027,0.909871564514666,25
"Diagnostic model","Diagnostic model","Regional depletion","All regions",1971,0.782106355500314,0.785247528791113,0.788477938926958,0.795969504579517,0.801717548320671,0.81860480177638,0.832955616597383,25
"Diagnostic model","Diagnostic model","Regional depletion","Region 1",1971,0.720554015494959,0.725718784429018,0.733689371388548,0.744190786791684,0.751559407175768,0.777765360699256,0.786171143291148,25
"Diagnostic model","Diagnostic model","Regional depletion","Region 2",1971,0.793324258356193,0.795141265958553,0.79835341666043,0.805738238057382,0.813931454934915,0.819519286754053,0.829478831638983,25
"Diagnostic model","Diagnostic model","Regional depletion","Region 3",1971,0.813436972781313,0.814305913004101,0.817465763642331,0.822645211930926,0.829828632631203,0.833368335349532,0.841451125869181,25
"Diagnostic model","Diagnostic model","Regional depletion","Region 4",1971,0.803311418631532,0.804184315425937,0.808658548278838,0.814687609714399,0.825223201907614,0.829252870526777,0.83857911172268,25
"Diagnostic model","Diagnostic model","Regional depletion","Region 5",1971,0.830131403670004,0.831025401494546,0.834618487458021,0.838219943228642,0.848315891302436,0.887185951714789,0.892730363066042,25
"Diagnostic model","Diagnostic model","Regional depletion","All regions",1972,0.777474183686694,0.780789513661321,0.78388494185748,0.791351303616048,0.797028545590476,0.812997941430868,0.827489036733435,25
"Diagnostic model","Diagnostic model","Regional depletion","Region 1",1972,0.708188917129581,0.713973242528166,0.721925433353258,0.732941442459869,0.740639010472967,0.767017147523699,0.776601362530027,25
"Diagnostic model","Diagnostic model","Regional depletion","Region 2",1972,0.789458148804237,0.791632547362646,0.793625555078069,0.805757931844888,0.810665156174138,0.817008841341974,0.825822393971363,25
"Diagnostic model","Diagnostic model","Regional depletion","Region 3",1972,0.800605701152135,0.801320612855017,0.80439847933614,0.809665878357892,0.820507690678215,0.826899696649632,0.835817867049162,25
"Diagnostic model","Diagnostic model","Regional depletion","Region 4",1972,0.799101789200662,0.800627251672466,0.803987984917237,0.809861517813568,0.82079523413688,0.825296550329911,0.835200364820176,25
"Diagnostic model","Diagnostic model","Regional depletion","Region 5",1972,0.837838040199714,0.840425221174892,0.842775279908313,0.845915149897399,0.854827463052093,0.878907736941554,0.884800030225669,25
"Diagnostic model","Diagnostic model","Regional depletion","All regions",1973,0.755433524198085,0.760206016977013,0.763422757691457,0.771382497053898,0.777127838803154,0.794750232804435,0.809756508377174,25
"Diagnostic model","Diagnostic model","Regional depletion","Region 1",1973,0.671710765133363,0.678406009007823,0.687140641649171,0.699203044594719,0.707331254824513,0.733209211190838,0.745257588425019,25
"Diagnostic model","Diagnostic model","Regional depletion","Region 2",1973,0.770342071053902,0.772869876658023,0.776414726336037,0.78849487785658,0.793268720328829,0.800437497668304,0.808188828155575,25
"Diagnostic model","Diagnostic model","Regional depletion","Region 3",1973,0.781512275779788,0.783282035855534,0.786278918978575,0.792641813651243,0.802317608337905,0.812156850520007,0.821403498597356,25
"Diagnostic model","Diagnostic model","Regional depletion","Region 4",1973,0.775105400039131,0.776872228177816,0.780689373714014,0.786001147446931,0.798090612176535,0.806650863117854,0.817142969782313,25
"Diagnostic model","Diagnostic model","Regional depletion","Region 5",1973,0.825402233763437,0.82801734546469,0.83032658300057,0.833845164976432,0.842532299741602,0.870724425834457,0.877412961224951,25
"Diagnostic model","Diagnostic model","Regional depletion","All regions",1974,0.741653203596109,0.746844417929626,0.750687845778196,0.75905433583763,0.764788489963416,0.783151847656499,0.797976124443781,25
"Diagnostic model","Diagnostic model","Regional depletion","Region 1",1974,0.663997228451455,0.670346788234269,0.678894339579288,0.690915578550641,0.698643326039387,0.725920128737087,0.738675884578133,25
"Diagnostic model","Diagnostic model","Regional depletion","Region 2",1974,0.73556479294354,0.739851615077294,0.743908881244121,0.754168317737068,0.760260852418378,0.769869696552719,0.776417346951612,25
"Diagnostic model","Diagnostic model","Regional depletion","Region 3",1974,0.777608439177923,0.778225080620441,0.78164806350389,0.787120239623449,0.797831204791354,0.807588985668801,0.816443145627588,25
"Diagnostic model","Diagnostic model","Regional depletion","Region 4",1974,0.771273248462552,0.772550711454161,0.776344582003358,0.781014435769252,0.792239938279542,0.803170457932363,0.813124887286834,25
"Diagnostic model","Diagnostic model","Regional depletion","Region 5",1974,0.807820468867141,0.81063641310842,0.813029807108839,0.816816540134149,0.825620245965735,0.848294933973031,0.856343023690266,25
"Diagnostic model","Diagnostic model","Regional depletion","All regions",1975,0.727341801701891,0.73247746477645,0.736715871516297,0.745598395364386,0.751616946603159,0.77111182387355,0.786197436920631,25
"Diagnostic model","Diagnostic model","Regional depletion","Region 1",1975,0.643892163027578,0.650472214240091,0.659634020426188,0.672045155130111,0.680143744959438,0.7070122553097,0.72100589689836,25
"Diagnostic model","Diagnostic model","Regional depletion","Region 2",1975,0.698950162683924,0.703908554407729,0.708697429608054,0.717655301261093,0.72585630032891,0.737222173333827,0.741975266815899,25
"Diagnostic model","Diagnostic model","Regional depletion","Region 3",1975,0.760635762073139,0.761697874113159,0.764352431939856,0.770095720650451,0.781030332209918,0.792059209900039,0.801180364785843,25
"Diagnostic model","Diagnostic model","Regional depletion","Region 4",1975,0.766117638574221,0.767564066789537,0.77017439518063,0.775679542203147,0.786019876479499,0.799763921136167,0.810167114264791,25
"Diagnostic model","Diagnostic model","Regional depletion","Region 5",1975,0.817834434860157,0.82092458533412,0.822691238190642,0.827788858811797,0.834854061456818,0.878065227516956,0.88567735079883,25
"Diagnostic model","Diagnostic model","Regional depletion","All regions",1976,0.699559841853135,0.705661488908822,0.71040264286472,0.72020026006279,0.727222661343941,0.74772095148798,0.763432437972571,25
"Diagnostic model","Diagnostic model","Regional depletion","Region 1",1976,0.602408684682183,0.610487704766611,0.621340927174505,0.634872945292366,0.645071350422926,0.668971779577215,0.685196399022258,25
"Diagnostic model","Diagnostic model","Regional depletion","Region 2",1976,0.661253440656181,0.666601945699538,0.672016061135937,0.68134083844409,0.690340744180647,0.701368136226813,0.705294999175761,25
"Diagnostic model","Diagnostic model","Regional depletion","Region 3",1976,0.751158827230129,0.753512176267537,0.756584936812381,0.761347924572706,0.769755563228518,0.77880890829561,0.788370681612118,25
"Diagnostic model","Diagnostic model","Regional depletion","Region 4",1976,0.705397350673689,0.70877334065444,0.711770578447685,0.720999835853289,0.732412069535815,0.755261811722152,0.767666290745148,25
"Diagnostic model","Diagnostic model","Regional depletion","Region 5",1976,0.816235123471013,0.818770174833552,0.821073990868904,0.826372042330275,0.832771863630238,0.891362006387613,0.897522615823166,25
"Diagnostic model","Diagnostic model","Regional depletion","All regions",1977,0.679354773259336,0.684879603090309,0.690062834605522,0.700402458274333,0.707673633193074,0.729153959844708,0.746272820671214,25
"Diagnostic model","Diagnostic model","Regional depletion","Region 1",1977,0.607031936018397,0.611023775674361,0.61947921547627,0.632641711796406,0.641620114989446,0.670521480106742,0.688417928287346,25
"Diagnostic model","Diagnostic model","Regional depletion","Region 2",1977,0.632900094096094,0.641133693441961,0.647665539155392,0.659044235999334,0.669440678455015,0.676734294853689,0.682164785340648,25
"Diagnostic model","Diagnostic model","Regional depletion","Region 3",1977,0.724612556334516,0.726837647167379,0.730444913711498,0.735633835191357,0.743910705937354,0.754976093936306,0.765441363151998,25
"Diagnostic model","Diagnostic model","Regional depletion","Region 4",1977,0.671873344594678,0.674321578601992,0.677783157731639,0.686791392469317,0.69959621088891,0.723448569796659,0.737026720443471,25
"Diagnostic model","Diagnostic model","Regional depletion","Region 5",1977,0.798107168125925,0.801145081347598,0.803104188653153,0.808783923762171,0.816156411033647,0.886029766081947,0.891452147480664,25
"Diagnostic model","Diagnostic model","Regional depletion","All regions",1978,0.671209264985592,0.676051957606784,0.68162258146346,0.69215396726144,0.700021191402982,0.721223959311542,0.73883134020089,25
"Diagnostic model","Diagnostic model","Regional depletion","Region 1",1978,0.606232723589272,0.608713739610799,0.616546690910902,0.629107575233483,0.637888591159619,0.66800566467582,0.685524380871674,25
"Diagnostic model","Diagnostic model","Regional depletion","Region 2",1978,0.617908343497842,0.627417213991013,0.634715933254947,0.647651694139819,0.658728465138776,0.66271759358398,0.669518569353778,25
"Diagnostic model","Diagnostic model","Regional depletion","Region 3",1978,0.709804159317317,0.712362582637116,0.716550641266136,0.721975736151691,0.730050420168067,0.739773816073857,0.750771404226591,25
"Diagnostic model","Diagnostic model","Regional depletion","Region 4",1978,0.679340779602656,0.681026779398883,0.685232101827942,0.691823932617927,0.705417128693497,0.726036088473808,0.740135793004994,25
"Diagnostic model","Diagnostic model","Regional depletion","Region 5",1978,0.785319866017877,0.788731318252565,0.790610593991204,0.796613787893717,0.804585900068446,0.888584202828662,0.894509658076472,25
"Diagnostic model","Diagnostic model","Regional depletion","All regions",1979,0.652917033345602,0.657550515032437,0.664746537157308,0.6763150360914,0.685662054925423,0.707037093269549,0.725188387605131,25
"Diagnostic model","Diagnostic model","Regional depletion","Region 1",1979,0.587670538617809,0.591000804350424,0.600037223152801,0.613275994618489,0.624886926556106,0.651110715437681,0.669648700065393,25
"Diagnostic model","Diagnostic model","Regional depletion","Region 2",1979,0.592055214261282,0.602279351574979,0.609799872154202,0.623473166790115,0.634684665592947,0.638250164727843,0.643597694876325,25
"Diagnostic model","Diagnostic model","Regional depletion","Region 3",1979,0.696518664288271,0.699455934149927,0.704059725473358,0.709601845543324,0.718836072856508,0.728029984304914,0.73947206951658,25
"Diagnostic model","Diagnostic model","Regional depletion","Region 4",1979,0.668745911248509,0.671340366358792,0.674911083341344,0.682878633578103,0.697455250428203,0.718899081239242,0.734215659463573,25
"Diagnostic model","Diagnostic model","Regional depletion","Region 5",1979,0.768599280416187,0.772554279665768,0.775319231893947,0.780835515394226,0.790287583392707,0.884114900762757,0.889873295262185,25
"Diagnostic model","Diagnostic model","Regional depletion","All regions",1980,0.626277671680817,0.631787262077842,0.638338338338338,0.651218213695392,0.661942153914381,0.683728595687001,0.703803595639998,25
"Diagnostic model","Diagnostic model","Regional depletion","Region 1",1980,0.57825421234808,0.582049264950131,0.591539149443561,0.605500400813961,0.618117609288886,0.642988564497321,0.662407724650934,25
"Diagnostic model","Diagnostic model","Regional depletion","Region 2",1980,0.569932566839584,0.57940369833174,0.586748243937551,0.600787873831139,0.610555932861162,0.615454065809361,0.620281737983377,25
"Diagnostic model","Diagnostic model","Regional depletion","Region 3",1980,0.66012726945757,0.662311847799405,0.666714420790235,0.673131027775526,0.686308588745168,0.700635274284018,0.713820719012681,25
"Diagnostic model","Diagnostic model","Regional depletion","Region 4",1980,0.621530219045464,0.62332715685419,0.628198528009762,0.638155937964733,0.654780318626087,0.681926980312629,0.69964742928252,25
"Diagnostic model","Diagnostic model","Regional depletion","Region 5",1980,0.746819296044247,0.751214432085364,0.753936702978987,0.759552217745097,0.770204447340555,0.867919697731019,0.873796041414734,25
"Diagnostic model","Diagnostic model","Regional depletion","All regions",1981,0.601713768222381,0.60768810364028,0.615367555020842,0.629170109405856,0.641016065040272,0.66155084484402,0.68314913930408,25
"Diagnostic model","Diagnostic model","Regional depletion","Region 1",1981,0.553006900413536,0.558506307986266,0.569590343225946,0.584250456918202,0.599632369525012,0.620487130036772,0.641705637187794,25
"Diagnostic model","Diagnostic model","Regional depletion","Region 2",1981,0.548782711149065,0.555721803805357,0.562345695088286,0.575336316438631,0.584591376327306,0.589799504898696,0.59425828039606,25
"Diagnostic model","Diagnostic model","Regional depletion","Region 3",1981,0.635745666901715,0.637346332277571,0.641391667033822,0.650026019920367,0.664653236036917,0.678361329618028,0.692402081018032,25
"Diagnostic model","Diagnostic model","Regional depletion","Region 4",1981,0.612489624789502,0.613730889773018,0.619178555987895,0.629355962350849,0.647230297945406,0.675073735844912,0.692989256120965,25
"Diagnostic model","Diagnostic model","Regional depletion","Region 5",1981,0.712580306778546,0.716637161405931,0.720359046856637,0.726021037359449,0.739194264254012,0.83945901004155,0.84598993521853,25
"Diagnostic model","Diagnostic model","Regional depletion","All regions",1982,0.588324610361581,0.594960258454788,0.603677400373092,0.618412963220415,0.630797187208811,0.649002753491277,0.670903710669662,25
"Diagnostic model","Diagnostic model","Regional depletion","Region 1",1982,0.537067069918137,0.543826964800751,0.555481732241435,0.572083228480987,0.587942799916156,0.608053208638889,0.630555307327679,25
"Diagnostic model","Diagnostic model","Regional depletion","Region 2",1982,0.528645158533961,0.535704217846795,0.542751715388708,0.555870952172667,0.563164278674854,0.56864617721719,0.575728617649778,25
"Diagnostic model","Diagnostic model","Regional depletion","Region 3",1982,0.623902634357547,0.62570807628335,0.629552884974248,0.638451014950023,0.65402534586796,0.666740952834493,0.680150574390903,25
"Diagnostic model","Diagnostic model","Regional depletion","Region 4",1982,0.614144168643503,0.615671811062569,0.620409431939979,0.631987554214596,0.649007654947734,0.674968024546972,0.692834717790978,25
"Diagnostic model","Diagnostic model","Regional depletion","Region 5",1982,0.698414188484698,0.702530523325821,0.707085533629794,0.712380846407774,0.726400505495602,0.825610059059425,0.832425910221668,25
"Diagnostic model","Diagnostic model","Regional depletion","All regions",1983,0.580304189913225,0.586672853076909,0.595872941553361,0.612149566681913,0.623687758694795,0.640059194731927,0.661996570522764,25
"Diagnostic model","Diagnostic model","Regional depletion","Region 1",1983,0.544960865194579,0.552304340672492,0.563485166109036,0.581703528909864,0.5943129408175,0.616693854052861,0.639088544293695,25
"Diagnostic model","Diagnostic model","Regional depletion","Region 2",1983,0.511199919272902,0.519988303911408,0.528329354298729,0.541950871223054,0.549909675443968,0.554258257521385,0.562945107829588,25
"Diagnostic model","Diagnostic model","Regional depletion","Region 3",1983,0.599007444893147,0.601763720686181,0.604612519696319,0.615997035372312,0.630009748700173,0.642574351955653,0.65503874312087,25
"Diagnostic model","Diagnostic model","Regional depletion","Region 4",1983,0.601095787434356,0.604017768397249,0.607494425633826,0.619783281733746,0.635938402309913,0.663023526869346,0.681436129368949,25
"Diagnostic model","Diagnostic model","Regional depletion","Region 5",1983,0.697137990544223,0.701612826989568,0.706897998221387,0.711470379567222,0.725759732105484,0.837671302986716,0.844720161713314,25
"Diagnostic model","Diagnostic model","Regional depletion","All regions",1984,0.575970361460286,0.582004954649904,0.591816900235722,0.6089350030554,0.619330962143292,0.634604031777107,0.655675034998076,25
"Diagnostic model","Diagnostic model","Regional depletion","Region 1",1984,0.5642297728039,0.569948442327089,0.579248124344529,0.598465341435781,0.606063022625259,0.634267061968509,0.655572159251824,25
"Diagnostic model","Diagnostic model","Regional depletion","Region 2",1984,0.489075462230884,0.499719524994723,0.509752417794971,0.523916537512198,0.533029530240241,0.537964186027037,0.546655516803716,25
"Diagnostic model","Diagnostic model","Regional depletion","Region 3",1984,0.582425847144982,0.584467858006607,0.588526811640963,0.602030581312411,0.61316505754983,0.620511589731748,0.630495120019586,25
"Diagnostic model","Diagnostic model","Regional depletion","Region 4",1984,0.606124948708684,0.608838857529562,0.613227152371018,0.620709601479738,0.638064050423423,0.666945314506487,0.683780425293312,25
"Diagnostic model","Diagnostic model","Regional depletion","Region 5",1984,0.687901591889836,0.69225059907783,0.697656153751386,0.702219571559825,0.71730622229017,0.843629185738935,0.850363784911622,25
"Diagnostic model","Diagnostic model","Regional depletion","All regions",1985,0.555111897346337,0.560852242687124,0.57154079619064,0.588456148853675,0.598256964686891,0.614846551472286,0.635302704974237,25
"Diagnostic model","Diagnostic model","Regional depletion","Region 1",1985,0.572391328593195,0.575902133596974,0.584519682665826,0.603369008139885,0.60984036063342,0.639908945868122,0.659765702825812,25
"Diagnostic model","Diagnostic model","Regional depletion","Region 2",1985,0.461406139115112,0.472648834544484,0.483867798665858,0.49821294999252,0.509603449402234,0.516365644184378,0.521851256007599,25
"Diagnostic model","Diagnostic model","Regional depletion","Region 3",1985,0.556106580918929,0.557936613412707,0.562459081493566,0.577252466053077,0.587255812959937,0.592766934153832,0.602511129140017,25
"Diagnostic model","Diagnostic model","Regional depletion","Region 4",1985,0.566305794202433,0.569468405902464,0.573257668915551,0.580418449093879,0.596648442302093,0.635879337951181,0.652165375191478,25
"Diagnostic model","Diagnostic model","Regional depletion","Region 5",1985,0.666959737851288,0.670711330539025,0.676175567646433,0.681236659092474,0.696041030857918,0.838652240273556,0.845063253883025,25
"Diagnostic model","Diagnostic model","Regional depletion","All regions",1986,0.528545602932801,0.534540147291841,0.545776869952252,0.562453712269795,0.571993943928436,0.590075930547443,0.610134943970822,25
"Diagnostic model","Diagnostic model","Regional depletion","Region 1",1986,0.546304897903219,0.550970109621409,0.56079717457114,0.579244059201604,0.586457647213806,0.616566630436424,0.636438399424038,25
"Diagnostic model","Diagnostic model","Regional depletion","Region 2",1986,0.437528775087312,0.449194431926185,0.46117132138391,0.475930376047282,0.486769314907133,0.494170502089642,0.499253211995239,25
"Diagnostic model","Diagnostic model","Regional depletion","Region 3",1986,0.528980874706398,0.531211192811666,0.535534750250317,0.549942458034049,0.559869615448094,0.564771926438112,0.574475238747043,25
"Diagnostic model","Diagnostic model","Regional depletion","Region 4",1986,0.544447000075554,0.548015888748667,0.551455032982941,0.558668308829189,0.572792601185873,0.618270948415689,0.633932155120354,25
"Diagnostic model","Diagnostic model","Regional depletion","Region 5",1986,0.635652392728049,0.638698540622183,0.644089141981055,0.649751122981668,0.664293507910529,0.821989021742595,0.828280700214875,25
"Diagnostic model","Diagnostic model","Regional depletion","All regions",1987,0.51203175412851,0.517903149856825,0.528808423565953,0.544390347586897,0.553149809915755,0.571627591276758,0.591014727911554,25
"Diagnostic model","Diagnostic model","Regional depletion","Region 1",1987,0.519648005010602,0.524960188758291,0.535462211530836,0.554171390131177,0.562208595513874,0.593078025688431,0.613296594325223,25
"Diagnostic model","Diagnostic model","Regional depletion","Region 2",1987,0.433067391829152,0.446181947099565,0.459875448783299,0.476980961237275,0.484920528264083,0.492040897065249,0.500939591629193,25
"Diagnostic model","Diagnostic model","Regional depletion","Region 3",1987,0.509295720826185,0.511783440080152,0.51510730375292,0.527316049781187,0.537572596894631,0.543038006052119,0.552472298018291,25
"Diagnostic model","Diagnostic model","Regional depletion","Region 4",1987,0.511434401154208,0.514764807596087,0.517917564831145,0.527220767216145,0.538588918416566,0.589777673433581,0.604537606869158,25
"Diagnostic model","Diagnostic model","Regional depletion","Region 5",1987,0.625151639936921,0.629186596131204,0.632538203989109,0.63835594336959,0.650674779623996,0.815203781538762,0.821013337906598,25
"Diagnostic model","Diagnostic model","Regional depletion","All regions",1988,0.492541907675298,0.49772281476776,0.50838349668113,0.523915923384108,0.532061988342547,0.551628163530175,0.57094436111076,25
"Diagnostic model","Diagnostic model","Regional depletion","Region 1",1988,0.485029333934969,0.487462991721854,0.497353305404052,0.517698069643193,0.525489386085311,0.556911351938395,0.579011952565186,25
"Diagnostic model","Diagnostic model","Regional depletion","Region 2",1988,0.436483089594094,0.451920167946104,0.468232343707279,0.489487967392108,0.496710734391802,0.506235977308545,0.517891192404418,25
"Diagnostic model","Diagnostic model","Regional depletion","Region 3",1988,0.486128755445509,0.487978433369513,0.491751159993126,0.503663862455753,0.513850881864987,0.518217502804632,0.527567665406073,25
"Diagnostic model","Diagnostic model","Regional depletion","Region 4",1988,0.476459241395513,0.47963997594736,0.483189201630935,0.492515750597436,0.504264633089964,0.559441369331481,0.5743623405682,25
"Diagnostic model","Diagnostic model","Regional depletion","Region 5",1988,0.605658196076521,0.609004776020375,0.612982111054996,0.618083010485396,0.630374952657493,0.807849915089029,0.813544464243188,25
"Diagnostic model","Diagnostic model","Regional depletion","All regions",1989,0.479370878209287,0.483347550040051,0.494019635330401,0.509636304958785,0.517725286672076,0.535806909386007,0.554650537193696,25
"Diagnostic model","Diagnostic model","Regional depletion","Region 1",1989,0.447400566823544,0.449586554212092,0.460203458799593,0.479598705004671,0.486829563923859,0.520140318523235,0.542758080079856,25
"Diagnostic model","Diagnostic model","Regional depletion","Region 2",1989,0.433069617081679,0.448070507841397,0.464996041171813,0.486666731195493,0.498383192951883,0.508250506224191,0.517005618838876,25
"Diagnostic model","Diagnostic model","Regional depletion","Region 3",1989,0.475203321399981,0.479159291242906,0.481675124301604,0.492973129101265,0.499326369569401,0.507599097558727,0.514919184312715,25
"Diagnostic model","Diagnostic model","Regional depletion","Region 4",1989,0.481608404297737,0.486060132896773,0.48915556856432,0.496538029339778,0.510269295392536,0.556462081473973,0.571389485189715,25
"Diagnostic model","Diagnostic model","Regional depletion","Region 5",1989,0.581662695765626,0.585121813737184,0.589468127227135,0.594797247610043,0.60690173452443,0.784565016476898,0.790062443617837,25
"Diagnostic model","Diagnostic model","Regional depletion","All regions",1990,0.474755879817747,0.477938198339394,0.487889079652922,0.501935352452426,0.510211570375848,0.527298203813049,0.546085837324305,25
"Diagnostic model","Diagnostic model","Regional depletion","Region 1",1990,0.458922490188296,0.461071269554578,0.469717023894321,0.485643757308042,0.49454748662817,0.533410751319867,0.552801270482041,25
"Diagnostic model","Diagnostic model","Regional depletion","Region 2",1990,0.424239952182936,0.437193986393729,0.454441130894951,0.475834876103674,0.491882937603534,0.501196000404883,0.509546347540933,25
"Diagnostic model","Diagnostic model","Regional depletion","Region 3",1990,0.44752773475684,0.451696844150934,0.45363564558844,0.464838380516272,0.476170093979715,0.4831247766212,0.491591518487979,25
"Diagnostic model","Diagnostic model","Regional depletion","Region 4",1990,0.492617646587587,0.495544108691811,0.501475148478425,0.506043981517254,0.522385741964896,0.554960212318149,0.570536319089643,25
"Diagnostic model","Diagnostic model","Regional depletion","Region 5",1990,0.580116045024911,0.584456288785077,0.587034785303865,0.598292051845823,0.605664625020437,0.77317152111612,0.779222194241509,25
"Diagnostic model","Diagnostic model","Regional depletion","All regions",1991,0.467004545307544,0.469424543980137,0.477261907996063,0.489918032786885,0.49788881820607,0.518339441728194,0.537836930127786,25
"Diagnostic model","Diagnostic model","Regional depletion","Region 1",1991,0.46056576515448,0.462595375923316,0.470073102343281,0.484277089146046,0.494610096197418,0.535929358145272,0.554044914588686,25
"Diagnostic model","Diagnostic model","Regional depletion","Region 2",1991,0.405713263752964,0.414917456200584,0.431352642579875,0.450862196748851,0.466732869910626,0.479131482071526,0.488052535291402,25
"Diagnostic model","Diagnostic model","Regional depletion","Region 3",1991,0.434723210474254,0.439383046272621,0.441444490963024,0.451058646279111,0.463672804710009,0.467951882294283,0.476973197907667,25
"Diagnostic model","Diagnostic model","Regional depletion","Region 4",1991,0.485205279668035,0.48715268862308,0.494307033877109,0.498634212083361,0.513087126609498,0.555153480153412,0.571189729276268,25
"Diagnostic model","Diagnostic model","Regional depletion","Region 5",1991,0.575942074409054,0.578993391885509,0.583358382596885,0.592768133525337,0.603512475785029,0.776938934005921,0.783923400448598,25
"Diagnostic model","Diagnostic model","Regional depletion","All regions",1992,0.449691070361352,0.45273953286642,0.45962676878608,0.471263664528909,0.479150517770829,0.499485553428501,0.518917544144955,25
"Diagnostic model","Diagnostic model","Regional depletion","Region 1",1992,0.450622388470677,0.452171284564029,0.459872643654925,0.474464162249366,0.486457130863679,0.52700361204085,0.545697560729842,25
"Diagnostic model","Diagnostic model","Regional depletion","Region 2",1992,0.378415969921237,0.3854376515092,0.400477584910069,0.418460794974024,0.433866506517344,0.451076301877142,0.458714378224148,25
"Diagnostic model","Diagnostic model","Regional depletion","Region 3",1992,0.41847440053514,0.421478721887936,0.424620105327576,0.43221946815998,0.440088988676498,0.447413955665427,0.454187505613098,25
"Diagnostic model","Diagnostic model","Regional depletion","Region 4",1992,0.456979441181978,0.458657676247911,0.465722162658906,0.471430586708423,0.485289978741879,0.540501852298149,0.556032809489251,25
"Diagnostic model","Diagnostic model","Regional depletion","Region 5",1992,0.57495761865828,0.57668867816235,0.584063904353958,0.589785246484236,0.606194836170984,0.78171153291567,0.787953940063232,25
"Diagnostic model","Diagnostic model","Regional depletion","All regions",1993,0.418985525813782,0.422693462223353,0.431358905641815,0.442918853219674,0.45089473811657,0.47257779159588,0.491602105722037,25
"Diagnostic model","Diagnostic model","Regional depletion","Region 1",1993,0.416580667420906,0.41880157265425,0.428593661386687,0.446219503845539,0.457654799186858,0.495272798621417,0.516605353613013,25
"Diagnostic model","Diagnostic model","Regional depletion","Region 2",1993,0.346498558822053,0.354383801589818,0.368248098742606,0.384161192707949,0.400466762412803,0.422605521968749,0.429304995296187,25
"Diagnostic model","Diagnostic model","Regional depletion","Region 3",1993,0.392146887029481,0.394684338109175,0.398159965964688,0.405312557511809,0.412822987822988,0.420709905600525,0.424606287830918,25
"Diagnostic model","Diagnostic model","Regional depletion","Region 4",1993,0.424705557867909,0.426385248258374,0.433598048929197,0.436754069467768,0.450880297667665,0.514899650662934,0.529947956458138,25
"Diagnostic model","Diagnostic model","Regional depletion","Region 5",1993,0.553559714902234,0.555656559949551,0.561981241699867,0.568174798489543,0.583387643378519,0.781577713296708,0.787332944530105,25
"Diagnostic model","Diagnostic model","Regional depletion","All regions",1994,0.397258441194077,0.401244724895829,0.407964988269989,0.419881731622999,0.427786362681818,0.446491695662175,0.465473623584466,25
"Diagnostic model","Diagnostic model","Regional depletion","Region 1",1994,0.389423176439816,0.392813892930423,0.403827885275532,0.424403504365683,0.434904443662798,0.470642029920438,0.494350971524068,25
"Diagnostic model","Diagnostic model","Regional depletion","Region 2",1994,0.320633870145325,0.328554214408018,0.34127069563158,0.35590306340693,0.372573231803526,0.398604892250258,0.404790519494577,25
"Diagnostic model","Diagnostic model","Regional depletion","Region 3",1994,0.367340591022001,0.369091668088933,0.372404757598127,0.378053727389379,0.387505523168802,0.392801778521933,0.395875750238134,25
"Diagnostic model","Diagnostic model","Regional depletion","Region 4",1994,0.394066227948747,0.395389290646648,0.401210060577266,0.407943856913105,0.419386853575215,0.488044726563491,0.503271820748907,25
"Diagnostic model","Diagnostic model","Regional depletion","Region 5",1994,0.540212602437975,0.543208446280097,0.548301132578281,0.555725837349519,0.575763432547352,0.774605046792185,0.779320031184059,25
"Diagnostic model","Diagnostic model","Regional depletion","All regions",1995,0.372303476937545,0.376622450828259,0.381431147216168,0.392462287550214,0.401021457247734,0.417730999656102,0.437910927425528,25
"Diagnostic model","Diagnostic model","Regional depletion","Region 1",1995,0.386663424560471,0.388687397915132,0.398642057261602,0.418544209896145,0.43102983288132,0.469297705142567,0.493501724059345,25
"Diagnostic model","Diagnostic model","Regional depletion","Region 2",1995,0.298240778984494,0.304071156391546,0.315660743318406,0.329753132506655,0.346055774867425,0.378433558644318,0.38496183070848,25
"Diagnostic model","Diagnostic model","Regional depletion","Region 3",1995,0.336029110148958,0.336726204792418,0.340305465147817,0.34746733022696,0.357277721334616,0.361174835686361,0.369083541807642,25
"Diagnostic model","Diagnostic model","Regional depletion","Region 4",1995,0.356353692702312,0.357198235108982,0.360930609894927,0.370849135437424,0.381763976205915,0.447972487555684,0.463560260517267,25
"Diagnostic model","Diagnostic model","Regional depletion","Region 5",1995,0.510390455727847,0.51393766655218,0.518949590409977,0.525623799428702,0.546429332981327,0.748829655282435,0.754211627631333,25
"Diagnostic model","Diagnostic model","Regional depletion","All regions",1996,0.364074344383233,0.368330389028913,0.373597676020485,0.384997935615247,0.393309760020791,0.406236404316466,0.425465773786094,25
"Diagnostic model","Diagnostic model","Regional depletion","Region 1",1996,0.364626486586867,0.367820442144539,0.379170674361441,0.400433323559118,0.411547720993359,0.449628974664172,0.474601859094155,25
"Diagnostic model","Diagnostic model","Regional depletion","Region 2",1996,0.268145431662429,0.272522974150085,0.28229087293812,0.294638330897712,0.309864680365691,0.347363412396326,0.354148153862001,25
"Diagnostic model","Diagnostic model","Regional depletion","Region 3",1996,0.327121286189838,0.334133711535665,0.346753913050792,0.352849492648233,0.355090511701533,0.366420776804605,0.371345952860844,25
"Diagnostic model","Diagnostic model","Regional depletion","Region 4",1996,0.400112970759919,0.402665750425996,0.405016315261044,0.411182937878009,0.420239522351928,0.476244252606452,0.490340450150909,25
"Diagnostic model","Diagnostic model","Regional depletion","Region 5",1996,0.491917620904272,0.495987951344275,0.498429196394492,0.507544326406073,0.528859709602066,0.722511551168307,0.727713233309938,25
"Diagnostic model","Diagnostic model","Regional depletion","All regions",1997,0.379474979739691,0.38319195188432,0.388845656007915,0.401160395938908,0.409716504257241,0.419270459083598,0.438414794403125,25
"Diagnostic model","Diagnostic model","Regional depletion","Region 1",1997,0.373426077386705,0.374969392183549,0.38513567622509,0.404251286591777,0.418082617586912,0.460198625741232,0.483690146957642,25
"Diagnostic model","Diagnostic model","Regional depletion","Region 2",1997,0.24263502265476,0.247085532401068,0.256210611168108,0.268151657915558,0.283024617537892,0.312738871418198,0.319113649167225,25
"Diagnostic model","Diagnostic model","Regional depletion","Region 3",1997,0.346917649023088,0.356616688595255,0.377491162847392,0.381730721687351,0.387866814833107,0.393688761776008,0.400873130980133,25
"Diagnostic model","Diagnostic model","Regional depletion","Region 4",1997,0.44909355467,0.453497087797669,0.455794076478093,0.46052118766215,0.471775926001943,0.519094095484243,0.53323965460608,25
"Diagnostic model","Diagnostic model","Regional depletion","Region 5",1997,0.509563134459409,0.511587713867605,0.516780164791753,0.524334198074251,0.547538217192774,0.738093738714179,0.743674787170503,25
"Diagnostic model","Diagnostic model","Regional depletion","All regions",1998,0.362119392805668,0.366779919755895,0.373209748430072,0.385006375100597,0.394654889187185,0.405278732570529,0.424867442732113,25
"Diagnostic model","Diagnostic model","Regional depletion","Region 1",1998,0.377820983392563,0.378804506742737,0.387863739327409,0.404580826756444,0.420078359371158,0.464341921073199,0.486327017045731,25
"Diagnostic model","Diagnostic model","Regional depletion","Region 2",1998,0.227993227856843,0.232423074989291,0.241873161047893,0.25708200386803,0.27249262283832,0.285769092859735,0.291957223204441,25
"Diagnostic model","Diagnostic model","Regional depletion","Region 3",1998,0.344966797480995,0.349851249161013,0.358170496027486,0.364132469801822,0.369093718023314,0.374629949999014,0.380953760064749,25
"Diagnostic model","Diagnostic model","Regional depletion","Region 4",1998,0.411011573272944,0.415854540314492,0.418198308558505,0.424769033412186,0.437200657041584,0.487993860197558,0.503098651631068,25
"Diagnostic model","Diagnostic model","Regional depletion","Region 5",1998,0.503817676878438,0.505833405409278,0.512187338683186,0.518459298430535,0.542641915523271,0.72398144465155,0.730807165241057,25
"Diagnostic model","Diagnostic model","Regional depletion","All regions",1999,0.335162060757607,0.340819361744951,0.348702552125834,0.359866323033787,0.370105120944608,0.382884728112824,0.402903475100301,25
"Diagnostic model","Diagnostic model","Regional depletion","Region 1",1999,0.373152476932685,0.374118228636482,0.38352996696555,0.398253305209755,0.41382127238221,0.460188301412681,0.481338511515673,25
"Diagnostic model","Diagnostic model","Regional depletion","Region 2",1999,0.213744116089832,0.218322448772701,0.227210381724511,0.244188944443584,0.259263723733507,0.265844038785309,0.274694619029172,25
"Diagnostic model","Diagnostic model","Regional depletion","Region 3",1999,0.325035580622011,0.328555465077627,0.331719339872076,0.334547526505362,0.340843389470892,0.344598844586781,0.3551867570542,25
"Diagnostic model","Diagnostic model","Regional depletion","Region 4",1999,0.385249630094126,0.389271099370608,0.392431412934057,0.397864352339321,0.412045816354116,0.462107409468673,0.476982486536462,25
"Diagnostic model","Diagnostic model","Regional depletion","Region 5",1999,0.4721291741096,0.474066014552996,0.479812421365664,0.48591394035831,0.505059150796319,0.688564894061672,0.695538993854301,25
"Diagnostic model","Diagnostic model","Regional depletion","All regions",2000,0.30317014801349,0.308628924162258,0.317741797676008,0.327598634971255,0.338919011220441,0.352202385339026,0.371855959530349,25
"Diagnostic model","Diagnostic model","Regional depletion","Region 1",2000,0.359495375500064,0.360305634714952,0.371092235687158,0.386818812644564,0.401284781861903,0.446979386959492,0.468188559006527,25
"Diagnostic model","Diagnostic model","Regional depletion","Region 2",2000,0.185160714052301,0.189730178734588,0.19584952486693,0.209961216084107,0.223964296804707,0.232097964171934,0.239429275715369,25
"Diagnostic model","Diagnostic model","Regional depletion","Region 3",2000,0.283539116114879,0.285842362707758,0.289714723518697,0.29472691017717,0.300877487918883,0.304108215460321,0.315895179943697,25
"Diagnostic model","Diagnostic model","Regional depletion","Region 4",2000,0.365988867155827,0.369249369232021,0.371853278808566,0.376758013019394,0.39425238270862,0.441063895530945,0.456024694829964,25
"Diagnostic model","Diagnostic model","Regional depletion","Region 5",2000,0.442586406039091,0.444036493076206,0.449976643860083,0.45586546192427,0.47176529743153,0.655432386773158,0.662155077897169,25
"Diagnostic model","Diagnostic model","Regional depletion","All regions",2001,0.278941657353968,0.285140962100193,0.295046749035778,0.305505254361185,0.316803841128249,0.328738977900317,0.34815019401192,25
"Diagnostic model","Diagnostic model","Regional depletion","Region 1",2001,0.365895017365296,0.367339013441916,0.378471485751428,0.393045418326693,0.408523082977087,0.453813138872157,0.473271862880579,25
"Diagnostic model","Diagnostic model","Regional depletion","Region 2",2001,0.156542637163962,0.161146357723681,0.165944375471964,0.178135994320423,0.191608727490335,0.200677584446705,0.206711151645498,25
"Diagnostic model","Diagnostic model","Regional depletion","Region 3",2001,0.271884384964616,0.274469538952084,0.277228914882736,0.281403965398454,0.285323431698261,0.291853473238423,0.301931535328944,25
"Diagnostic model","Diagnostic model","Regional depletion","Region 4",2001,0.335755303557877,0.338253700451037,0.341973026144256,0.34831954202446,0.361763400124308,0.416671069304669,0.430436845296244,25
"Diagnostic model","Diagnostic model","Regional depletion","Region 5",2001,0.40928129854433,0.412591639864063,0.41641880389846,0.423916623079754,0.433227638079788,0.6248568346914,0.631472392181564,25
"Diagnostic model","Diagnostic model","Regional depletion","All regions",2002,0.264156471184416,0.271348598336926,0.281471587799891,0.29267553588655,0.303362311225042,0.313148131390824,0.331689174535707,25
"Diagnostic model","Diagnostic model","Regional depletion","Region 1",2002,0.414515844031741,0.417239227786233,0.42298862954472,0.436170286108239,0.454807627290554,0.500504397068288,0.516453669152617,25
"Diagnostic model","Diagnostic model","Regional depletion","Region 2",2002,0.141833908094299,0.146479518587115,0.152055789262821,0.16532192309635,0.178152157105304,0.182425283009278,0.191081950680013,25
"Diagnostic model","Diagnostic model","Regional depletion","Region 3",2002,0.253280586424363,0.255757892227793,0.257969286561473,0.261945964014579,0.269190618432622,0.276247271975121,0.286878378962748,25
"Diagnostic model","Diagnostic model","Regional depletion","Region 4",2002,0.293661914506849,0.295355490791025,0.301799005410132,0.306730002021341,0.318864579229147,0.371421598053508,0.384932012449193,25
"Diagnostic model","Diagnostic model","Regional depletion","Region 5",2002,0.391574301564925,0.394248248513264,0.397624190064795,0.403944745706651,0.415056321400357,0.583514752301742,0.591022772117496,25
"Diagnostic model","Diagnostic model","Regional depletion","All regions",2003,0.248894667528753,0.256438832161137,0.265880368652491,0.276557541689043,0.287524055794101,0.296441941599095,0.314738318261419,25
"Diagnostic model","Diagnostic model","Regional depletion","Region 1",2003,0.416009873914554,0.41940329607334,0.423173199213782,0.437326296421827,0.454138073452789,0.496633310858453,0.513125893673739,25
"Diagnostic model","Diagnostic model","Regional depletion","Region 2",2003,0.136847404782528,0.141561177282947,0.14886706540845,0.16318527103639,0.17592876335132,0.179125097456203,0.187498072300807,25
"Diagnostic model","Diagnostic model","Regional depletion","Region 3",2003,0.231431912959913,0.233676570855141,0.236444494404125,0.241324124821014,0.248543631157067,0.261780117091737,0.271198986780119,25
"Diagnostic model","Diagnostic model","Regional depletion","Region 4",2003,0.249102110713693,0.250911101219207,0.254732987554095,0.260090062484179,0.271747765640516,0.322940715245659,0.336411856305727,25
"Diagnostic model","Diagnostic model","Regional depletion","Region 5",2003,0.37659801095388,0.379888866331943,0.382977455894743,0.389316056375132,0.401213687983146,0.557626201573302,0.566432238973191,25
"Diagnostic model","Diagnostic model","Regional depletion","All regions",2004,0.24238437246175,0.24797570409382,0.256484071438109,0.266362069615331,0.277224478571021,0.284536830313428,0.302940159870819,25
"Diagnostic model","Diagnostic model","Regional depletion","Region 1",2004,0.399478255638124,0.40443479012793,0.406098949765912,0.420096677495802,0.435842338297675,0.476469364898938,0.494482591183486,25
"Diagnostic model","Diagnostic model","Regional depletion","Region 2",2004,0.13072106670037,0.134741998841365,0.143600058046728,0.157281861949583,0.169323669764271,0.172816339698038,0.180830328773166,25
"Diagnostic model","Diagnostic model","Regional depletion","Region 3",2004,0.220581721685443,0.223968124047587,0.226155575245446,0.230332904084437,0.238287453758035,0.24583408567529,0.255049245695144,25
"Diagnostic model","Diagnostic model","Regional depletion","Region 4",2004,0.240776784845079,0.243269696894527,0.24513007094779,0.250270005432062,0.259332379833478,0.315493604222,0.329386199462698,25
"Diagnostic model","Diagnostic model","Regional depletion","Region 5",2004,0.366876115976491,0.369210902430173,0.373681655338668,0.381800778610727,0.391150136607525,0.542040117892363,0.55243564638579,25
"Diagnostic model","Diagnostic model","Regional depletion","All regions",2005,0.223464601371594,0.226501358433231,0.234104056014037,0.24443247925876,0.254908649544297,0.263573782929131,0.283201435421053,25
"Diagnostic model","Diagnostic model","Regional depletion","Region 1",2005,0.372493535111856,0.377344740578001,0.379566906639241,0.392965264392295,0.407280982261373,0.447410362290612,0.466737514774957,25
"Diagnostic model","Diagnostic model","Regional depletion","Region 2",2005,0.12158695959513,0.125160986797328,0.133657323431101,0.146143059350209,0.157048411175091,0.161291514870832,0.169168448299974,25
"Diagnostic model","Diagnostic model","Regional depletion","Region 3",2005,0.196920845593602,0.199337151439096,0.202877050615562,0.207036614078868,0.215223565592306,0.228185537295884,0.23712320106947,25
"Diagnostic model","Diagnostic model","Regional depletion","Region 4",2005,0.198044186973891,0.19904201180414,0.205788608093396,0.207754584368229,0.217186938112638,0.271875818221185,0.285445991895758,25
"Diagnostic model","Diagnostic model","Regional depletion","Region 5",2005,0.348573159681226,0.350392423890814,0.357807415943601,0.363472542488684,0.379844748105175,0.530143111939085,0.540746202309729,25
"Diagnostic model","Diagnostic model","Regional depletion","All regions",2006,0.215700758844562,0.220244207390067,0.22802552161267,0.237891256742133,0.248017140018632,0.254190551905937,0.271627831839256,25
"Diagnostic model","Diagnostic model","Regional depletion","Region 1",2006,0.352659428312323,0.357874127044328,0.359593499670695,0.372132762832886,0.386515357845362,0.427108410952115,0.446689949864913,25
"Diagnostic model","Diagnostic model","Regional depletion","Region 2",2006,0.109142488785544,0.112423186395458,0.120323772067139,0.131738970659343,0.14176335078534,0.146684589941174,0.154034800776626,25
"Diagnostic model","Diagnostic model","Regional depletion","Region 3",2006,0.19173462042923,0.194784531997905,0.197445581395349,0.199915294950568,0.208185342216838,0.221715084461891,0.23002428891192,25
"Diagnostic model","Diagnostic model","Regional depletion","Region 4",2006,0.219156451155977,0.22175701400317,0.224417999256229,0.229007833195011,0.235419959181537,0.274727934346712,0.287397191405958,25
"Diagnostic model","Diagnostic model","Regional depletion","Region 5",2006,0.341939833191338,0.343790474837593,0.35174153877002,0.358255679762992,0.377325194734205,0.518259556777262,0.528245925836409,25
"Diagnostic model","Diagnostic model","Regional depletion","All regions",2007,0.208772642564389,0.214419102865723,0.222117008473779,0.230979981928246,0.240862786666952,0.246791622054436,0.264381845464229,25
"Diagnostic model","Diagnostic model","Regional depletion","Region 1",2007,0.335934508502526,0.340249524030755,0.342293877661665,0.355711189597046,0.370208008164245,0.409825661568106,0.428391868595194,25
"Diagnostic model","Diagnostic model","Regional depletion","Region 2",2007,0.095616400974933,0.0988809887172137,0.105310394756476,0.114852858987454,0.123605724967218,0.130423437682656,0.135808950932588,25
"Diagnostic model","Diagnostic model","Regional depletion","Region 3",2007,0.186482377667242,0.188251595751684,0.191328556108716,0.193897244036153,0.202018580180351,0.211551634025387,0.218916925887521,25
"Diagnostic model","Diagnostic model","Regional depletion","Region 4",2007,0.21334969896308,0.215343855843579,0.217639675058617,0.223158729995157,0.226568369353714,0.274282473880943,0.287257856755758,25
"Diagnostic model","Diagnostic model","Regional depletion","Region 5",2007,0.350634459134376,0.35202581050399,0.359492091568815,0.367324770520485,0.387088310915992,0.546141696962151,0.556779889840531,25
"Diagnostic model","Diagnostic model","Regional depletion","All regions",2008,0.200910196511001,0.205784938581049,0.212984205657867,0.221885236955883,0.231477001574263,0.236867684967873,0.254314627539466,25
"Diagnostic model","Diagnostic model","Regional depletion","Region 1",2008,0.299384836948976,0.302783681903968,0.307100360446432,0.320401671126645,0.333245703040925,0.372564423880213,0.392192254056045,25
"Diagnostic model","Diagnostic model","Regional depletion","Region 2",2008,0.0853952671998096,0.0885076520621263,0.0943156141568355,0.102518634056535,0.110501923505798,0.117778488433281,0.122749121270334,25
"Diagnostic model","Diagnostic model","Regional depletion","Region 3",2008,0.190687398693455,0.193698872174962,0.196010960572385,0.199104064193265,0.203065425346771,0.205179021024647,0.216553478851502,25
"Diagnostic model","Diagnostic model","Regional depletion","Region 4",2008,0.216192459751334,0.220329694660559,0.222277811673785,0.225696786448037,0.236815258642781,0.28313083147377,0.2971156405085,25
"Diagnostic model","Diagnostic model","Regional depletion","Region 5",2008,0.337472018159899,0.338525744992616,0.345264781164051,0.353492220012368,0.374035683041277,0.538559446565486,0.549480242443168,25
"Diagnostic model","Diagnostic model","Regional depletion","All regions",2009,0.188044435987157,0.193599982856361,0.201238600903858,0.210521556854618,0.220081125719765,0.222239593030681,0.237801331791354,25
"Diagnostic model","Diagnostic model","Regional depletion","Region 1",2009,0.297028198027317,0.300394620628652,0.304553966885646,0.316688401834168,0.33174409579776,0.374344134522902,0.39222574417043,25
"Diagnostic model","Diagnostic model","Regional depletion","Region 2",2009,0.0734976952980946,0.0764549867461728,0.0820664971791916,0.0889923319104553,0.0967606466044823,0.102718250886792,0.107913998725674,25
"Diagnostic model","Diagnostic model","Regional depletion","Region 3",2009,0.190179987932746,0.19130685879085,0.193631756415692,0.196754823310559,0.200841530922292,0.202902330253632,0.211688974859544,25
"Diagnostic model","Diagnostic model","Regional depletion","Region 4",2009,0.193553875953288,0.195353353501802,0.1971550422785,0.202505347992637,0.207022093035414,0.25513621795825,0.267477267082942,25
"Diagnostic model","Diagnostic model","Regional depletion","Region 5",2009,0.321853903380194,0.322927024630325,0.330066182143002,0.337946585803747,0.355838309600367,0.511632356601276,0.522065089262266,25
"Diagnostic model","Diagnostic model","Regional depletion","All regions",2010,0.17371154894966,0.179575041322314,0.187715363648339,0.19740845614368,0.205054398635344,0.207894254900631,0.221235505804988,25
"Diagnostic model","Diagnostic model","Regional depletion","Region 1",2010,0.30836413761667,0.311602213343444,0.315215360491109,0.329275612222904,0.345227145813488,0.390359094592032,0.406266527889082,25
"Diagnostic model","Diagnostic model","Regional depletion","Region 2",2010,0.069170900845378,0.0716693125931655,0.0785371065391886,0.0862987350212539,0.0946300113583779,0.0986611302754216,0.104191211396606,25
"Diagnostic model","Diagnostic model","Regional depletion","Region 3",2010,0.178962952916269,0.18005166935073,0.18226069137879,0.185279683324021,0.18872161265629,0.191106722098315,0.199742764635512,25
"Diagnostic model","Diagnostic model","Regional depletion","Region 4",2010,0.143977621166273,0.145156465797758,0.149601478075923,0.152086438152012,0.16163399938079,0.203589600552359,0.215023451695945,25
"Diagnostic model","Diagnostic model","Regional depletion","Region 5",2010,0.305285637260264,0.306751961908197,0.31494322220202,0.321166610852074,0.33485830333241,0.480840701156487,0.491183804903779,25
"Diagnostic model","Diagnostic model","Regional depletion","All regions",2011,0.173146249132117,0.178560893504355,0.186248405865412,0.195493194753774,0.201259242380193,0.206073994403785,0.217255874966865,25
"Diagnostic model","Diagnostic model","Regional depletion","Region 1",2011,0.317828438917946,0.324039038019027,0.330960103578532,0.344085131540053,0.359993969445189,0.40563510636426,0.420679145582949,25
"Diagnostic model","Diagnostic model","Regional depletion","Region 2",2011,0.0696013725246087,0.0730849242096578,0.0810976619021939,0.091591948297443,0.0986361194671251,0.104628829907922,0.108700301781553,25
"Diagnostic model","Diagnostic model","Regional depletion","Region 3",2011,0.173636411223634,0.174822117516238,0.176623072509923,0.18085127398727,0.183354928596308,0.185764040856631,0.194715792439895,25
"Diagnostic model","Diagnostic model","Regional depletion","Region 4",2011,0.144881504753357,0.145929501775034,0.148197231227548,0.150766485042609,0.158401825265517,0.196510301906015,0.207882752439404,25
"Diagnostic model","Diagnostic model","Regional depletion","Region 5",2011,0.29553195794274,0.297517398918575,0.30519277384696,0.31203207875419,0.325774687622289,0.454126719016903,0.464634952234514,25
"Diagnostic model","Diagnostic model","Regional depletion","All regions",2012,0.168530817803979,0.173208815437748,0.180122821532556,0.188852642126185,0.195700288874775,0.198769297746224,0.2111865131928,25
"Diagnostic model","Diagnostic model","Regional depletion","Region 1",2012,0.322566226110317,0.329673135303471,0.336198362461351,0.349344573421018,0.366493558374114,0.413987066717658,0.428819452230116,25
"Diagnostic model","Diagnostic model","Regional depletion","Region 2",2012,0.0641614382743431,0.0676351671776176,0.0751389803131966,0.0848728394418992,0.0922568685499267,0.0968800859879385,0.101242316652249,25
"Diagnostic model","Diagnostic model","Regional depletion","Region 3",2012,0.154825388961,0.156370042476137,0.158226301870234,0.162776800193217,0.165942753293957,0.166879957695973,0.176761858120206,25
"Diagnostic model","Diagnostic model","Regional depletion","Region 4",2012,0.159626095221264,0.162699339805964,0.164038105046344,0.166924423981268,0.17815527201168,0.211055764019052,0.221548506829151,25
"Diagnostic model","Diagnostic model","Regional depletion","Region 5",2012,0.281726503819922,0.283728021682622,0.29135653478587,0.29733022422737,0.311771987206129,0.433570318164276,0.444982730360395,25
"Diagnostic model","Diagnostic model","Regional depletion","All regions",2013,0.16147995543988,0.165607436408936,0.172388457015389,0.180384386433105,0.186258850676954,0.190090441543486,0.201975551070184,25
"Diagnostic model","Diagnostic model","Regional depletion","Region 1",2013,0.313355104179355,0.320466076277435,0.327218910809086,0.340432517092859,0.356790586630287,0.402949182170059,0.418084484193885,25
"Diagnostic model","Diagnostic model","Regional depletion","Region 2",2013,0.0552386269388661,0.0579307650797441,0.0647180091297305,0.0723666840427044,0.0798488554953696,0.0837888879262899,0.0881115464971807,25
"Diagnostic model","Diagnostic model","Regional depletion","Region 3",2013,0.149458723725884,0.150719306651577,0.152169712777969,0.155687737478411,0.160226173239369,0.162325292668867,0.169741829754822,25
"Diagnostic model","Diagnostic model","Regional depletion","Region 4",2013,0.159073783540859,0.161152852837195,0.162636450964981,0.166393262963604,0.173322821454089,0.208971942652077,0.21819598939987,25
"Diagnostic model","Diagnostic model","Regional depletion","Region 5",2013,0.267957348764905,0.269575331019962,0.276721482553736,0.2825455104341,0.297045340624288,0.415542065118752,0.427465371940531,25
"Diagnostic model","Diagnostic model","Regional depletion","All regions",2014,0.165224435112055,0.16906703479104,0.176065099796375,0.183839790944937,0.188167319691422,0.193738617786324,0.204817192891173,25
"Diagnostic model","Diagnostic model","Regional depletion","Region 1",2014,0.346343017238863,0.35583191846124,0.363224825265338,0.377953211399405,0.394858607601176,0.443019272312848,0.456509663032345,25
"Diagnostic model","Diagnostic model","Regional depletion","Region 2",2014,0.047739630113743,0.0498546111356659,0.0561598512581848,0.0629332270171435,0.0701438184651977,0.0738471045828786,0.0782057720952538,25
"Diagnostic model","Diagnostic model","Regional depletion","Region 3",2014,0.15340468948439,0.154815533953066,0.156090497629483,0.160152012518678,0.165437183012949,0.167140961289647,0.173294448903083,25
"Diagnostic model","Diagnostic model","Regional depletion","Region 4",2014,0.144912181680328,0.146642046438969,0.148395200408476,0.151048926880407,0.15641488799597,0.191111666765853,0.19992388064341,25
"Diagnostic model","Diagnostic model","Regional depletion","Region 5",2014,0.276395507281428,0.278553736344934,0.283621167153049,0.291120482633398,0.304543796756718,0.430140947349212,0.442382241391659,25
"Diagnostic model","Diagnostic model","Regional depletion","All regions",2015,0.171541780743428,0.174990465188045,0.18229650352804,0.190565877824632,0.195044260629807,0.201677364128135,0.212670375212508,25
"Diagnostic model","Diagnostic model","Regional depletion","Region 1",2015,0.380637740703309,0.391243523055955,0.399457778956519,0.414566850198183,0.431574397042602,0.47637790675576,0.489070633814232,25
"Diagnostic model","Diagnostic model","Regional depletion","Region 2",2015,0.0435203077986628,0.0454934961636836,0.051715003581214,0.0585106168593442,0.0652603870233352,0.0691247590157697,0.0730466941987575,25
"Diagnostic model","Diagnostic model","Regional depletion","Region 3",2015,0.156131310837434,0.157117507229747,0.15874907598775,0.163157269021739,0.167697626241968,0.169940144311389,0.175620934884063,25
"Diagnostic model","Diagnostic model","Regional depletion","Region 4",2015,0.141583492398615,0.143230688507831,0.144757903957952,0.14765460348046,0.15384232424167,0.186511724575574,0.196066140722231,25
"Diagnostic model","Diagnostic model","Regional depletion","Region 5",2015,0.283823327518483,0.286624272629326,0.29163529744134,0.299170257294103,0.31256971155737,0.457756039011863,0.469296829379365,25
"Diagnostic model","Diagnostic model","Regional depletion","All regions",2016,0.17271250830224,0.176088582762709,0.183573713522786,0.192402288027209,0.197737183960329,0.204409900741937,0.215922663660148,25
"Diagnostic model","Diagnostic model","Regional depletion","Region 1",2016,0.381977386634156,0.392457138780671,0.398979168158064,0.413611558418322,0.430951347283726,0.470985210801389,0.484647332766438,25
"Diagnostic model","Diagnostic model","Regional depletion","Region 2",2016,0.0469614911706397,0.0496743823623849,0.0564529650657872,0.0646253278747209,0.0690912018895271,0.0748626798136088,0.0795814130750226,25
"Diagnostic model","Diagnostic model","Regional depletion","Region 3",2016,0.162291389280407,0.16342313314952,0.165062246151981,0.169411125946692,0.175347912524851,0.177161987355204,0.182601729610382,25
"Diagnostic model","Diagnostic model","Regional depletion","Region 4",2016,0.147654378596211,0.14896483571472,0.150433130949375,0.153788182395777,0.158745629218313,0.191646521495307,0.202020406725705,25
"Diagnostic model","Diagnostic model","Regional depletion","Region 5",2016,0.27317398866689,0.276243216967576,0.281549081726007,0.289027965548146,0.300728667156089,0.449803679168714,0.460029154696417,25
"Diagnostic model","Diagnostic model","Regional depletion","All regions",2017,0.170375454226587,0.173736796536797,0.181365003573936,0.190555318779498,0.19623814884226,0.20266237050696,0.214704135945998,25
"Diagnostic model","Diagnostic model","Regional depletion","Region 1",2017,0.376002351230162,0.386613318165135,0.392243839477081,0.407685723179083,0.42307905121074,0.46055722958545,0.475355711250648,25
"Diagnostic model","Diagnostic model","Regional depletion","Region 2",2017,0.0495993342973155,0.052459985800634,0.0593754959530233,0.0686465707787424,0.0731496240801254,0.0777936347272488,0.0841241618745642,25
"Diagnostic model","Diagnostic model","Regional depletion","Region 3",2017,0.161050820603032,0.162260041094376,0.164759939638447,0.168890012298824,0.174466565832949,0.175991513341148,0.185641195675027,25
"Diagnostic model","Diagnostic model","Regional depletion","Region 4",2017,0.162204429939963,0.16396035145328,0.165488843448756,0.16868343620278,0.173451986856089,0.204923398525811,0.215361920540535,25
"Diagnostic model","Diagnostic model","Regional depletion","Region 5",2017,0.257594766991174,0.260603954704724,0.26526072005053,0.272698889645297,0.282921341038965,0.41189162593203,0.420933924566109,25
"Diagnostic model","Diagnostic model","Regional depletion","All regions",2018,0.171157258868812,0.174093066033751,0.181601071999042,0.190513853542566,0.196050267625685,0.201850326085373,0.214504696903624,25
"Diagnostic model","Diagnostic model","Regional depletion","Region 1",2018,0.388936253667862,0.400947754061534,0.407453787352328,0.419914883693814,0.435334150568542,0.476875281797687,0.491779338661781,25
"Diagnostic model","Diagnostic model","Regional depletion","Region 2",2018,0.0512801131043577,0.0537218829791114,0.0605748474663145,0.0699922973558003,0.0747560566934101,0.0780966155064324,0.0849457485190107,25
"Diagnostic model","Diagnostic model","Regional depletion","Region 3",2018,0.153999543768195,0.155172710095145,0.157364709460358,0.163137922757769,0.167787763218194,0.169614135802644,0.181746527129147,25
"Diagnostic model","Diagnostic model","Regional depletion","Region 4",2018,0.17295420801897,0.17519653765827,0.176194723065163,0.180009934714732,0.184989068470199,0.214954974057224,0.224203663234358,25
"Diagnostic model","Diagnostic model","Regional depletion","Region 5",2018,0.247823661307951,0.250297068942428,0.253911484991846,0.262153916693119,0.273852603911188,0.37502851067401,0.383118445877069,25
"Diagnostic model","Diagnostic model","Regional depletion","All regions",2019,0.171050724755117,0.173565609845878,0.180846035012939,0.189127172138959,0.195666640111345,0.200204541537541,0.214334036253048,25
"Diagnostic model","Diagnostic model","Regional depletion","Region 1",2019,0.42145239444357,0.435455080079076,0.442657007092531,0.457574912336627,0.468116223638531,0.51192723480945,0.525526015923768,25
"Diagnostic model","Diagnostic model","Regional depletion","Region 2",2019,0.0508603903076047,0.0533747537811047,0.0599743021805514,0.0696823096085186,0.0743798534698022,0.0800603139589792,0.0838341027157951,25
"Diagnostic model","Diagnostic model","Regional depletion","Region 3",2019,0.146178166086032,0.147423879643568,0.149323141251797,0.155492027748946,0.161087300780172,0.162780722247358,0.174660011889809,25
"Diagnostic model","Diagnostic model","Regional depletion","Region 4",2019,0.147485661708624,0.148969685964526,0.151600525624179,0.154396451379495,0.162817520651553,0.190866615557407,0.19853652541018,25
"Diagnostic model","Diagnostic model","Regional depletion","Region 5",2019,0.239709884381038,0.241791803072484,0.245484403394408,0.253709452769714,0.266964294314252,0.356470396333222,0.364988446967593,25
"Diagnostic model","Diagnostic model","Regional depletion","All regions",2020,0.174456599095452,0.177243729973878,0.184455654143609,0.192382057480181,0.199933413714512,0.203263311110712,0.218157638386773,25
"Diagnostic model","Diagnostic model","Regional depletion","Region 1",2020,0.426993647539628,0.440973188739723,0.447381363894721,0.462530698605811,0.470747264973113,0.513817991602626,0.526471664100218,25
"Diagnostic model","Diagnostic model","Regional depletion","Region 2",2020,0.0499230839811872,0.0531025342174573,0.0594364571101529,0.0686365654131524,0.0754423563401583,0.0796011473993699,0.0845515778669992,25
"Diagnostic model","Diagnostic model","Regional depletion","Region 3",2020,0.149856280470659,0.151147818648141,0.153519618044929,0.159783695626295,0.163483118190389,0.165706865019949,0.177494667254384,25
"Diagnostic model","Diagnostic model","Regional depletion","Region 4",2020,0.147537873800351,0.149056359434038,0.15133834027211,0.154317043392933,0.16093819994936,0.190478791111756,0.197545872124496,25
"Diagnostic model","Diagnostic model","Regional depletion","Region 5",2020,0.239615252226333,0.242345954782144,0.24623764219935,0.254597427346355,0.26726142466508,0.36808395342913,0.378242214987342,25
"Diagnostic model","Diagnostic model","Regional depletion","All regions",2021,0.180468787884858,0.183910671856667,0.191426758703859,0.199190098149123,0.207188465872395,0.210544308955209,0.223962477720921,25
"Diagnostic model","Diagnostic model","Regional depletion","Region 1",2021,0.404678120135909,0.416024506351029,0.42382632224456,0.435851117135405,0.44671172079887,0.488977849639849,0.498995719334146,25
"Diagnostic model","Diagnostic model","Regional depletion","Region 2",2021,0.0506246252902235,0.0537217000366286,0.0601463981939662,0.0686552541340642,0.075344661295813,0.0787864183155232,0.0834186352653899,25
"Diagnostic model","Diagnostic model","Regional depletion","Region 3",2021,0.158546412870819,0.159796574175018,0.162439927422519,0.168604301669933,0.173493338670021,0.17507254835535,0.187036752966878,25
"Diagnostic model","Diagnostic model","Regional depletion","Region 4",2021,0.171842352107612,0.173533755491625,0.174848023518295,0.179065804868629,0.184538524538525,0.213644395826737,0.220910823950039,25
"Diagnostic model","Diagnostic model","Regional depletion","Region 5",2021,0.257884972130737,0.260595809875954,0.265222997572816,0.274857065300375,0.290648627527596,0.400258047703118,0.412618511211664,25
"Diagnostic model","Diagnostic model","Regional depletion","All regions",2022,0.18417351702409,0.186852907753014,0.194220179479168,0.201789816566642,0.209603467526072,0.212606638426412,0.224949324232112,25
"Diagnostic model","Diagnostic model","Regional depletion","Region 1",2022,0.380256751905628,0.390913901831153,0.400867618921553,0.413594748192657,0.425474081757494,0.471736060161245,0.480032811390091,25
"Diagnostic model","Diagnostic model","Regional depletion","Region 2",2022,0.0525474746034026,0.0558323364444891,0.0625525662754444,0.0711030299722315,0.0758978347473476,0.0803509803800834,0.0832489480795838,25
"Diagnostic model","Diagnostic model","Regional depletion","Region 3",2022,0.160433661949842,0.162289324888234,0.164392762610133,0.171307119437368,0.176004934026091,0.176992674170427,0.188924936459639,25
"Diagnostic model","Diagnostic model","Regional depletion","Region 4",2022,0.178296561788256,0.179900767446783,0.180755148489813,0.185657282456957,0.194508326724822,0.224120129719393,0.232272934161178,25
"Diagnostic model","Diagnostic model","Regional depletion","Region 5",2022,0.278509415662603,0.280790393220481,0.286364076771983,0.29412061569518,0.315038617068169,0.432558204131354,0.444806574213831,25
"Diagnostic model","Diagnostic model","Regional depletion","All regions",2023,0.178977810952422,0.181085801590922,0.187761234615921,0.194905617040824,0.200135977056962,0.204808051786209,0.215646313578726,25
"Diagnostic model","Diagnostic model","Regional depletion","Region 1",2023,0.347305900586349,0.35845940386989,0.36960890960891,0.383595974938295,0.393979122483268,0.442923410405734,0.452505881944016,25
"Diagnostic model","Diagnostic model","Regional depletion","Region 2",2023,0.0575863694932289,0.0620140262958267,0.069270511628981,0.0792667836114171,0.0826525644002667,0.0881545359958877,0.0916031999949496,25
"Diagnostic model","Diagnostic model","Regional depletion","Region 3",2023,0.164696845744902,0.166511533731762,0.167891368675101,0.173370356257145,0.179101174687382,0.183963201841884,0.189738551175958,25
"Diagnostic model","Diagnostic model","Regional depletion","Region 4",2023,0.159115612032493,0.160594689687875,0.162034414239209,0.165475772378489,0.172417005200921,0.20688296587811,0.215260256365192,25
"Diagnostic model","Diagnostic model","Regional depletion","Region 5",2023,0.275600268019311,0.277125764669544,0.284377271788981,0.291334990575573,0.314186594220602,0.419276568978804,0.43056150926447,25
"Diagnostic model","Diagnostic model","Regional depletion","All regions",2024,0.157164595195607,0.159174150698712,0.165760764132609,0.172990726698482,0.176748315180509,0.183897373049002,0.193093025703605,25
"Diagnostic model","Diagnostic model","Regional depletion","Region 1",2024,0.264758217572723,0.272286398896378,0.278277048155097,0.294182632253459,0.311756225841201,0.346055410666865,0.359401458916098,25
"Diagnostic model","Diagnostic model","Regional depletion","Region 2",2024,0.0567402176476514,0.061154663002334,0.0680408290214041,0.0780253464187877,0.0811438150102845,0.0863095150416748,0.0900098960397431,25
"Diagnostic model","Diagnostic model","Regional depletion","Region 3",2024,0.161339713800122,0.162606743548526,0.164253027921156,0.168865150411159,0.175585828136625,0.18159870961169,0.186197263431533,25
"Diagnostic model","Diagnostic model","Regional depletion","Region 4",2024,0.119686293984086,0.121061642460232,0.124251770364762,0.126684298636805,0.13473935238663,0.166249677027062,0.174654013462916,25
"Diagnostic model","Diagnostic model","Regional depletion","Region 5",2024,0.266920826864556,0.268677782879699,0.27460193722391,0.283213008190827,0.306854721573891,0.410511471675982,0.421647349430642,25
"Diagnostic model","Diagnostic model","Regional recruitment","Region 1",1952,34.381,41.5128,43.92,52.31,55.43,59.588,63.054,25
"Diagnostic model","Diagnostic model","Regional recruitment","Region 2",1952,7.0166,8.0676,9.182,9.709,14.833,17.6422,21.9126,25
"Diagnostic model","Diagnostic model","Regional recruitment","Region 3",1952,7.1404,7.2456,7.329,7.682,8.59,14.5634,14.744,25
"Diagnostic model","Diagnostic model","Regional recruitment","Region 4",1952,3.48716,3.86874,4.82,5.057,6.12,6.9434,7.4596,25
"Diagnostic model","Diagnostic model","Regional recruitment","Region 5",1952,14.685,15.5244,19.262,20.374,21.84,24.1524,25.0688,25
"Diagnostic model","Diagnostic model","Regional recruitment","Region 1",1953,32.4024,37.21204,39.2803,46.487,52.819,71.0854,75.7916,25
"Diagnostic model","Diagnostic model","Regional recruitment","Region 2",1953,5.73784,6.47576,7.1347,8.4306,12.8105,15.5656,16.7677,25
"Diagnostic model","Diagnostic model","Regional recruitment","Region 3",1953,7.613,7.6766,7.827,8.657,9.882,12.2892,14.0092,25
"Diagnostic model","Diagnostic model","Regional recruitment","Region 4",1953,3.74848,3.80516,3.8738,4.5262,5.3389,5.71874,6.78078,25
"Diagnostic model","Diagnostic model","Regional recruitment","Region 5",1953,5.7749,6.66848,7.7906,8.5813,9.5972,9.97732,11.11398,25
"Diagnostic model","Diagnostic model","Regional recruitment","Region 1",1954,44.62712,51.8246,63.4572,70.7617,80.7535,92.12468,112.71048,25
"Diagnostic model","Diagnostic model","Regional recruitment","Region 2",1954,4.82464,5.39152,5.9695,6.6188,9.9599,11.69752,15.73166,25
"Diagnostic model","Diagnostic model","Regional recruitment","Region 3",1954,8.5246,10.31216,10.4612,10.6838,12.216,13.8768,18.8232,25
"Diagnostic model","Diagnostic model","Regional recruitment","Region 4",1954,7.22856,7.45902,11.5567,12.6389,16.6232,18.07568,21.13176,25
"Diagnostic model","Diagnostic model","Regional recruitment","Region 5",1954,6.91498,7.52292,7.7549,8.1108,10.8355,22.91186,24.62706,25
"Diagnostic model","Diagnostic model","Regional recruitment","Region 1",1955,14.62202,21.20388,28.2518,30.4661,32.1529,33.12128,36.11604,25
"Diagnostic model","Diagnostic model","Regional recruitment","Region 2",1955,5.348906,7.89362,9.3561,13.9038,16.986,20.28562,25.3918,25
"Diagnostic model","Diagnostic model","Regional recruitment","Region 3",1955,18.19552,19.10936,21.3537,23.6639,24.4158,33.59924,34.39812,25
"Diagnostic model","Diagnostic model","Regional recruitment","Region 4",1955,3.767396,4.362438,4.816,5.3298,5.647,5.86866,6.1907,25
"Diagnostic model","Diagnostic model","Regional recruitment","Region 5",1955,13.821674,14.35246,34.3001,37.3061,42.1899,46.2751,49.95408,25
"Diagnostic model","Diagnostic model","Regional recruitment","Region 1",1956,13.8904,17.20762,17.8157,21.9908,23.1084,24.81696,26.00354,25
"Diagnostic model","Diagnostic model","Regional recruitment","Region 2",1956,5.899844,6.561832,8.04047,11.17473,14.09627,17.33994,20.7281,25
"Diagnostic model","Diagnostic model","Regional recruitment","Region 3",1956,6.32656,8.53012,10.0514,11.2186,12.4798,14.87186,15.09428,25
"Diagnostic model","Diagnostic model","Regional recruitment","Region 4",1956,3.066758,3.44697,3.9692,4.11316,4.84316,5.80496,6.3263,25
"Diagnostic model","Diagnostic model","Regional recruitment","Region 5",1956,14.352448,14.869948,16.5043,17.2734,18.4739,20.55954,21.4835,25
"Diagnostic model","Diagnostic model","Regional recruitment","Region 1",1957,18.04224,20.71628,22.0378,25.0487,26.8628,28.45512,29.67452,25
"Diagnostic model","Diagnostic model","Regional recruitment","Region 2",1957,1.43319,1.944732,2.36016,3.08078,4.41842,5.427576,6.3662,25
"Diagnostic model","Diagnostic model","Regional recruitment","Region 3",1957,7.3699,8.2728,8.4715,8.9612,10.6639,11.00682,11.13468,25
"Diagnostic model","Diagnostic model","Regional recruitment","Region 4",1957,2.227886,2.37686,2.77194,2.99101,3.2551,3.661544,3.98786,25
"Diagnostic model","Diagnostic model","Regional recruitment","Region 5",1957,5.107538,5.716026,7.0583,7.5054,8.36222,9.29344,9.9622,25
"Diagnostic model","Diagnostic model","Regional recruitment","Region 1",1958,41.65798,56.66218,70.1209,79.2454,88.0149,93.83608,98.68848,25
"Diagnostic model","Diagnostic model","Regional recruitment","Region 2",1958,0.790972,1.11202,1.3218,1.4414,2.4415,3.41086,4.88986,25
"Diagnostic model","Diagnostic model","Regional recruitment","Region 3",1958,3.8004,4.67092,5.1894,6.1301,6.692,7.86022,8.6981,25
"Diagnostic model","Diagnostic model","Regional recruitment","Region 4",1958,1.463136,1.62416,1.8395,2.0614,2.6102,2.98042,3.14316,25
"Diagnostic model","Diagnostic model","Regional recruitment","Region 5",1958,6.20164,9.96666,14.3495,23.7554,28.576,33.48562,39.19054,25
"Diagnostic model","Diagnostic model","Regional recruitment","Region 1",1959,3.4206,3.59258,4.1714,4.6317,11.4919,23.8695,35.95056,25
"Diagnostic model","Diagnostic model","Regional recruitment","Region 2",1959,8.64627,10.185586,11.5438,12.2334,17.9595,20.39974,24.21224,25
"Diagnostic model","Diagnostic model","Regional recruitment","Region 3",1959,5.61378,5.99406,6.4688,7.0705,7.2812,10.41694,10.46142,25
"Diagnostic model","Diagnostic model","Regional recruitment","Region 4",1959,1.660496,1.669612,1.7431,1.79445,1.8632,2.051582,2.13654,25
"Diagnostic model","Diagnostic model","Regional recruitment","Region 5",1959,3.3768,3.95586,5.6219,8.1409,16.157,19.806,22.504428,25
"Diagnostic model","Diagnostic model","Regional recruitment","Region 1",1960,14.63426,22.4926,25.3742,33.0326,50.747,57.89818,63.07284,25
"Diagnostic model","Diagnostic model","Regional recruitment","Region 2",1960,0.836844,1.041546,1.22219,1.41228,2.19025,2.406346,2.84263,25
"Diagnostic model","Diagnostic model","Regional recruitment","Region 3",1960,4.20018,5.21942,5.9009,6.942,7.9398,9.46386,10.66296,25
"Diagnostic model","Diagnostic model","Regional recruitment","Region 4",1960,7.565404,7.865992,12.6679,14.40908,18.46705,21.204848,22.318466,25
"Diagnostic model","Diagnostic model","Regional recruitment","Region 5",1960,8.13399,8.672616,9.71926,13.4277,16.4147,20.45058,24.73784,25
"Diagnostic model","Diagnostic model","Regional recruitment","Region 1",1961,6.53168,7.0163,10.6794,18.2123,25.249,35.17088,37.03268,25
"Diagnostic model","Diagnostic model","Regional recruitment","Region 2",1961,0.92512,1.096206,1.29658,2.21334,2.38507,3.308896,3.99484,25
"Diagnostic model","Diagnostic model","Regional recruitment","Region 3",1961,7.75738,8.78702,9.4162,10.6341,11.4501,12.41216,13.0496,25
"Diagnostic model","Diagnostic model","Regional recruitment","Region 4",1961,2.133392,2.599264,3.1641,3.2999,3.7542,4.31938,4.73898,25
"Diagnostic model","Diagnostic model","Regional recruitment","Region 5",1961,12.98846,13.32592,14.7144,15.523,16.3005,17.14708,18.41374,25
"Diagnostic model","Diagnostic model","Regional recruitment","Region 1",1962,18.30478,23.5368,26.036,34.288,40.478,50.6006,56.2734,25
"Diagnostic model","Diagnostic model","Regional recruitment","Region 2",1962,1.48612,2.20628,2.9556,5.5642,9.0577,10.40196,15.12938,25
"Diagnostic model","Diagnostic model","Regional recruitment","Region 3",1962,6.6658,7.21794,14.004,16.327,17.2033,17.527,17.88472,25
"Diagnostic model","Diagnostic model","Regional recruitment","Region 4",1962,6.0196,6.5117,10.506,11.1994,12.668,15.15262,16.4886,25
"Diagnostic model","Diagnostic model","Regional recruitment","Region 5",1962,2.5431,3.38808,3.6392,5.4606,8.141,12.07598,14.65332,25
"Diagnostic model","Diagnostic model","Regional recruitment","Region 1",1963,35.7452,36.108,40.12,42.737,44.373,57.34652,59.125,25
"Diagnostic model","Diagnostic model","Regional recruitment","Region 2",1963,0.975106,1.09786,1.1582,1.3565,2.0611,3.78164,9.32006,25
"Diagnostic model","Diagnostic model","Regional recruitment","Region 3",1963,3.17918,3.44022,5.3016,6.856,7.447,8.03282,8.18422,25
"Diagnostic model","Diagnostic model","Regional recruitment","Region 4",1963,2.9143,3.85068,5.6963,6.4658,14.5655,20.28604,22.33822,25
"Diagnostic model","Diagnostic model","Regional recruitment","Region 5",1963,6.01554,6.3561,6.6767,8.0243,11.6195,14.96496,16.06986,25
"Diagnostic model","Diagnostic model","Regional recruitment","Region 1",1964,10.25372,10.566,11.7508,17.0419,19.6346,22.23468,24.93468,25
"Diagnostic model","Diagnostic model","Regional recruitment","Region 2",1964,4.39104,5.544602,6.63115,7.89518,11.9128,12.591848,13.06083,25
"Diagnostic model","Diagnostic model","Regional recruitment","Region 3",1964,1.7778,1.82462,3.3265,3.4643,3.6272,3.91314,4.07374,25
"Diagnostic model","Diagnostic model","Regional recruitment","Region 4",1964,7.671124,9.185444,9.83163,15.24705,18.09027,18.244596,18.314824,25
"Diagnostic model","Diagnostic model","Regional recruitment","Region 5",1964,5.61062,6.124088,6.8465,7.91849,8.5326,15.855636,18.35027,25
"Diagnostic model","Diagnostic model","Regional recruitment","Region 1",1965,16.04496,16.63966,19.1685,20.338,22.7948,27.68,28.8561,25
"Diagnostic model","Diagnostic model","Regional recruitment","Region 2",1965,0.725772,0.780912,0.89959,1.13418,1.39178,1.626052,1.721366,25
"Diagnostic model","Diagnostic model","Regional recruitment","Region 3",1965,2.43612,2.68172,3.1263,3.5308,4.278,4.87614,5.27996,25
"Diagnostic model","Diagnostic model","Regional recruitment","Region 4",1965,4.978098,5.339318,7.23685,8.44414,11.17318,12.095588,12.500566,25
"Diagnostic model","Diagnostic model","Regional recruitment","Region 5",1965,7.60736,7.80672,8.21536,8.72968,10.3111,13.253458,13.978598,25
"Diagnostic model","Diagnostic model","Regional recruitment","Region 1",1966,21.54358,32.14014,35.2423,44.7095,53.1107,63.03224,69.01104,25
"Diagnostic model","Diagnostic model","Regional recruitment","Region 2",1966,0.763486,1.00031,1.2117,1.5948,2.9788,3.75316,5.20666,25
"Diagnostic model","Diagnostic model","Regional recruitment","Region 3",1966,3.7164,4.0492,7.6566,8.6523,10.3761,12.73002,13.97866,25
"Diagnostic model","Diagnostic model","Regional recruitment","Region 4",1966,22.88382,23.91646,30.7358,34.3213,36.8359,41.6459,43.19346,25
"Diagnostic model","Diagnostic model","Regional recruitment","Region 5",1966,3.62068,3.92362,4.0806,4.8016,6.9297,11.15058,12.18638,25
"Diagnostic model","Diagnostic model","Regional recruitment","Region 1",1967,13.90294,14.61062,18.3599,23.3138,25.133,33.95574,34.27496,25
"Diagnostic model","Diagnostic model","Regional recruitment","Region 2",1967,0.69252,0.77834,0.8985,1.3938,1.6185,2.26304,2.80276,25
"Diagnostic model","Diagnostic model","Regional recruitment","Region 3",1967,1.84062,1.9023,3.1807,3.2605,3.3634,3.63274,3.75448,25
"Diagnostic model","Diagnostic model","Regional recruitment","Region 4",1967,2.020824,2.276928,2.6275,2.8127,5.9274,10.85252,14.5862,25
"Diagnostic model","Diagnostic model","Regional recruitment","Region 5",1967,1.81026,1.85726,1.931,2.1377,3.4996,13.33424,15.88446,25
"Diagnostic model","Diagnostic model","Regional recruitment","Region 1",1968,15.757916,18.64828,19.7455,22.649,25.1124,26.705264,27.05364,25
"Diagnostic model","Diagnostic model","Regional recruitment","Region 2",1968,4.136968,4.956116,5.75839,6.7746,9.46104,12.505644,16.824906,25
"Diagnostic model","Diagnostic model","Regional recruitment","Region 3",1968,2.99128,3.19928,3.9892,4.1088,4.4434,5.21232,5.76178,25
"Diagnostic model","Diagnostic model","Regional recruitment","Region 4",1968,12.473916,12.912032,14.41749,17.73761,19.33364,19.779658,20.140968,25
"Diagnostic model","Diagnostic model","Regional recruitment","Region 5",1968,2.278194,2.496284,3.17049,3.61234,3.7422,4.080284,4.658838,25
"Diagnostic model","Diagnostic model","Regional recruitment","Region 1",1969,15.780326,17.049984,17.6329,18.8953,21.0133,25.20436,25.47436,25
"Diagnostic model","Diagnostic model","Regional recruitment","Region 2",1969,1.388744,2.149586,2.87162,4.37505,5.2914,5.911562,6.161782,25
"Diagnostic model","Diagnostic model","Regional recruitment","Region 3",1969,10.36474,10.55668,10.8677,11.6062,15.6597,20.45948,25.95602,25
"Diagnostic model","Diagnostic model","Regional recruitment","Region 4",1969,14.606224,18.910372,20.81037,27.0712,32.53398,34.756534,35.717776,25
"Diagnostic model","Diagnostic model","Regional recruitment","Region 5",1969,2.207324,3.098292,3.2575,3.7442,4.5294,5.54152,6.539008,25
"Diagnostic model","Diagnostic model","Regional recruitment","Region 1",1970,4.670306,4.852958,5.17726,6.98309,7.57112,8.182048,8.906148,25
"Diagnostic model","Diagnostic model","Regional recruitment","Region 2",1970,9.946854,11.688892,13.47258,18.24433,20.897,23.45902,27.236302,25
"Diagnostic model","Diagnostic model","Regional recruitment","Region 3",1970,6.10044,8.75242,11.0393,15.1794,17.8896,18.16744,18.48726,25
"Diagnostic model","Diagnostic model","Regional recruitment","Region 4",1970,3.114146,3.312058,4.3294,5.6253,10.6556,12.222876,13.3666,25
"Diagnostic model","Diagnostic model","Regional recruitment","Region 5",1970,3.736552,4.250204,4.6192,4.84593,5.4373,12.6969,14.127478,25
"Diagnostic model","Diagnostic model","Regional recruitment","Region 1",1971,12.070192,16.20022,17.8464,21.2122,23.4165,24.4911,24.78676,25
"Diagnostic model","Diagnostic model","Regional recruitment","Region 2",1971,1.340474,1.379306,1.59934,2.31378,4.0522,9.6944,16.70132,25
"Diagnostic model","Diagnostic model","Regional recruitment","Region 3",1971,4.7933,6.77566,6.8744,7.4334,9.8038,10.83944,11.16272,25
"Diagnostic model","Diagnostic model","Regional recruitment","Region 4",1971,6.222222,6.790872,7.77548,8.4342,8.7369,9.94708,10.4962,25
"Diagnostic model","Diagnostic model","Regional recruitment","Region 5",1971,1.064702,1.2132,2.22991,2.50488,3.0701,3.7548,4.61286,25
"Diagnostic model","Diagnostic model","Regional recruitment","Region 1",1972,9.36348,9.45008,9.7785,10.178,13.542,14.04272,14.9396,25
"Diagnostic model","Diagnostic model","Regional recruitment","Region 2",1972,9.10526,9.63708,10.8115,12.3534,13.6493,14.07842,14.43606,25
"Diagnostic model","Diagnostic model","Regional recruitment","Region 3",1972,4.12428,4.24864,4.3504,4.752,5.536,7.71168,8.39402,25
"Diagnostic model","Diagnostic model","Regional recruitment","Region 4",1972,4.12178,4.22506,4.3411,4.6286,6.3898,8.78134,9.68128,25
"Diagnostic model","Diagnostic model","Regional recruitment","Region 5",1972,2.69762,2.86714,9.9294,11.471,23.7934,28.47844,33.1735,25
"Diagnostic model","Diagnostic model","Regional recruitment","Region 1",1973,6.14844,8.3868,8.9419,11.8528,12.3583,13.43766,13.71892,25
"Diagnostic model","Diagnostic model","Regional recruitment","Region 2",1973,1.81497,4.04684,4.9827,7.1873,8.3402,9.92192,9.98708,25
"Diagnostic model","Diagnostic model","Regional recruitment","Region 3",1973,4.39548,4.91356,5.0529,5.7516,6.3723,8.24928,8.93774,25
"Diagnostic model","Diagnostic model","Regional recruitment","Region 4",1973,13.99718,14.71728,15.9992,18.3758,19.4212,20.66284,20.8856,25
"Diagnostic model","Diagnostic model","Regional recruitment","Region 5",1973,12.94214,14.72066,17.3274,23.3607,24.1724,29.65788,32.39018,25
"Diagnostic model","Diagnostic model","Regional recruitment","Region 1",1974,8.81122,9.62576,10.7117,12.3128,13.4131,13.74046,14.34368,25
"Diagnostic model","Diagnostic model","Regional recruitment","Region 2",1974,6.087178,6.513386,6.64012,8.7902,10.5446,12.55678,14.09884,25
"Diagnostic model","Diagnostic model","Regional recruitment","Region 3",1974,5.52058,5.61188,7.3846,8.3111,10.3554,10.97018,11.23416,25
"Diagnostic model","Diagnostic model","Regional recruitment","Region 4",1974,1.280172,1.521106,1.65679,1.79463,3.4248,7.5927,11.017824,25
"Diagnostic model","Diagnostic model","Regional recruitment","Region 5",1974,1.329306,1.60854,1.7231,1.87686,2.5525,3.4319,4.55916,25
"Diagnostic model","Diagnostic model","Regional recruitment","Region 1",1975,29.29062,31.76436,32.3024,35.097,38.997,42.93308,43.94408,25
"Diagnostic model","Diagnostic model","Regional recruitment","Region 2",1975,2.1412,2.2776,2.4016,3.1047,4.2441,5.68434,6.4124,25
"Diagnostic model","Diagnostic model","Regional recruitment","Region 3",1975,20.312,20.8484,29.798,30.706,35.129,40.045,43.6354,25
"Diagnostic model","Diagnostic model","Regional recruitment","Region 4",1975,11.60652,12.30752,14.4217,15.789,16.696,16.9464,17.808,25
"Diagnostic model","Diagnostic model","Regional recruitment","Region 5",1975,6.82442,7.319,7.683,8.272,11.436,20.26592,22.19468,25
"Diagnostic model","Diagnostic model","Regional recruitment","Region 1",1976,5.87388,8.16488,9.7962,11.5786,15.4998,18.15552,21.14612,25
"Diagnostic model","Diagnostic model","Regional recruitment","Region 2",1976,3.534002,5.825188,6.5502,9.1583,9.7766,11.21758,13.07312,25
"Diagnostic model","Diagnostic model","Regional recruitment","Region 3",1976,7.62732,8.07558,10.143,12.1171,14.472,18.83408,24.23014,25
"Diagnostic model","Diagnostic model","Regional recruitment","Region 4",1976,1.69082,1.87312,2.2454,2.4824,3.7513,3.95568,4.03698,25
"Diagnostic model","Diagnostic model","Regional recruitment","Region 5",1976,1.81062,2.7792,3.0898,3.3989,6.0617,8.99168,9.26836,25
"Diagnostic model","Diagnostic model","Regional recruitment","Region 1",1977,18.8604,21.97588,22.4025,23.1959,24.63,29.67572,30.71724,25
"Diagnostic model","Diagnostic model","Regional recruitment","Region 2",1977,2.188126,2.215106,2.38922,2.93829,3.43624,5.244912,6.808454,25
"Diagnostic model","Diagnostic model","Regional recruitment","Region 3",1977,16.11086,16.27204,26.822,28.5827,29.6944,30.93654,31.39612,25
"Diagnostic model","Diagnostic model","Regional recruitment","Region 4",1977,12.901558,13.25946,13.58277,14.17029,15.2518,16.278682,16.931028,25
"Diagnostic model","Diagnostic model","Regional recruitment","Region 5",1977,3.06824,3.17776,3.3508,3.5173,3.6124,16.785786,18.346304,25
"Diagnostic model","Diagnostic model","Regional recruitment","Region 1",1978,1.72388,1.7645,1.8715,2.4988,2.7207,3.29693,3.4507,25
"Diagnostic model","Diagnostic model","Regional recruitment","Region 2",1978,0.484918,0.72805,1.08911,1.96703,2.6275,3.46352,3.69684,25
"Diagnostic model","Diagnostic model","Regional recruitment","Region 3",1978,3.79682,4.46786,4.4953,5.1774,8.3541,9.2488,11.13224,25
"Diagnostic model","Diagnostic model","Regional recruitment","Region 4",1978,0.74919,0.760362,0.81233,0.8656,1.43345,2.138062,2.236764,25
"Diagnostic model","Diagnostic model","Regional recruitment","Region 5",1978,0.688818,0.729158,0.75583,0.95977,1.08034,1.28362,1.53264,25
"Diagnostic model","Diagnostic model","Regional recruitment","Region 1",1979,6.61744,11.01136,13.2675,16.6888,21.3372,25.32078,28.21978,25
"Diagnostic model","Diagnostic model","Regional recruitment","Region 2",1979,1.472,1.534376,1.6778,2.024,2.5114,3.88308,5.066048,25
"Diagnostic model","Diagnostic model","Regional recruitment","Region 3",1979,9.48912,9.70094,14.5238,15.9913,23.0472,28.9708,34.0363,25
"Diagnostic model","Diagnostic model","Regional recruitment","Region 4",1979,2.5273,5.106712,6.6326,7.85133,9.8328,10.95106,11.36172,25
"Diagnostic model","Diagnostic model","Regional recruitment","Region 5",1979,1.08492,1.859576,2.1149,2.9385,3.7329,5.82716,6.272766,25
"Diagnostic model","Diagnostic model","Regional recruitment","Region 1",1980,14.53212,14.63778,14.8245,15.702,16.3968,19.49234,21.36086,25
"Diagnostic model","Diagnostic model","Regional recruitment","Region 2",1980,1.07052,1.09578,1.1293,1.612,2.1614,3.48352,4.90928,25
"Diagnostic model","Diagnostic model","Regional recruitment","Region 3",1980,20.9336,22.2114,26.856,28.964,31.463,31.8268,32.0378,25
"Diagnostic model","Diagnostic model","Regional recruitment","Region 4",1980,3.65184,3.67226,4.3298,5.578,7.9172,9.53746,10.75732,25
"Diagnostic model","Diagnostic model","Regional recruitment","Region 5",1980,2.30986,2.64468,2.6943,3.4845,4.2478,8.56952,9.14768,25
"Diagnostic model","Diagnostic model","Regional recruitment","Region 1",1981,15.6648,15.93492,16.3726,16.8143,18.8204,20.56534,21.42842,25
"Diagnostic model","Diagnostic model","Regional recruitment","Region 2",1981,4.85038,5.31502,6.0123,8.3272,10.2347,12.7746,13.35288,25
"Diagnostic model","Diagnostic model","Regional recruitment","Region 3",1981,18.1354,18.7968,21.41,25.674,31.391,34.9976,37.0708,25
"Diagnostic model","Diagnostic model","Regional recruitment","Region 4",1981,10.13394,11.27032,11.5858,12.776,13.1988,13.3529,13.59928,25
"Diagnostic model","Diagnostic model","Regional recruitment","Region 5",1981,8.33676,8.96512,9.525,10.233,15.0935,16.79118,18.45992,25
"Diagnostic model","Diagnostic model","Regional recruitment","Region 1",1982,16.01592,18.6158,18.997,23.081,25.478,25.9348,26.018,25
"Diagnostic model","Diagnostic model","Regional recruitment","Region 2",1982,2.2794,2.308096,2.45096,2.7088,3.17158,6.12566,6.75392,25
"Diagnostic model","Diagnostic model","Regional recruitment","Region 3",1982,23.1358,23.6096,31.04,32.429,39.948,47.5214,54.8872,25
"Diagnostic model","Diagnostic model","Regional recruitment","Region 4",1982,13.54588,13.86146,14.3065,14.5365,16.4611,17.4668,19.1484,25
"Diagnostic model","Diagnostic model","Regional recruitment","Region 5",1982,3.45194,3.67542,3.8429,4.6552,5.71,10.774,11.6034,25
"Diagnostic model","Diagnostic model","Regional recruitment","Region 1",1983,11.1269,12.2085,12.6111,13.3286,14.8963,16.6416,16.9666,25
"Diagnostic model","Diagnostic model","Regional recruitment","Region 2",1983,3.76452,4.51836,5.1908,7.2218,9.6583,11.0819,12.05526,25
"Diagnostic model","Diagnostic model","Regional recruitment","Region 3",1983,19.4202,19.69508,27.9176,28.2425,35.9073,39.4804,39.9506,25
"Diagnostic model","Diagnostic model","Regional recruitment","Region 4",1983,3.91808,4.3392,7.8095,9.3102,10.7041,12.70462,13.60278,25
"Diagnostic model","Diagnostic model","Regional recruitment","Region 5",1983,3.4194,3.73334,3.9358,4.1604,4.8492,7.22212,8.48342,25
"Diagnostic model","Diagnostic model","Regional recruitment","Region 1",1984,5.86608,7.41108,8.4794,10.4661,13.5607,15.63188,18.19114,25
"Diagnostic model","Diagnostic model","Regional recruitment","Region 2",1984,0.629936,0.69654,0.7969,0.97772,1.26682,2.73544,3.05952,25
"Diagnostic model","Diagnostic model","Regional recruitment","Region 3",1984,31.83014,35.10876,39.6827,46.249,51.171,52.8624,55.1554,25
"Diagnostic model","Diagnostic model","Regional recruitment","Region 4",1984,2.9221,3.1497,3.3373,3.6925,3.9527,4.27028,4.65328,25
"Diagnostic model","Diagnostic model","Regional recruitment","Region 5",1984,3.28928,4.0158,4.5643,6.7083,8.2184,9.98436,14.88578,25
"Diagnostic model","Diagnostic model","Regional recruitment","Region 1",1985,14.0904,17.5404,17.972,20.6712,22.2476,23.499,23.841,25
"Diagnostic model","Diagnostic model","Regional recruitment","Region 2",1985,15.950282,20.530086,22.65687,25.86949,31.78229,37.469602,43.659116,25
"Diagnostic model","Diagnostic model","Regional recruitment","Region 3",1985,11.39118,11.482,12.278,14.551,17.3631,18.5921,21.53016,25
"Diagnostic model","Diagnostic model","Regional recruitment","Region 4",1985,2.52306,2.55848,2.611,2.7923,2.9488,3.18294,3.36376,25
"Diagnostic model","Diagnostic model","Regional recruitment","Region 5",1985,6.06472,6.2276,8.391,10.4008,13.4487,15.9847,16.91992,25
"Diagnostic model","Diagnostic model","Regional recruitment","Region 1",1986,6.34314,6.67332,6.8655,7.4251,9.2515,9.36612,9.59708,25
"Diagnostic model","Diagnostic model","Regional recruitment","Region 2",1986,10.01642,10.08992,11.0485,15.448,16.8119,19.3354,23.3768,25
"Diagnostic model","Diagnostic model","Regional recruitment","Region 3",1986,19.3545,19.9929,21.5043,22.8174,24.0353,25.35188,25.64992,25
"Diagnostic model","Diagnostic model","Regional recruitment","Region 4",1986,2.13722,2.1775,2.2162,2.5945,2.8287,3.03412,3.10452,25
"Diagnostic model","Diagnostic model","Regional recruitment","Region 5",1986,8.19528,8.8168,10.5416,11.4982,12.9704,14.8716,16.03084,25
"Diagnostic model","Diagnostic model","Regional recruitment","Region 1",1987,15.63012,19.83836,21.5581,24.4022,26.0758,27.17928,27.39212,25
"Diagnostic model","Diagnostic model","Regional recruitment","Region 2",1987,8.071748,11.286726,13.23391,17.085,20.93072,25.18746,29.53642,25
"Diagnostic model","Diagnostic model","Regional recruitment","Region 3",1987,42.4772,43.54436,44.396,45.752,47.4395,53.1056,58.9025,25
"Diagnostic model","Diagnostic model","Regional recruitment","Region 4",1987,4.7668,5.9374,8.3639,12.1932,15.3609,17.60196,19.9891,25
"Diagnostic model","Diagnostic model","Regional recruitment","Region 5",1987,1.85144,2.02008,4.1723,5.3143,7.0366,9.10852,10.32948,25
"Diagnostic model","Diagnostic model","Regional recruitment","Region 1",1988,16.92708,17.37906,17.8736,20.3985,23.7758,24.3011,24.56636,25
"Diagnostic model","Diagnostic model","Regional recruitment","Region 2",1988,5.57522,10.95764,13.3181,16.1629,18.8288,21.5167,24.76822,25
"Diagnostic model","Diagnostic model","Regional recruitment","Region 3",1988,22.3098,23.7386,26.522,29.2704,30.7561,31.59996,32.82348,25
"Diagnostic model","Diagnostic model","Regional recruitment","Region 4",1988,5.07356,5.18198,5.3639,5.7562,6.7503,7.50652,8.56558,25
"Diagnostic model","Diagnostic model","Regional recruitment","Region 5",1988,11.43044,16.23564,17.2051,22.6953,24.3554,29.63708,31.47768,25
"Diagnostic model","Diagnostic model","Regional recruitment","Region 1",1989,6.79388,7.20584,7.7888,9.6162,10.5631,12.40764,13.8134,25
"Diagnostic model","Diagnostic model","Regional recruitment","Region 2",1989,12.9944,13.5651,14.0182,15.3565,17.3289,18.68606,20.37958,25
"Diagnostic model","Diagnostic model","Regional recruitment","Region 3",1989,4.5442,4.80826,5.0638,5.6524,5.7479,32.9228,34.45986,25
"Diagnostic model","Diagnostic model","Regional recruitment","Region 4",1989,3.53732,3.62092,3.7773,3.91,4.1768,6.75632,6.81126,25
"Diagnostic model","Diagnostic model","Regional recruitment","Region 5",1989,12.27338,14.45434,41.3103,42.1937,43.2211,43.87812,45.48898,25
"Diagnostic model","Diagnostic model","Regional recruitment","Region 1",1990,12.9004,14.25694,14.5394,15.3556,16.4521,19.25028,19.58822,25
"Diagnostic model","Diagnostic model","Regional recruitment","Region 2",1990,8.08228,8.24692,8.5767,9.6858,10.7362,11.7856,13.37508,25
"Diagnostic model","Diagnostic model","Regional recruitment","Region 3",1990,16.07864,16.85082,17.911,23.962,27.374,33.89846,33.99626,25
"Diagnostic model","Diagnostic model","Regional recruitment","Region 4",1990,3.26704,3.57648,4.3445,4.9165,6.0059,6.59476,6.85238,25
"Diagnostic model","Diagnostic model","Regional recruitment","Region 5",1990,12.4784,14.39632,20.2558,22.508,24.2727,25.75462,27.32194,25
"Diagnostic model","Diagnostic model","Regional recruitment","Region 1",1991,3.85942,4.1653,4.2567,5.003,5.7468,5.79098,5.93256,25
"Diagnostic model","Diagnostic model","Regional recruitment","Region 2",1991,6.01786,6.153008,6.7034,8.9251,11.5129,12.724946,13.773604,25
"Diagnostic model","Diagnostic model","Regional recruitment","Region 3",1991,19.35496,23.51874,23.9139,26.5163,28.0482,31.7012,32.89538,25
"Diagnostic model","Diagnostic model","Regional recruitment","Region 4",1991,2.83926,4.234,4.6675,5.2006,5.8893,6.55616,6.92588,25
"Diagnostic model","Diagnostic model","Regional recruitment","Region 5",1991,5.24196,9.2853,34.7087,44.5076,52.4551,60.6592,68.4144,25
"Diagnostic model","Diagnostic model","Regional recruitment","Region 1",1992,12.3246,15.4102,15.931,19.765,20.89,22.7208,24.1426,25
"Diagnostic model","Diagnostic model","Regional recruitment","Region 2",1992,10.05354,10.87486,11.9952,14.8096,16.9673,21.17568,25.7354,25
"Diagnostic model","Diagnostic model","Regional recruitment","Region 3",1992,13.8608,16.4633,17.99,19.8569,23.558,51.0508,52.7994,25
"Diagnostic model","Diagnostic model","Regional recruitment","Region 4",1992,8.7538,9.09844,9.6792,10.367,13.5216,14.72912,16.32078,25
"Diagnostic model","Diagnostic model","Regional recruitment","Region 5",1992,8.6422,11.443,15.0051,17.028,25.118,30.5084,47.77944,25
"Diagnostic model","Diagnostic model","Regional recruitment","Region 1",1993,5.03254,5.14356,5.2384,5.4195,5.8777,6.71632,6.98822,25
"Diagnostic model","Diagnostic model","Regional recruitment","Region 2",1993,7.19842,7.52618,7.8651,9.99,10.673,11.8564,12.97514,25
"Diagnostic model","Diagnostic model","Regional recruitment","Region 3",1993,9.911,9.9924,10.289,11.138,12.632,17.4976,19.44,25
"Diagnostic model","Diagnostic model","Regional recruitment","Region 4",1993,6.72134,9.20554,14.2328,18.5535,20.1379,21.62678,22.80244,25
"Diagnostic model","Diagnostic model","Regional recruitment","Region 5",1993,3.35736,3.43078,6.9938,9.8923,26.093,28.9041,29.61114,25
"Diagnostic model","Diagnostic model","Regional recruitment","Region 1",1994,7.44172,8.79666,9.4687,10.7287,11.974,12.8463,14.62016,25
"Diagnostic model","Diagnostic model","Regional recruitment","Region 2",1994,5.47986,5.5271,5.6955,7.099,8.2586,8.9746,9.44882,25
"Diagnostic model","Diagnostic model","Regional recruitment","Region 3",1994,3.87466,4.02656,4.2441,4.4042,4.7574,33.55906,34.79798,25
"Diagnostic model","Diagnostic model","Regional recruitment","Region 4",1994,28.60744,28.85078,29.7719,33.6384,38.5562,42.7518,44.35124,25
"Diagnostic model","Diagnostic model","Regional recruitment","Region 5",1994,24.70132,26.18124,46.357,47.9241,52.5418,55.60316,62.30276,25
"Diagnostic model","Diagnostic model","Regional recruitment","Region 1",1995,10.78402,11.99698,12.198,14.0096,14.8602,16.07622,16.18058,25
"Diagnostic model","Diagnostic model","Regional recruitment","Region 2",1995,10.48924,12.74134,13.2993,15.0323,20.1355,24.65478,28.27006,25
"Diagnostic model","Diagnostic model","Regional recruitment","Region 3",1995,5.53506,5.58842,5.8044,6.7062,7.5492,8.76946,9.14426,25
"Diagnostic model","Diagnostic model","Regional recruitment","Region 4",1995,2.14474,2.17906,2.4772,2.8103,6.3183,19.16808,23.81602,25
"Diagnostic model","Diagnostic model","Regional recruitment","Region 5",1995,3.1769,3.37352,3.4783,4.2382,4.7846,8.11366000000001,21.3544,25
"Diagnostic model","Diagnostic model","Regional recruitment","Region 1",1996,10.39492,12.9868,13.595,16.767,17.516,18.717,19.4956,25
"Diagnostic model","Diagnostic model","Regional recruitment","Region 2",1996,16.4026,16.60528,17.719,19.914,22.339,23.953,25.9044,25
"Diagnostic model","Diagnostic model","Regional recruitment","Region 3",1996,34.559,35.489,39.964,41.558,45.427,48.3208,52.0412,25
"Diagnostic model","Diagnostic model","Regional recruitment","Region 4",1996,20.20804,23.01492,26.527,32.6371,34.955,37.0934,37.63156,25
"Diagnostic model","Diagnostic model","Regional recruitment","Region 5",1996,5.48786,5.98898,8.6332,9.5841,9.805,10.84256,12.5114,25
"Diagnostic model","Diagnostic model","Regional recruitment","Region 1",1997,5.63326,6.03072,6.151,7.0315,7.8486,8.29974,8.78246,25
"Diagnostic model","Diagnostic model","Regional recruitment","Region 2",1997,10.7036,13.086,13.609,15.057,18.887,21.6702,24.1894,25
"Diagnostic model","Diagnostic model","Regional recruitment","Region 3",1997,14.2744,14.666,16.18,17.582,18.934,23.8566,24.9228,25
"Diagnostic model","Diagnostic model","Regional recruitment","Region 4",1997,3.78042,3.85354,4.0116,4.7632,10.2767,29.74684,47.3579,25
"Diagnostic model","Diagnostic model","Regional recruitment","Region 5",1997,1.06582,1.30782,3.139,3.3302,3.7314,4.64456,4.91058,25
"Diagnostic model","Diagnostic model","Regional recruitment","Region 1",1998,8.49668,9.24188,9.5524,9.74,9.975,12.0448,12.2822,25
"Diagnostic model","Diagnostic model","Regional recruitment","Region 2",1998,13.9664,14.3628,14.732,16.863,17.873,20.5234,21.8238,25
"Diagnostic model","Diagnostic model","Regional recruitment","Region 3",1998,20.9884,24.2546,26.22,27.932,31.113,35.1256,39.0276,25
"Diagnostic model","Diagnostic model","Regional recruitment","Region 4",1998,5.7776,16.59336,35.714,36.8653,38.8939,41.92492,42.63114,25
"Diagnostic model","Diagnostic model","Regional recruitment","Region 5",1998,10.47564,11.42044,20.423,21.802,23.591,31.0984,36.473,25
"Diagnostic model","Diagnostic model","Regional recruitment","Region 1",1999,7.3727,10.75662,12.4439,14.1432,18.4443,21.90754,24.84142,25
"Diagnostic model","Diagnostic model","Regional recruitment","Region 2",1999,8.1468,8.38736,8.7625,11.5543,13.3371,14.6142,15.76208,25
"Diagnostic model","Diagnostic model","Regional recruitment","Region 3",1999,30.0764,47.896,48.953,53.303,72.684,83.9776,90.3536,25
"Diagnostic model","Diagnostic model","Regional recruitment","Region 4",1999,2.00328,2.63038,2.6613,2.8184,3.6661,5.14664,6.02478,25
"Diagnostic model","Diagnostic model","Regional recruitment","Region 5",1999,1.85722,1.90892,2.5201,2.7726,3.4332,4.31648,5.27782,25
"Diagnostic model","Diagnostic model","Regional recruitment","Region 1",2000,14.58072,15.6242,17.2042,17.6324,18.349,22.749,22.8956,25
"Diagnostic model","Diagnostic model","Regional recruitment","Region 2",2000,11.45066,13.23334,14.7114,19.268,20.0979,22.64238,25.84458,25
"Diagnostic model","Diagnostic model","Regional recruitment","Region 3",2000,41.4838,43.718,46.791,57.932,58.628,61.627,63.783,25
"Diagnostic model","Diagnostic model","Regional recruitment","Region 4",2000,3.32296,3.37994,3.9475,4.0482,4.2882,4.3629,4.53618,25
"Diagnostic model","Diagnostic model","Regional recruitment","Region 5",2000,11.8764,12.6888,20.136,22.076,28.1628,29.82476,30.73494,25
"Diagnostic model","Diagnostic model","Regional recruitment","Region 1",2001,4.48396,4.64808,4.87,5.4555,6.3637,6.94112,8.09672,25
"Diagnostic model","Diagnostic model","Regional recruitment","Region 2",2001,10.2373,16.14358,17.2201,18.47,24.6641,28.3372,31.8566,25
"Diagnostic model","Diagnostic model","Regional recruitment","Region 3",2001,6.856,6.89458,6.9357,7.3595,8.856,32.3288,35.1842,25
"Diagnostic model","Diagnostic model","Regional recruitment","Region 4",2001,2.33284,3.28474,3.58,4.0523,7.9428,10.50242,12.50736,25
"Diagnostic model","Diagnostic model","Regional recruitment","Region 5",2001,7.96888,8.63218,21.0159,22.5766,27.2794,30.7896,33.9504,25
"Diagnostic model","Diagnostic model","Regional recruitment","Region 1",2002,17.77556,19.76176,20.1092,21.8901,23.5033,25.25744,25.44312,25
"Diagnostic model","Diagnostic model","Regional recruitment","Region 2",2002,15.002,15.28678,15.9058,16.749,17.3757,19.70876,20.92822,25
"Diagnostic model","Diagnostic model","Regional recruitment","Region 3",2002,7.8138,8.41132,8.5804,8.6968,9.2428,17.95738,21.22932,25
"Diagnostic model","Diagnostic model","Regional recruitment","Region 4",2002,15.00678,16.99396,18.6299,19.9224,20.3158,20.56416,21.06546,25
"Diagnostic model","Diagnostic model","Regional recruitment","Region 5",2002,12.99196,14.00688,29.586,30.31,33.551,35.8696,37.085,25
"Diagnostic model","Diagnostic model","Regional recruitment","Region 1",2003,2.8781,3.56078,3.8982,4.5756,5.3719,6.5765,7.43602,25
"Diagnostic model","Diagnostic model","Regional recruitment","Region 2",2003,9.80692,25.40566,26.5255,27.8966,35.4986,40.05634,44.5812,25
"Diagnostic model","Diagnostic model","Regional recruitment","Region 3",2003,7.8268,7.9362,8.184,10.08,12.597,31.7764,37.23,25
"Diagnostic model","Diagnostic model","Regional recruitment","Region 4",2003,9.549,13.492,15.899,18.48,25.529,31.157,34.9952,25
"Diagnostic model","Diagnostic model","Regional recruitment","Region 5",2003,0.9124,1.11146,6.0668,7.0373,9.9352,10.76454,11.01826,25
"Diagnostic model","Diagnostic model","Regional recruitment","Region 1",2004,16.8034,18.8042,19.187,21.156,23.01,24.035,24.4494,25
"Diagnostic model","Diagnostic model","Regional recruitment","Region 2",2004,8.59952,8.68068,8.9416,9.6079,9.9484,11.70164,23.60038,25
"Diagnostic model","Diagnostic model","Regional recruitment","Region 3",2004,9.597,9.9754,10.592,11.265,12.529,47.919,52.5362,25
"Diagnostic model","Diagnostic model","Regional recruitment","Region 4",2004,9.695,10.2786,16.537,19.81,20.793,21.3696,21.6346,25
"Diagnostic model","Diagnostic model","Regional recruitment","Region 5",2004,18.0721,18.77534,49.012,51.394,60.249,68.2188,75.8736,25
"Diagnostic model","Diagnostic model","Regional recruitment","Region 1",2005,1.8488,3.44046,4.6239,5.9488,10.0334,12.92012,14.3398,25
"Diagnostic model","Diagnostic model","Regional recruitment","Region 2",2005,16.7116,18.3146,18.622,19.366,23.691,26.5278,29.6304,25
"Diagnostic model","Diagnostic model","Regional recruitment","Region 3",2005,6.0918,6.1324,6.218,6.52,7.536,35.1796,37.9528,25
"Diagnostic model","Diagnostic model","Regional recruitment","Region 4",2005,7.1714,7.74868,8.1398,9.619,11.033,12.479,13.1598,25
"Diagnostic model","Diagnostic model","Regional recruitment","Region 5",2005,7.05074,8.72478,29.548,30.668,31.633,33.4944,34.8914,25
"Diagnostic model","Diagnostic model","Regional recruitment","Region 1",2006,10.01108,10.22588,11.2418,12.0251,12.6943,16.3916,16.69956,25
"Diagnostic model","Diagnostic model","Regional recruitment","Region 2",2006,17.0756,17.4156,17.659,18.641,19.665,20.776,22.2848,25
"Diagnostic model","Diagnostic model","Regional recruitment","Region 3",2006,5.60454,5.66828,5.8296,5.9886,6.4837,24.75916,25.88252,25
"Diagnostic model","Diagnostic model","Regional recruitment","Region 4",2006,18.09238,19.03976,27.4622,28.01,31.9479,33.40602,33.68624,25
"Diagnostic model","Diagnostic model","Regional recruitment","Region 5",2006,4.6776,5.16468,14.387,14.732,16.683,19.1474,22.034,25
"Diagnostic model","Diagnostic model","Regional recruitment","Region 1",2007,9.84996,10.40576,10.6135,11.5041,12.772,14.23664,14.3212,25
"Diagnostic model","Diagnostic model","Regional recruitment","Region 2",2007,8.92572,9.31468,10.0665,11.3605,13.4818,14.78118,15.56524,25
"Diagnostic model","Diagnostic model","Regional recruitment","Region 3",2007,42.7618,43.9108,47.6441,49.1048,54.8129,57.46468,59.0637,25
"Diagnostic model","Diagnostic model","Regional recruitment","Region 4",2007,0.74198,0.74768,0.8204,0.8391,0.9822,1.04806,1.06998,25
"Diagnostic model","Diagnostic model","Regional recruitment","Region 5",2007,9.3436,9.7268,15.61,17.535,21.718,23.5058,25.7102,25
"Diagnostic model","Diagnostic model","Regional recruitment","Region 1",2008,2.7656,3.7837,4.7056,6.1956,7.6942,9.48932,10.72056,25
"Diagnostic model","Diagnostic model","Regional recruitment","Region 2",2008,20.0894,21.8262,22.315,25.219,27.873,31.0576,34.4294,25
"Diagnostic model","Diagnostic model","Regional recruitment","Region 3",2008,29.894,30.3894,30.674,35.734,39.066,49.4514,50.4524,25
"Diagnostic model","Diagnostic model","Regional recruitment","Region 4",2008,3.3146,3.60426,3.9894,4.657,4.8867,5.3182,5.57772,25
"Diagnostic model","Diagnostic model","Regional recruitment","Region 5",2008,3.44608,3.86164,19.84,20.621,22.064,24.8224,25.7654,25
"Diagnostic model","Diagnostic model","Regional recruitment","Region 1",2009,14.5364,15.7806,15.986,16.5,17.188,20.3304,20.5832,25
"Diagnostic model","Diagnostic model","Regional recruitment","Region 2",2009,6.06816,6.15442,6.3654,7.385,8.9725,9.784,10.9864,25
"Diagnostic model","Diagnostic model","Regional recruitment","Region 3",2009,26.7248,27.9658,28.391,31.32,35.217,36.0688,38.1334,25
"Diagnostic model","Diagnostic model","Regional recruitment","Region 4",2009,16.97694,17.7554,18.8275,19.501,22.425,22.9914,23.2684,25
"Diagnostic model","Diagnostic model","Regional recruitment","Region 5",2009,10.05116,10.8686,20.142,20.565,22.297,23.7502,24.5362,25
"Diagnostic model","Diagnostic model","Regional recruitment","Region 1",2010,5.62642,6.78656,7.0333,8.3333,8.7153,9.46172,9.8983,25
"Diagnostic model","Diagnostic model","Regional recruitment","Region 2",2010,4.69116,5.70688,6.0426,7.8238,8.71,9.74192,10.46106,25
"Diagnostic model","Diagnostic model","Regional recruitment","Region 3",2010,25.5344,26.1302,29.008,29.783,32.756,34.806,35.0174,25
"Diagnostic model","Diagnostic model","Regional recruitment","Region 4",2010,18.70602,20.57568,20.8686,21.8439,22.8184,23.75446,24.40308,25
"Diagnostic model","Diagnostic model","Regional recruitment","Region 5",2010,2.7396,2.83972,3.2674,3.7427,5.0257,6.77392,9.1662,25
"Diagnostic model","Diagnostic model","Regional recruitment","Region 1",2011,5.1704,5.9328,6.244,7.527,8.366,9.7582,10.7276,25
"Diagnostic model","Diagnostic model","Regional recruitment","Region 2",2011,6.97556,8.505,9.25,11.096,11.858,13.3198,14.8162,25
"Diagnostic model","Diagnostic model","Regional recruitment","Region 3",2011,33.2362,33.6574,34.496,36.331,41.129,47.1296,47.554,25
"Diagnostic model","Diagnostic model","Regional recruitment","Region 4",2011,1.13742,1.1436,1.1973,1.2358,1.337,1.39852,1.41248,25
"Diagnostic model","Diagnostic model","Regional recruitment","Region 5",2011,7.3292,7.7592,20.7064,23.0057,27.198,29.251,30.6912,25
"Diagnostic model","Diagnostic model","Regional recruitment","Region 1",2012,20.7598,23.4778,23.949,26.815,29.373,29.9424,30.1038,25
"Diagnostic model","Diagnostic model","Regional recruitment","Region 2",2012,9.465,11.5868,12.187,15.632,17.478,19.5998,22.7062,25
"Diagnostic model","Diagnostic model","Regional recruitment","Region 3",2012,37.2984,37.5936,37.987,38.433,38.935,44.8012,45.5504,25
"Diagnostic model","Diagnostic model","Regional recruitment","Region 4",2012,10.7176,10.81342,12.3059,12.8721,14.6361,15.52792,15.6292,25
"Diagnostic model","Diagnostic model","Regional recruitment","Region 5",2012,11.6412,12.5396,19.619,22.481,28.797,34.1402,38.372,25
"Diagnostic model","Diagnostic model","Regional recruitment","Region 1",2013,9.4556,10.946,11.145,12.743,13.678,14.087,14.3172,25
"Diagnostic model","Diagnostic model","Regional recruitment","Region 2",2013,7.733,9.35382,10.0049,13.607,15.557,16.7702,18.3368,25
"Diagnostic model","Diagnostic model","Regional recruitment","Region 3",2013,47.6118,51.817,55.251,56.104,63.7,69.124,71.692,25
"Diagnostic model","Diagnostic model","Regional recruitment","Region 4",2013,14.30132,14.3714,14.7499,15.1119,16.5281,17.4971,18.2884,25
"Diagnostic model","Diagnostic model","Regional recruitment","Region 5",2013,8.05836,8.69764,9.6264,9.8574,10.3586,10.92314,11.9221,25
"Diagnostic model","Diagnostic model","Regional recruitment","Region 1",2014,5.55928,6.5108,7.459,8.638,9.742,10.9716,11.641,25
"Diagnostic model","Diagnostic model","Regional recruitment","Region 2",2014,11.3982,12.6792,13.146,15.623,16.217,17.6042,18.9468,25
"Diagnostic model","Diagnostic model","Regional recruitment","Region 3",2014,28.4878,29.1848,31.952,32.231,36.918,40.6738,41.8642,25
"Diagnostic model","Diagnostic model","Regional recruitment","Region 4",2014,6.11584,6.27872,6.4014,6.9045,7.2906,7.67736,7.79714,25
"Diagnostic model","Diagnostic model","Regional recruitment","Region 5",2014,1.67672,1.77342,1.7926,1.9962,2.0944,2.24836,2.4314,25
"Diagnostic model","Diagnostic model","Regional recruitment","Region 1",2015,11.2918,13.6104,14.011,16.12,17.81,18.1478,18.4906,25
"Diagnostic model","Diagnostic model","Regional recruitment","Region 2",2015,8.9878,10.7982,11.541,14.849,16.352,17.9734,20.1902,25
"Diagnostic model","Diagnostic model","Regional recruitment","Region 3",2015,40.444,40.811,49.221,49.801,56.53,61.012,62.032,25
"Diagnostic model","Diagnostic model","Regional recruitment","Region 4",2015,4.49416,4.64768,4.7327,5.0338,5.2246,5.4789,5.53798,25
"Diagnostic model","Diagnostic model","Regional recruitment","Region 5",2015,1.52106,2.0914,2.1697,2.662,2.8193,3.115,3.53668,25
"Diagnostic model","Diagnostic model","Regional recruitment","Region 1",2016,20.0894,22.6316,22.986,25.006,27.949,28.3964,28.496,25
"Diagnostic model","Diagnostic model","Regional recruitment","Region 2",2016,14.2354,17.125,18.102,20.127,23.392,26.5036,29.9,25
"Diagnostic model","Diagnostic model","Regional recruitment","Region 3",2016,27.492,27.6778,29.756,30.235,30.946,31.9066,32.8972,25
"Diagnostic model","Diagnostic model","Regional recruitment","Region 4",2016,6.64002,7.1708,7.428,7.6134,8.7174,9.96134,10.8779,25
"Diagnostic model","Diagnostic model","Regional recruitment","Region 5",2016,2.32302,2.57386,3.2535,3.8236,4.4964,5.12554,5.43954,25
"Diagnostic model","Diagnostic model","Regional recruitment","Region 1",2017,13.34,14.144,14.808,16.015,17.611,18.1802,18.491,25
"Diagnostic model","Diagnostic model","Regional recruitment","Region 2",2017,10.1343,11.79636,12.4644,16.0687,17.074,18.6502,20.7978,25
"Diagnostic model","Diagnostic model","Regional recruitment","Region 3",2017,37.8202,37.9652,42.169,43.101,46.231,49.7392,51.0764,25
"Diagnostic model","Diagnostic model","Regional recruitment","Region 4",2017,9.7584,10.21184,10.3929,10.6642,12.2595,13.43736,13.90704,25
"Diagnostic model","Diagnostic model","Regional recruitment","Region 5",2017,3.6322,5.53958,5.8166,7.0149,9.6162,11.18326,12.24952,25
"Diagnostic model","Diagnostic model","Regional recruitment","Region 1",2018,10.3414,11.3276,11.953,13.329,13.763,14.9562,15.3316,25
"Diagnostic model","Diagnostic model","Regional recruitment","Region 2",2018,5.40412,6.45124,6.6456,8.325,9.897,11.1876,11.62,25
"Diagnostic model","Diagnostic model","Regional recruitment","Region 3",2018,26.8312,28.2952,32.095,35.371,43.116,49.1932,53.2964,25
"Diagnostic model","Diagnostic model","Regional recruitment","Region 4",2018,8.39216,8.64806,8.727,9.0514,10.3174,11.41,11.826,25
"Diagnostic model","Diagnostic model","Regional recruitment","Region 5",2018,4.14918,4.33162,4.5216,5.0591,5.2729,6.1034,6.41926,25
"Diagnostic model","Diagnostic model","Regional recruitment","Region 1",2019,6.02076,7.44112,8.268,9.665,10.796,11.7432,12.0242,25
"Diagnostic model","Diagnostic model","Regional recruitment","Region 2",2019,3.1587,3.8552,3.9859,5.3368,6.55,7.38932,7.73954,25
"Diagnostic model","Diagnostic model","Regional recruitment","Region 3",2019,14.284,15.2656,17.569,19.61,21.608,21.9348,22.6812,25
"Diagnostic model","Diagnostic model","Regional recruitment","Region 4",2019,13.31742,13.55644,13.8551,15.7932,16.7299,17.3612,17.48936,25
"Diagnostic model","Diagnostic model","Regional recruitment","Region 5",2019,10.31282,11.25326,23.6127,24.795,29.715,33.3416,36.5668,25
"Diagnostic model","Diagnostic model","Regional recruitment","Region 1",2020,9.1372,9.4596,9.959,10.713,11.574,13.5352,13.7806,25
"Diagnostic model","Diagnostic model","Regional recruitment","Region 2",2020,21.0274,24.0506,24.89,25.574,30.603,33.624,36.4832,25
"Diagnostic model","Diagnostic model","Regional recruitment","Region 3",2020,9.38836,9.87736,10.288,10.676,11.213,39.9988,40.4496,25
"Diagnostic model","Diagnostic model","Regional recruitment","Region 4",2020,16.19112,16.46244,17.7544,18.4823,20.2813,21.77864,23.00214,25
"Diagnostic model","Diagnostic model","Regional recruitment","Region 5",2020,2.70796,2.85974,16.601,17.182,19.956,21.832,22.3986,25
"Diagnostic model","Diagnostic model","Regional recruitment","Region 1",2021,4.54574,4.74422,5.185,6.069,6.615,7.1082,7.412,25
"Diagnostic model","Diagnostic model","Regional recruitment","Region 2",2021,15.22138,17.71564,18.6365,19.6721,24.2163,27.5254,30.094,25
"Diagnostic model","Diagnostic model","Regional recruitment","Region 3",2021,24.10148,27.8355,28.5231,29.3157,35.0935,39.90982,40.49064,25
"Diagnostic model","Diagnostic model","Regional recruitment","Region 4",2021,3.10098,3.14026,3.9503,4.0929,5.9628,6.44384,6.70062,25
"Diagnostic model","Diagnostic model","Regional recruitment","Region 5",2021,4.99456,5.43546,15.385,16.14,16.95,18.6286,19.6624,25
"Diagnostic model","Diagnostic model","Regional recruitment","Region 1",2022,3.84532,4.78832,5.191,6.2662,7.3662,8.6534,9.89134,25
"Diagnostic model","Diagnostic model","Regional recruitment","Region 2",2022,16.2594,17.7386,18.231,20.001,21.677,23.6824,25.35,25
"Diagnostic model","Diagnostic model","Regional recruitment","Region 3",2022,20.1876,20.4128,22.008,22.575,23.325,25.001,25.5568,25
"Diagnostic model","Diagnostic model","Regional recruitment","Region 4",2022,5.47122,5.74976,6.0112,6.1903,6.8607,7.29998,7.38982,25
"Diagnostic model","Diagnostic model","Regional recruitment","Region 5",2022,5.60336,5.94942,6.867,7.271,8.086,8.7292,8.876,25
"Diagnostic model","Diagnostic model","Regional recruitment","Region 1",2023,7.3545,8.43506,8.5535,10.1171,10.5976,11.4717,12.09062,25
"Diagnostic model","Diagnostic model","Regional recruitment","Region 2",2023,19.71336,22.19158,22.7375,25.5548,29.1438,33.1772,36.7368,25
"Diagnostic model","Diagnostic model","Regional recruitment","Region 3",2023,23.2344,27.3538,28.098,28.594,31.237,34.9398,37.2938,25
"Diagnostic model","Diagnostic model","Regional recruitment","Region 4",2023,14.7996,16.6274,16.784,17.417,19.825,20.8758,21.0446,25
"Diagnostic model","Diagnostic model","Regional recruitment","Region 5",2023,3.3892,3.58134,5.261,5.8338,8.8301,11.6707,16.98714,25
"Diagnostic model","Diagnostic model","Regional recruitment","Region 1",2024,24.4924,29.049,30.124,39.483,41.546,45.7928,47.5958,25
"Diagnostic model","Diagnostic model","Regional recruitment","Region 2",2024,7.832,8.8046,9.0782,11.0854,13.336,14.3826,17.2258,25
"Diagnostic model","Diagnostic model","Regional recruitment","Region 3",2024,10.3849,11.21864,11.9507,13.0151,14.2515,14.42458,14.45324,25
"Diagnostic model","Diagnostic model","Regional recruitment","Region 4",2024,4.21084,4.2637,4.7468,4.9272,5.168,5.3643,5.72656,25
"Diagnostic model","Diagnostic model","Regional recruitment","Region 5",2024,6.0014,6.602,9.5644,11.0545,13.3404,13.73828,15.07392,25
"Diagnostic model","Diagnostic model","Regional recruitment deviation","Region 1",1952,0.460816647319798,0.469543742558074,0.482556797297605,0.53737797202455,0.561992567635605,0.579944499801334,0.604658207482613,25
"Diagnostic model","Diagnostic model","Regional recruitment deviation","Region 2",1952,-0.250609242512899,-0.198465228247886,0.103133652594208,0.146934492064508,0.17576201169128,0.186620868563133,0.214801340657896,25
"Diagnostic model","Diagnostic model","Regional recruitment deviation","Region 3",1952,-1.25138444661551,-1.23764622679758,-1.22358609314432,-1.18703810702775,-1.15627798662038,-0.739470647785337,-0.716861695610045,25
"Diagnostic model","Diagnostic model","Regional recruitment deviation","Region 4",1952,-0.608744620154854,-0.567210779028235,-0.474382110352526,-0.41529724848408,-0.395561753540073,-0.38127625109889,-0.350563462305531,25
"Diagnostic model","Diagnostic model","Regional recruitment deviation","Region 5",1952,0.143811162848753,0.237651929360272,0.288157653808295,0.338496496513553,0.382489302912269,0.402590993996372,0.451749881610966,25
"Diagnostic model","Diagnostic model","Regional recruitment deviation","Region 1",1953,0.458743736204846,0.462960770445545,0.501751006559841,0.534490303123687,0.569706611680555,0.632558071248961,0.6854822828284,25
"Diagnostic model","Diagnostic model","Regional recruitment deviation","Region 2",1953,-0.467459835622247,-0.410044013212048,0.0178350827460697,0.160696309491356,0.203092595398544,0.254048333041526,0.280696373231975,25
"Diagnostic model","Diagnostic model","Regional recruitment deviation","Region 3",1953,-0.923335549072906,-0.899870134277576,-0.886188072245624,-0.874042566743186,-0.838041740780006,-0.797534395984631,-0.701606444711431,25
"Diagnostic model","Diagnostic model","Regional recruitment deviation","Region 4",1953,-0.478373552053013,-0.38398653717559,-0.360819747699821,-0.319311501703085,-0.292699593232096,-0.238431707314494,-0.218130819994623,25
"Diagnostic model","Diagnostic model","Regional recruitment deviation","Region 5",1953,-0.336259246940183,-0.293237791428767,-0.188434473603596,-0.14216889400661,-0.112252214464747,-0.0902390243429141,-0.0611559730316403,25
"Diagnostic model","Diagnostic model","Regional recruitment deviation","Region 1",1954,0.404029230074503,0.409321684719612,0.418405325843937,0.433323145634659,0.477178035767518,0.535511153627458,0.566488117031512,25
"Diagnostic model","Diagnostic model","Regional recruitment deviation","Region 2",1954,-0.528520372360189,-0.3373611958824,-0.192235272487057,-0.155486265999538,-0.133346141341512,-0.106807997571215,-0.090936566531466,25
"Diagnostic model","Diagnostic model","Regional recruitment deviation","Region 3",1954,-0.964725229024238,-0.831080669784756,-0.66585558412138,-0.633184660456284,-0.603561042057044,-0.586689301479183,-0.570483513218415,25
"Diagnostic model","Diagnostic model","Regional recruitment deviation","Region 4",1954,-0.176647746877923,-0.0671783361207615,0.00994656904965798,0.0840049200414381,0.124408168816172,0.192901090580812,0.267597307363425,25
"Diagnostic model","Diagnostic model","Regional recruitment deviation","Region 5",1954,-0.374448492987691,-0.313179246187035,-0.266093702908621,-0.220911693843118,-0.146058856534355,0.258341204530856,0.262306367820428,25
"Diagnostic model","Diagnostic model","Regional recruitment deviation","Region 1",1955,-0.200873236875891,-0.192380982704952,-0.146742767415945,-0.120704914803308,-0.0202053268419057,-0.00465838751242273,0.0580736741793722,25
"Diagnostic model","Diagnostic model","Regional recruitment deviation","Region 2",1955,-0.183050146288002,-0.124180230667576,-0.105973199734797,-0.0130087306022506,0.120994575338811,0.133850831567511,0.154714832094811,25
"Diagnostic model","Diagnostic model","Regional recruitment deviation","Region 3",1955,-0.404924811373995,-0.342287179762643,-0.283401216314697,-0.232278355087803,-0.210759239287077,-0.137501191488208,-0.120621483752917,25
"Diagnostic model","Diagnostic model","Regional recruitment deviation","Region 4",1955,-0.387125482896083,-0.367364135794976,-0.361430795262007,-0.353894340158722,-0.33293599189978,-0.303165863128261,-0.275609904288602,25
"Diagnostic model","Diagnostic model","Regional recruitment deviation","Region 5",1955,0.184757925105809,0.237326868279254,0.298603353984334,0.36443447359113,0.437857057138374,0.475124096314963,0.485121058898223,25
"Diagnostic model","Diagnostic model","Regional recruitment deviation","Region 1",1956,0.16869693170379,0.208294408583769,0.246586671816963,0.30217530832069,0.333019140216293,0.350591205155574,0.356527631732842,25
"Diagnostic model","Diagnostic model","Regional recruitment deviation","Region 2",1956,-0.167159078570967,-0.155928729612605,-0.111840094206908,-0.0248313878020254,0.0676554495819233,0.101632847458082,0.118618726739637,25
"Diagnostic model","Diagnostic model","Regional recruitment deviation","Region 3",1956,-0.643679046742548,-0.602480834962001,-0.596022939393944,-0.584996817529,-0.523776508742098,-0.454623233204394,-0.401502228867965,25
"Diagnostic model","Diagnostic model","Regional recruitment deviation","Region 4",1956,-0.315277015294823,-0.260531885757951,-0.252839983185092,-0.217628561666008,-0.186804893179646,-0.163632070003903,-0.133801586012909,25
"Diagnostic model","Diagnostic model","Regional recruitment deviation","Region 5",1956,0.129646543580298,0.175273965281535,0.205469127997665,0.22470027293879,0.246746131639229,0.33197604381749,0.341074986406346,25
"Diagnostic model","Diagnostic model","Regional recruitment deviation","Region 1",1957,0.460535717444465,0.524927404269687,0.551215935526107,0.601089389592879,0.629806517245322,0.646078887147629,0.685511684939288,25
"Diagnostic model","Diagnostic model","Regional recruitment deviation","Region 2",1957,-0.749211891879137,-0.730554087378298,-0.573601371724015,-0.499495558605686,-0.465760255622702,-0.442840389709722,-0.433450562682375,25
"Diagnostic model","Diagnostic model","Regional recruitment deviation","Region 3",1957,-0.757534670709965,-0.635363016616584,-0.620545652086886,-0.603578382494435,-0.55690036145023,-0.486256789561303,-0.416936490754036,25
"Diagnostic model","Diagnostic model","Regional recruitment deviation","Region 4",1957,-0.403099868029221,-0.354869033088434,-0.291255912461346,-0.23879252019055,-0.211678983414027,-0.196610909218368,-0.16168839830953,25
"Diagnostic model","Diagnostic model","Regional recruitment deviation","Region 5",1957,-0.0921936804911289,-0.06982131388364,-0.00701030220222452,0.02351319992622,0.0896824614683787,0.154124521456907,0.174002395778063,25
"Diagnostic model","Diagnostic model","Regional recruitment deviation","Region 1",1958,0.478938885142409,0.486286376503539,0.534578810988146,0.583432213331156,0.61300564762698,0.647846862289869,0.682811642705362,25
"Diagnostic model","Diagnostic model","Regional recruitment deviation","Region 2",1958,-1.34632703792566,-1.311737966515,-0.984238150281527,-0.93636255098872,-0.822718262717954,-0.73095221419971,-0.663311324518292,25
"Diagnostic model","Diagnostic model","Regional recruitment deviation","Region 3",1958,-0.996017322062661,-0.992403879424786,-0.985624300339079,-0.975614966216499,-0.936670221594624,-0.870487444524091,-0.817337684443261,25
"Diagnostic model","Diagnostic model","Regional recruitment deviation","Region 4",1958,-0.865316550373595,-0.862225711762498,-0.839586811657129,-0.810141416119769,-0.736356310721539,-0.696900368708513,-0.643734246164617,25
"Diagnostic model","Diagnostic model","Regional recruitment deviation","Region 5",1958,-0.0239025994012909,3.47160021636162e-05,0.0631776175960217,0.147857318987485,0.163723786181244,0.27564805834347,0.29286028938173,25
"Diagnostic model","Diagnostic model","Regional recruitment deviation","Region 1",1959,-0.480814479778255,-0.446269844949342,-0.405179120456778,-0.380706353994498,-0.189476817827258,-0.137752153995319,-0.0852262285959605,25
"Diagnostic model","Diagnostic model","Regional recruitment deviation","Region 2",1959,0.270708949247867,0.282903580176048,0.313792190712632,0.342771509249663,0.360923865842833,0.370283988688026,0.383065955305934,25
"Diagnostic model","Diagnostic model","Regional recruitment deviation","Region 3",1959,-0.563954174527475,-0.385156651072127,-0.27221822120829,-0.261596414374544,-0.247510544900703,-0.231092622184372,-0.191266361123989,25
"Diagnostic model","Diagnostic model","Regional recruitment deviation","Region 4",1959,-0.621271275442777,-0.563738010505446,-0.379341332386775,-0.284579952963763,-0.256525769384884,-0.234684546445809,-0.209832103949808,25
"Diagnostic model","Diagnostic model","Regional recruitment deviation","Region 5",1959,-0.0734454601155005,-0.0453639404664532,0.00761491662401599,0.227986494520097,0.348756785652959,0.359983623967855,0.367817916684827,25
"Diagnostic model","Diagnostic model","Regional recruitment deviation","Region 1",1960,0.174632151808377,0.22356278460992,0.22994620106163,0.434652748760017,0.506445337180066,0.61864608399958,0.666302314003661,25
"Diagnostic model","Diagnostic model","Regional recruitment deviation","Region 2",1960,-1.3763591108587,-1.33167729950543,-1.31059738289047,-1.13900285423142,-0.800106496664083,-0.729084925639442,-0.663400467729538,25
"Diagnostic model","Diagnostic model","Regional recruitment deviation","Region 3",1960,-1.19002881785039,-1.17952239525919,-1.16467060840763,-1.06501514231262,-0.642548104525956,-0.528498987329077,-0.46252225409092,25
"Diagnostic model","Diagnostic model","Regional recruitment deviation","Region 4",1960,0.112189398606827,0.134808967967719,0.154177309979317,0.286384623353235,0.306236916196613,0.323993486442093,0.344085211992388,25
"Diagnostic model","Diagnostic model","Regional recruitment deviation","Region 5",1960,-0.0738550577456034,-0.0613825760117937,-0.0322743183059866,0.0266857742357059,0.212968464449432,0.335528250157427,0.359522706028458,25
"Diagnostic model","Diagnostic model","Regional recruitment deviation","Region 1",1961,-0.080402649642987,-0.0733817433300447,-0.0305551539449823,0.0346190866545915,0.072318159685664,0.112090103848601,0.222653819197432,25
"Diagnostic model","Diagnostic model","Regional recruitment deviation","Region 2",1961,-1.11404410986581,-0.883805288861316,-0.777343722738467,-0.711169599123087,-0.622588033312777,-0.552147418546677,-0.485785376229013,25
"Diagnostic model","Diagnostic model","Regional recruitment deviation","Region 3",1961,-0.563477500952803,-0.325463747351065,-0.274469934156819,-0.224814256963571,-0.127621255897476,-0.0948328777590879,-0.0690444033320332,25
"Diagnostic model","Diagnostic model","Regional recruitment deviation","Region 4",1961,-0.355143720717632,-0.306789035980554,-0.135109097075156,-0.113021059647461,-0.0716468955523622,-0.0470797251541647,-0.0193997501156248,25
"Diagnostic model","Diagnostic model","Regional recruitment deviation","Region 5",1961,0.16766184517672,0.181514804240614,0.203969815514264,0.240615530929918,0.273397196208299,0.304769156729839,0.319141587511092,25
"Diagnostic model","Diagnostic model","Regional recruitment deviation","Region 1",1962,0.354592515191982,0.360457648661785,0.428135582306024,0.459227574809977,0.475124851177635,0.481501789089256,0.497167932176969,25
"Diagnostic model","Diagnostic model","Regional recruitment deviation","Region 2",1962,-0.749843711195191,-0.695076860041294,-0.642036217457744,-0.465923623596691,-0.386858267125207,-0.327053234785956,-0.183856752569162,25
"Diagnostic model","Diagnostic model","Regional recruitment deviation","Region 3",1962,-1.3561364126664,-1.23950263633844,-0.838569776964909,-0.778636089252558,-0.591821946382298,-0.565339102879947,-0.509235070903969,25
"Diagnostic model","Diagnostic model","Regional recruitment deviation","Region 4",1962,-0.0668294700904831,0.0306034413596534,0.0856106868768583,0.171916534386886,0.304643086106245,0.338820137955639,0.365882711609138,25
"Diagnostic model","Diagnostic model","Regional recruitment deviation","Region 5",1962,-0.7985983010364,-0.767627026179237,-0.739541673099809,-0.66666074806376,-0.517722058302768,0.397032711265716,0.434787643302219,25
"Diagnostic model","Diagnostic model","Regional recruitment deviation","Region 1",1963,0.642640937833708,0.689781532326877,0.749680173201727,0.798398873974925,0.856395922103239,0.91192364759135,0.989852780326553,25
"Diagnostic model","Diagnostic model","Regional recruitment deviation","Region 2",1963,-1.7035531873966,-1.66574019969971,-1.4999037996769,-1.40533535154589,-1.26943168208424,-1.07848608619803,-0.858431388634326,25
"Diagnostic model","Diagnostic model","Regional recruitment deviation","Region 3",1963,-1.77449647379392,-1.7350570637247,-1.34517310621054,-1.23155778839129,-1.14863352525689,-1.13081452165214,-1.0719173138584,25
"Diagnostic model","Diagnostic model","Regional recruitment deviation","Region 4",1963,-0.370416395099541,-0.210278500567243,-0.0200272272684483,0.0417541574633063,0.241888782618377,0.320388524514207,0.357116290381279,25
"Diagnostic model","Diagnostic model","Regional recruitment deviation","Region 5",1963,-0.440703201838783,-0.410637871634889,-0.385851027089778,-0.29033126103986,-0.21846868287168,0.131605956694476,0.169542376613218,25
"Diagnostic model","Diagnostic model","Regional recruitment deviation","Region 1",1964,-0.112373206635494,-0.0150621958246493,0.0443648544542952,0.212141148001668,0.378637617091916,0.389256762323347,0.400278704709806,25
"Diagnostic model","Diagnostic model","Regional recruitment deviation","Region 2",1964,-0.134537991276284,-0.0649715370217536,0.0137655887485682,0.0601333439567675,0.0874652326514231,0.144174198305309,0.167268340134636,25
"Diagnostic model","Diagnostic model","Regional recruitment deviation","Region 3",1964,-1.71531423188894,-1.64814128888756,-1.09976139396162,-1.0652350742702,-1.03784087395713,-0.985003847024682,-0.964570428694155,25
"Diagnostic model","Diagnostic model","Regional recruitment deviation","Region 4",1964,0.0966978271579485,0.116914468658426,0.238385448190949,0.286672203199727,0.339985137470237,0.370164035527012,0.39394240526765,25
"Diagnostic model","Diagnostic model","Regional recruitment deviation","Region 5",1964,-0.154109161662097,-0.132038373131894,-0.0920519231667871,-0.0461050623086575,0.0217924087434207,0.52403434944773,0.637772077314353,25
"Diagnostic model","Diagnostic model","Regional recruitment deviation","Region 1",1965,0.010567031833295,0.0359742759881819,0.118100371157638,0.199317414953633,0.32681464020866,0.341375206173254,0.57980939280859,25
"Diagnostic model","Diagnostic model","Regional recruitment deviation","Region 2",1965,-1.43928340342703,-1.34945982472951,-1.24419617333601,-1.14795648427824,-1.10335341228605,-1.07485099170242,-1.05798947183915,25
"Diagnostic model","Diagnostic model","Regional recruitment deviation","Region 3",1965,-1.41653341484882,-1.35265908920578,-1.12980329896032,-1.08175801106534,-1.01450694807138,-0.875320478476283,-0.803648267884462,25
"Diagnostic model","Diagnostic model","Regional recruitment deviation","Region 4",1965,0.171356142095455,0.192213018916483,0.454016343007512,0.498947922547681,0.562511019809403,0.606573655858253,0.639714663722959,25
"Diagnostic model","Diagnostic model","Regional recruitment deviation","Region 5",1965,0.22846104152056,0.276526250604625,0.29258035614566,0.344271642747216,0.3924827534708,0.71698024368649,0.951733187702535,25
"Diagnostic model","Diagnostic model","Regional recruitment deviation","Region 1",1966,0.31157499023402,0.321389790575457,0.329505190722419,0.415491037877354,0.459118398214094,0.506784492989486,0.529627861898619,25
"Diagnostic model","Diagnostic model","Regional recruitment deviation","Region 2",1966,-1.46534107008752,-1.3960579853044,-1.35769143774482,-1.28444550644861,-1.11357114707212,-1.07694925960349,-1.02003827562672,25
"Diagnostic model","Diagnostic model","Regional recruitment deviation","Region 3",1966,-1.47829833994186,-1.37727294448539,-0.992833312764624,-0.889586320196364,-0.847735905285684,-0.807452106651813,-0.789995622570843,25
"Diagnostic model","Diagnostic model","Regional recruitment deviation","Region 4",1966,0.659348546192488,0.673695228524565,0.713027104479989,0.740031432983435,0.816169823229673,0.83875024377495,0.842535168130037,25
"Diagnostic model","Diagnostic model","Regional recruitment deviation","Region 5",1966,-0.856565904436052,-0.763510565460344,-0.7335203489739,-0.600618621703518,-0.542628036624367,0.215996117532648,0.267524672666792,25
"Diagnostic model","Diagnostic model","Regional recruitment deviation","Region 1",1967,0.418007981059073,0.502967279285266,0.582632237802086,0.653115174739444,0.738393774941972,0.769253466742021,0.776089990685178,25
"Diagnostic model","Diagnostic model","Regional recruitment deviation","Region 2",1967,-0.955325270541377,-0.935674004814813,-0.761003200357736,-0.703396236328115,-0.512029074504941,-0.418354480518956,-0.369893316767431,25
"Diagnostic model","Diagnostic model","Regional recruitment deviation","Region 3",1967,-1.9622552416246,-1.84789021461769,-1.08920569585409,-1.02930086068427,-1.00660186920404,-0.93529506043702,-0.86028009811894,25
"Diagnostic model","Diagnostic model","Regional recruitment deviation","Region 4",1967,-0.490958066358532,-0.472527523435047,-0.158760800477069,-0.136307236988647,0.168534349422656,0.217008144246494,0.355162346395048,25
"Diagnostic model","Diagnostic model","Regional recruitment deviation","Region 5",1967,-0.65206709440582,-0.618242223255708,-0.559137654986895,-0.476297727098391,-0.310446047073433,0.439721350198783,0.458405735480189,25
"Diagnostic model","Diagnostic model","Regional recruitment deviation","Region 1",1968,-0.00655987580723959,0.0755894618017458,0.146479031869956,0.163724391221337,0.183921237593547,0.225697612804426,0.238596426945629,25
"Diagnostic model","Diagnostic model","Regional recruitment deviation","Region 2",1968,0.0346784311603625,0.0719325464266038,0.0857231496230345,0.138773681745499,0.169554617418568,0.212788990830168,0.279314989026969,25
"Diagnostic model","Diagnostic model","Regional recruitment deviation","Region 3",1968,-1.26996106825634,-1.17716763331206,-1.15782245159389,-1.11496572180594,-0.966256363545485,-0.960892641408628,-0.953554321457689,25
"Diagnostic model","Diagnostic model","Regional recruitment deviation","Region 4",1968,0.212881863474752,0.225730464273115,0.272315299130093,0.316387631377534,0.369310783651424,0.444766571531528,0.645709390676014,25
"Diagnostic model","Diagnostic model","Regional recruitment deviation","Region 5",1968,-0.786781636517496,-0.759776701903987,-0.724764257163434,-0.509856801896216,-0.478421960067953,-0.455291258933681,-0.428718285469346,25
"Diagnostic model","Diagnostic model","Regional recruitment deviation","Region 1",1969,-0.55583130622881,-0.520529572010351,-0.325782995922839,-0.235635120826557,-0.203127954888423,-0.14966533585607,0.0143059666658911,25
"Diagnostic model","Diagnostic model","Regional recruitment deviation","Region 2",1969,-0.798635684129404,-0.778319533038503,-0.750934915773789,-0.718225160545261,-0.701885512025746,-0.685557017972836,-0.65066655201157,25
"Diagnostic model","Diagnostic model","Regional recruitment deviation","Region 3",1969,-0.711826248127069,-0.680732644272917,-0.632018864427242,-0.57535634123743,-0.539169864089398,-0.514913605027103,-0.40989279207062,25
"Diagnostic model","Diagnostic model","Regional recruitment deviation","Region 4",1969,0.342115440051464,0.551159513438656,0.691825186594533,0.71356007153683,0.835082920250957,0.907257377916518,1.00918293994016,25
"Diagnostic model","Diagnostic model","Regional recruitment deviation","Region 5",1969,-0.739811008109489,-0.70908885512248,-0.705685307497658,-0.685951842822362,-0.641530712441893,-0.529533130536284,-0.515787721283187,25
"Diagnostic model","Diagnostic model","Regional recruitment deviation","Region 1",1970,-0.878826545729398,-0.866043545348871,-0.739889649898785,-0.67921413496148,-0.646688021018398,-0.531217040609754,-0.510663656296687,25
"Diagnostic model","Diagnostic model","Regional recruitment deviation","Region 2",1970,0.408584284418341,0.573618183843747,0.650924591046523,0.741083217319898,0.806887617823355,0.85698444550161,0.865334726800311,25
"Diagnostic model","Diagnostic model","Regional recruitment deviation","Region 3",1970,-1.15695263791054,-1.14862402766159,-0.646994055078964,-0.551810098956861,-0.484872343125244,-0.4536544616497,-0.439429707371998,25
"Diagnostic model","Diagnostic model","Regional recruitment deviation","Region 4",1970,-0.0629650429257183,-0.047348221985462,0.0102032326648822,0.0948019382425689,0.249098295750288,0.338397988443664,0.404251271321502,25
"Diagnostic model","Diagnostic model","Regional recruitment deviation","Region 5",1970,-0.291053578042259,-0.254613717122961,-0.2327667357407,-0.216347118582027,-0.194288759198016,0.626611839747506,0.735505959248846,25
"Diagnostic model","Diagnostic model","Regional recruitment deviation","Region 1",1971,-0.0572469341031194,-0.0140087173563776,0.0480617342839905,0.110090656715366,0.161041102270925,0.198808180695625,0.210952849191245,25
"Diagnostic model","Diagnostic model","Regional recruitment deviation","Region 2",1971,-0.343972064028083,-0.324296164697545,-0.278945208744452,-0.214611733481365,-0.126206761802646,0.0740684168750023,0.109891660709687,25
"Diagnostic model","Diagnostic model","Regional recruitment deviation","Region 3",1971,-0.939840307543923,-0.875710400760969,-0.800084274483155,-0.762920648806689,-0.652357758272678,-0.636632192073388,-0.589837886759974,25
"Diagnostic model","Diagnostic model","Regional recruitment deviation","Region 4",1971,0.253291503476664,0.270978023961601,0.298563484880215,0.339185571671642,0.394510290841387,0.489541396700499,0.541273547630596,25
"Diagnostic model","Diagnostic model","Regional recruitment deviation","Region 5",1971,-0.754765017311686,-0.702719357195909,-0.677475597094797,-0.607075230039065,-0.454549192268784,-0.365406218652529,-0.269797093224941,25
"Diagnostic model","Diagnostic model","Regional recruitment deviation","Region 1",1972,-0.373302661172367,-0.312855889528248,-0.291399494791937,-0.11553520364986,-0.0980872813059872,-0.0889040539398725,-0.0534463128141636,25
"Diagnostic model","Diagnostic model","Regional recruitment deviation","Region 2",1972,-0.497567039966561,-0.430917762611089,-0.346269504992639,-0.309629508206596,-0.222992335848512,-0.209442133204877,0.183158570186002,25
"Diagnostic model","Diagnostic model","Regional recruitment deviation","Region 3",1972,-1.49874762373194,-1.46929701149139,-1.45463052814626,-1.41232185218704,-1.38447248439527,-0.806148116311475,-0.737250001986691,25
"Diagnostic model","Diagnostic model","Regional recruitment deviation","Region 4",1972,0.0499759339377705,0.0642223450592504,0.0883585267805059,0.114845884201878,0.213056646922828,0.249228547492904,0.266113516569912,25
"Diagnostic model","Diagnostic model","Regional recruitment deviation","Region 5",1972,-0.347532753230984,-0.243580819736296,0.287250819576388,0.385213239530886,0.557875308686626,0.564095356736552,0.59075818892897,25
"Diagnostic model","Diagnostic model","Regional recruitment deviation","Region 1",1973,-0.501102715075509,-0.342123294861355,-0.273453508660698,-0.250628140154747,-0.220258281588565,-0.191160326039531,-0.167560656174468,25
"Diagnostic model","Diagnostic model","Regional recruitment deviation","Region 2",1973,-0.695439346814367,-0.46422130621103,-0.395618748855056,-0.355450054312235,-0.307893406257683,-0.249435064453376,-0.22866216642399,25
"Diagnostic model","Diagnostic model","Regional recruitment deviation","Region 3",1973,-1.36909281230604,-1.314241880628,-1.2891596345369,-1.26147539328892,-1.03554774296415,-1.01988394463401,-0.936950157535413,25
"Diagnostic model","Diagnostic model","Regional recruitment deviation","Region 4",1973,0.354483175414139,0.39227901509574,0.493199622056362,0.713982845762377,0.735622880249176,0.797140383963337,0.840077983149716,25
"Diagnostic model","Diagnostic model","Regional recruitment deviation","Region 5",1973,0.225474231067695,0.448538321835667,0.495460081542226,0.519822649165419,0.544729954031366,0.609705842488175,0.629762254063789,25
"Diagnostic model","Diagnostic model","Regional recruitment deviation","Region 1",1974,-0.0658069207219407,-0.0435193263347229,0.023183662986733,0.194348371890725,0.241480587319353,0.258485927823404,0.299974258575222,25
"Diagnostic model","Diagnostic model","Regional recruitment deviation","Region 2",1974,-0.144615137370459,-0.121268854761876,-0.0757653887296922,0.132978499529916,0.281663319750753,0.41255754702591,0.523725735831928,25
"Diagnostic model","Diagnostic model","Regional recruitment deviation","Region 3",1974,-1.41816530981951,-1.34794039727289,-1.00482299248548,-0.900878392799822,-0.598930249059387,-0.557464450537465,-0.516665289107603,25
"Diagnostic model","Diagnostic model","Regional recruitment deviation","Region 4",1974,-0.51423449494886,-0.480150686823438,-0.463473289231692,-0.43596106208443,-0.322638369096225,-0.138024159985952,-0.015027721013128,25
"Diagnostic model","Diagnostic model","Regional recruitment deviation","Region 5",1974,-0.806362683515524,-0.785982497906494,-0.771478309946193,-0.687263388151325,-0.580492740570569,-0.390863505280445,-0.333523536134503,25
"Diagnostic model","Diagnostic model","Regional recruitment deviation","Region 1",1975,-0.610343586941159,-0.58664910799029,-0.450615609482217,-0.391228014135458,-0.364341969204187,-0.333579162282644,-0.313481898005591,25
"Diagnostic model","Diagnostic model","Regional recruitment deviation","Region 2",1975,-1.30110288899126,-1.28592168997962,-1.27472481185548,-1.24806137882199,-1.22161904842818,-0.719412061105777,-0.683070478950936,25
"Diagnostic model","Diagnostic model","Regional recruitment deviation","Region 3",1975,-0.666517547876374,-0.589288036287811,-0.237334411881558,-0.193859347045416,-0.0100402994086685,0.0991824093338282,0.188708049723828,25
"Diagnostic model","Diagnostic model","Regional recruitment deviation","Region 4",1975,-0.0917808184096423,-0.0146273178467582,0.10711512281063,0.218335370289223,0.276442018685175,0.287827081776854,0.326676592523092,25
"Diagnostic model","Diagnostic model","Regional recruitment deviation","Region 5",1975,-0.56281160084463,-0.557666649511322,-0.538405082149276,-0.482027087643023,-0.432015738911313,0.527199364416228,0.536597404787544,25
"Diagnostic model","Diagnostic model","Regional recruitment deviation","Region 1",1976,-0.155745458089066,-0.137141863750123,-0.101071136916914,-0.0503290483172723,0.033640941934781,0.100804839786519,0.126602649657676,25
"Diagnostic model","Diagnostic model","Regional recruitment deviation","Region 2",1976,-0.414089007100475,-0.406090299520508,-0.396229808303615,-0.357197707916008,-0.297905355060294,-0.273116271907817,-0.224794079928555,25
"Diagnostic model","Diagnostic model","Regional recruitment deviation","Region 3",1976,-0.524662008772662,-0.477076965314062,-0.172622078804829,-0.100917243457699,-0.0481019381659952,0.00179547777124401,0.0133796999040995,25
"Diagnostic model","Diagnostic model","Regional recruitment deviation","Region 4",1976,-0.417175607209004,-0.359906303462746,-0.264807010138605,-0.203004061977566,-0.181241813634478,-0.135127037818981,-0.120221693805337,25
"Diagnostic model","Diagnostic model","Regional recruitment deviation","Region 5",1976,-0.47792011915256,-0.457144445236164,-0.416506149161745,-0.35703865912546,-0.259861429273737,0.0625096222571701,0.092037117586236,25
"Diagnostic model","Diagnostic model","Regional recruitment deviation","Region 1",1977,0.173948667315623,0.205299745936336,0.266965542671848,0.29332689968586,0.392026425837765,0.415047788124154,0.434903594072081,25
"Diagnostic model","Diagnostic model","Regional recruitment deviation","Region 2",1977,-0.957584841398915,-0.939807116012764,-0.896167496816736,-0.715904065465638,-0.610821048838645,-0.356286253425803,-0.285035256774143,25
"Diagnostic model","Diagnostic model","Regional recruitment deviation","Region 3",1977,-0.801236743813579,-0.799300056649318,-0.297786332582884,-0.268659623932665,-0.170445036145391,-0.0863742739440153,-0.0272690854401687,25
"Diagnostic model","Diagnostic model","Regional recruitment deviation","Region 4",1977,0.0371228297461173,0.0699573500091737,0.114650412541238,0.15205577124539,0.232886611524461,0.319493452237914,0.338349978131007,25
"Diagnostic model","Diagnostic model","Regional recruitment deviation","Region 5",1977,-0.836253849009444,-0.820847730673287,-0.808598257774755,-0.782099354146069,-0.740342984150762,0.25993521121167,0.276249062164414,25
"Diagnostic model","Diagnostic model","Regional recruitment deviation","Region 1",1978,-0.341038688508413,-0.334357368491605,-0.260497592792169,-0.136006672580048,-0.102362642093808,-0.0495228934665692,0.0723318827724561,25
"Diagnostic model","Diagnostic model","Regional recruitment deviation","Region 2",1978,-0.383766852544693,-0.155250719704419,-0.0345918526109588,0.00510526240568765,0.0252054652878211,0.271818928952197,0.346120053742658,25
"Diagnostic model","Diagnostic model","Regional recruitment deviation","Region 3",1978,-0.175867689371789,-0.146585495362157,0.1016977615613,0.126905896731909,0.176909612892572,0.185376253472511,0.215086496357658,25
"Diagnostic model","Diagnostic model","Regional recruitment deviation","Region 4",1978,-0.252555995019665,-0.199312018296848,-0.188269620089111,-0.166751531537746,-0.13031369265105,-0.10714718606991,-0.0775021486999852,25
"Diagnostic model","Diagnostic model","Regional recruitment deviation","Region 5",1978,-0.584727244654852,-0.562969652844014,-0.542218302155695,-0.512010999974053,-0.497990693670148,-0.0823038606487525,-0.041957567619768,25
"Diagnostic model","Diagnostic model","Regional recruitment deviation","Region 1",1979,-0.20802600063606,-0.178515655950164,-0.153446723404922,-0.109291861156481,-0.0842590280689274,-0.0662080296012258,-0.049616772514806,25
"Diagnostic model","Diagnostic model","Regional recruitment deviation","Region 2",1979,-0.904062629340151,-0.842474765766856,-0.794779287812167,-0.72748486757994,-0.43761116074631,-0.149244599975457,-0.0605812087265352,25
"Diagnostic model","Diagnostic model","Regional recruitment deviation","Region 3",1979,-0.44003871612493,-0.37876023466148,-0.000604339383653079,0.0751708110501849,0.0959886977260539,0.126588509520936,0.146917594181559,25
"Diagnostic model","Diagnostic model","Regional recruitment deviation","Region 4",1979,-0.0112771891461853,0.00318420755048966,0.0263977011274495,0.151495040165647,0.224439945224755,0.300125993706635,0.350918800307555,25
"Diagnostic model","Diagnostic model","Regional recruitment deviation","Region 5",1979,-0.845156198691247,-0.838717181103303,-0.831332000515988,-0.803127909291371,-0.765604386249934,0.147566290748147,0.154468319266253,25
"Diagnostic model","Diagnostic model","Regional recruitment deviation","Region 1",1980,-0.24461712255329,-0.233362801729964,-0.219707829007841,-0.194485324449522,-0.162961651417865,-0.115577022180056,-0.0760663398575821,25
"Diagnostic model","Diagnostic model","Regional recruitment deviation","Region 2",1980,-1.2954184521528,-1.28456029349961,-1.27358006047265,-1.22305785431871,-1.1444681589637,-0.715351009274083,-0.656827848355508,25
"Diagnostic model","Diagnostic model","Regional recruitment deviation","Region 3",1980,-0.042824638905543,0.059244376322313,0.262129206126733,0.354259781408378,0.376602349910279,0.393934098726435,0.416458210788839,25
"Diagnostic model","Diagnostic model","Regional recruitment deviation","Region 4",1980,-0.400483146910227,-0.391105450787792,-0.344487329967931,-0.240724177347997,-0.104000499001463,-0.0375719839419237,0.00759732650488996,25
"Diagnostic model","Diagnostic model","Regional recruitment deviation","Region 5",1980,-0.934032739092196,-0.924593290842304,-0.91285054470213,-0.748419400101554,-0.64041074763719,0.143975326152009,0.194859322400966,25
"Diagnostic model","Diagnostic model","Regional recruitment deviation","Region 1",1981,-0.586940050345316,-0.550919420137037,-0.515891206484662,-0.372815842465368,-0.277497968682761,-0.256549037717763,-0.130497206766447,25
"Diagnostic model","Diagnostic model","Regional recruitment deviation","Region 2",1981,-0.425287867457183,-0.414684868926373,-0.327523619166811,-0.275911146877214,-0.219371069705873,0.0735351479886828,0.0893684384728278,25
"Diagnostic model","Diagnostic model","Regional recruitment deviation","Region 3",1981,-0.571216063337827,-0.535061409020224,-0.392604800928376,-0.203528487647538,-0.0201394475712157,0.0558552567097845,0.0914351050919202,25
"Diagnostic model","Diagnostic model","Regional recruitment deviation","Region 4",1981,0.0491525523537043,0.0509181656510613,0.0641444446328798,0.089443656541839,0.103145765943913,0.132270385821795,0.243082600208904,25
"Diagnostic model","Diagnostic model","Regional recruitment deviation","Region 5",1981,-0.233277436222573,-0.176008479770905,-0.128542491923881,-0.0637388809204665,0.0271771040727773,0.434766186628011,0.45918245049721,25
"Diagnostic model","Diagnostic model","Regional recruitment deviation","Region 1",1982,-0.165108311837583,-0.140750651078835,-0.073210526782717,0.0148214949265563,0.107916153750757,0.124380117520219,0.159343782103526,25
"Diagnostic model","Diagnostic model","Regional recruitment deviation","Region 2",1982,-2.1231597853545,-2.11088029331348,-2.09135935360309,-2.05225739588749,-2.0104689850003,-1.43001878216905,-1.38361448539967,25
"Diagnostic model","Diagnostic model","Regional recruitment deviation","Region 3",1982,-0.509985778438856,-0.506244516346563,-0.186667917973516,-0.129970105917573,0.018826774224561,0.0597568583165261,0.148694398860068,25
"Diagnostic model","Diagnostic model","Regional recruitment deviation","Region 4",1982,0.250102614781753,0.25648226488352,0.28166968659147,0.303766092652648,0.368839815103815,0.425059101677335,0.443949964240405,25
"Diagnostic model","Diagnostic model","Regional recruitment deviation","Region 5",1982,-1.06689760716157,-1.03774904152897,-1.01778699495377,-0.939896036677222,-0.827812028479597,0.339701166336038,0.370586337267893,25
"Diagnostic model","Diagnostic model","Regional recruitment deviation","Region 1",1983,-0.930391250976923,-0.838924850055194,-0.662670177740306,-0.314877827891282,-0.200280315772536,-0.188839527507928,-0.183966543722627,25
"Diagnostic model","Diagnostic model","Regional recruitment deviation","Region 2",1983,-0.564939690029056,-0.551253966062881,-0.521058736914113,-0.46190726817089,-0.41466868227683,-0.0584077146851413,0.0278192101085893,25
"Diagnostic model","Diagnostic model","Regional recruitment deviation","Region 3",1983,-0.622156264695772,-0.550398375553334,-0.196207996615656,-0.185702500866911,-0.092262974211842,-0.0448867427647092,-0.00238533368619986,25
"Diagnostic model","Diagnostic model","Regional recruitment deviation","Region 4",1983,-0.625256124870891,-0.577957735222527,-0.36912509852572,-0.186691328380275,-0.128433486648771,0.127594747329562,0.189172097860512,25
"Diagnostic model","Diagnostic model","Regional recruitment deviation","Region 5",1983,-0.91828785009723,-0.900111261182232,-0.83343897114217,-0.75838547478091,-0.622002868303742,0.159082598655469,0.191420617264488,25
"Diagnostic model","Diagnostic model","Regional recruitment deviation","Region 1",1984,-0.76583061673829,-0.752894887273038,-0.737439472444429,-0.674155244576141,-0.55023008739683,-0.52261940967975,-0.476773574606436,25
"Diagnostic model","Diagnostic model","Regional recruitment deviation","Region 2",1984,-2.07315464502701,-2.03131972806437,-1.91176365086907,-1.73374231999446,-1.67579114424391,-0.940322443674438,-0.896771385332308,25
"Diagnostic model","Diagnostic model","Regional recruitment deviation","Region 3",1984,0.104313943241836,0.139897047708383,0.268749845909199,0.397345548515526,0.415090810762602,0.436535465492205,0.466182016595522,25
"Diagnostic model","Diagnostic model","Regional recruitment deviation","Region 4",1984,-0.929307086752385,-0.81789859665862,-0.720075762186069,-0.497281284513893,-0.448583221650618,-0.159127821228006,-0.0975482674883075,25
"Diagnostic model","Diagnostic model","Regional recruitment deviation","Region 5",1984,-0.615286860002765,-0.60316970673558,-0.587992136174664,-0.390934426629663,-0.237856674276114,0.438640517398538,0.493488323144102,25
"Diagnostic model","Diagnostic model","Regional recruitment deviation","Region 1",1985,-0.154239358616901,-0.106320031245707,-0.039348058055397,0.0237117329285016,0.0956355918885197,0.117298758274233,0.126803522515878,25
"Diagnostic model","Diagnostic model","Regional recruitment deviation","Region 2",1985,-0.745892311741567,-0.581956455693271,-0.488561015545987,-0.378147780643485,-0.35070442176928,-0.320612139517298,-0.306164402818225,25
"Diagnostic model","Diagnostic model","Regional recruitment deviation","Region 3",1985,-0.784485276068147,-0.773413387981477,-0.743786855621697,-0.696036912705094,-0.538933549005632,-0.390147612995859,-0.319719402139852,25
"Diagnostic model","Diagnostic model","Regional recruitment deviation","Region 4",1985,-0.89108478285304,-0.86606793195036,-0.845965748186267,-0.800609263639976,-0.769447644123693,-0.749053213288683,-0.691917984015008,25
"Diagnostic model","Diagnostic model","Regional recruitment deviation","Region 5",1985,-0.443559714239931,-0.393462258672262,-0.248586864186235,-0.0920054630076524,0.00635563221578898,0.231722484146049,0.272248177715752,25
"Diagnostic model","Diagnostic model","Regional recruitment deviation","Region 1",1986,-0.886019627227284,-0.843797053391523,-0.821090504821805,-0.72884138564379,-0.710196439523583,-0.68836375281277,-0.674962050103968,25
"Diagnostic model","Diagnostic model","Regional recruitment deviation","Region 2",1986,0.567137123458827,0.626326270977192,0.716394398884304,0.768375036469901,0.81153150756503,0.908527301640056,0.945005323317254,25
"Diagnostic model","Diagnostic model","Regional recruitment deviation","Region 3",1986,-0.627347152453712,-0.397139451552162,-0.261950297977428,-0.15747928897913,-0.114677205613427,-0.0344432833099242,0.0341080568992202,25
"Diagnostic model","Diagnostic model","Regional recruitment deviation","Region 4",1986,-0.825443769742471,-0.771031477881491,-0.751022808723351,-0.635718751606375,-0.617213579997322,-0.486912415930869,-0.439630406427262,25
"Diagnostic model","Diagnostic model","Regional recruitment deviation","Region 5",1986,-0.310790768090864,-0.197104007006696,-0.15112358596742,0.00384547615543326,0.136932284104462,0.210924218222266,0.296283492264709,25
"Diagnostic model","Diagnostic model","Regional recruitment deviation","Region 1",1987,-0.292998202315501,-0.259004402916151,-0.194710409070712,-0.163125191092111,-0.125873433560567,-0.0847943788618597,-0.0553958824786019,25
"Diagnostic model","Diagnostic model","Regional recruitment deviation","Region 2",1987,-1.40733632212346,-1.30507508118381,-1.28158010346711,-1.1308949700841,-0.946090138018804,-0.803212550811436,-0.795317810762447,25
"Diagnostic model","Diagnostic model","Regional recruitment deviation","Region 3",1987,-0.123987257769992,-0.0517093475542913,0.0176697129257853,0.127527519050711,0.165755310572703,0.186856692580758,0.230562767834385,25
"Diagnostic model","Diagnostic model","Regional recruitment deviation","Region 4",1987,-0.546323652250517,-0.351717246412228,-0.289657195263437,-0.189261868941148,-0.0935668435185929,-0.0152222840772491,0.00821078667794268,25
"Diagnostic model","Diagnostic model","Regional recruitment deviation","Region 5",1987,-1.39033277912886,-1.35360553636123,-0.98400804904776,-0.871576316456544,-0.79816430585364,-0.760048109708734,-0.728215365710111,25
"Diagnostic model","Diagnostic model","Regional recruitment deviation","Region 1",1988,-0.313830815960969,-0.284979972725452,-0.142106722079056,-0.078720221677202,-0.0483484894284133,-3.17662934890156e-05,0.0152364543638516,25
"Diagnostic model","Diagnostic model","Regional recruitment deviation","Region 2",1988,0.0628173894934098,0.0876613004636896,0.135796258745242,0.219613216824,0.319736562915385,0.350090546789172,0.384539792436483,25
"Diagnostic model","Diagnostic model","Regional recruitment deviation","Region 3",1988,-0.683087472325266,-0.615931032704704,-0.546470244100294,-0.517877729309579,-0.491058717100565,-0.46936152792858,-0.40724877518299,25
"Diagnostic model","Diagnostic model","Regional recruitment deviation","Region 4",1988,-0.516002080308688,-0.481500814921264,-0.42861770365274,-0.377233562729704,-0.283080796450916,-0.197775883163703,-0.166170896599192,25
"Diagnostic model","Diagnostic model","Regional recruitment deviation","Region 5",1988,-0.0157443074441066,0.0522187920863678,0.18250915759991,0.274571040051074,0.325511425540327,0.504008997187788,0.625072268337559,25
"Diagnostic model","Diagnostic model","Regional recruitment deviation","Region 1",1989,-0.84638941417409,-0.740196501875684,-0.63250619719237,-0.564584438656672,-0.381526782238363,-0.246681205729701,-0.206123299689191,25
"Diagnostic model","Diagnostic model","Regional recruitment deviation","Region 2",1989,0.00166678832211585,0.0804536083317361,0.222252342237735,0.37375925552001,0.431586964027932,0.474705472998019,0.479905446575376,25
"Diagnostic model","Diagnostic model","Regional recruitment deviation","Region 3",1989,-1.42588124872271,-1.41972675690023,-1.37570860938024,-1.21502198872966,-1.08407119441547,-0.157861542483445,-0.14874065379153,25
"Diagnostic model","Diagnostic model","Regional recruitment deviation","Region 4",1989,-0.525421938676055,-0.436053228346789,-0.430889505266424,-0.386214573915102,-0.365777996605422,-0.00334353487249787,0.0438823505688684,25
"Diagnostic model","Diagnostic model","Regional recruitment deviation","Region 5",1989,0.34570430378952,0.354878418144176,0.381609494535987,0.555707304639765,0.76734678254863,0.820175660371154,1.15527419569803,25
"Diagnostic model","Diagnostic model","Regional recruitment deviation","Region 1",1990,-0.592634189893022,-0.574009324939162,-0.539697146447752,-0.415599353355359,-0.344470485209222,-0.144513502551113,-0.0815394547394572,25
"Diagnostic model","Diagnostic model","Regional recruitment deviation","Region 2",1990,-0.741134908827898,-0.706076905642388,-0.51968296043131,-0.461649689770112,-0.429855526231065,-0.347044197137744,-0.219507184537564,25
"Diagnostic model","Diagnostic model","Regional recruitment deviation","Region 3",1990,-1.04556530711969,-1.00260330539485,-0.940898180812438,-0.812583944134797,-0.654180871169133,-0.575929101832412,-0.532089183989471,25
"Diagnostic model","Diagnostic model","Regional recruitment deviation","Region 4",1990,-0.638705269297389,-0.565875244733762,-0.472974345748523,-0.390436770309632,-0.308951557792198,-0.225047342764169,-0.212028649583165,25
"Diagnostic model","Diagnostic model","Regional recruitment deviation","Region 5",1990,0.201771492659933,0.212748140415866,0.364460878050402,0.43521261645343,0.465585026208641,0.524436322718024,0.531222810543643,25
"Diagnostic model","Diagnostic model","Regional recruitment deviation","Region 1",1991,-1.77360165241251,-1.67255115215431,-1.61455962918384,-1.54644179200259,-1.44126046444746,-1.31529139707923,-0.971490472177306,25
"Diagnostic model","Diagnostic model","Regional recruitment deviation","Region 2",1991,-0.52897085811069,-0.511432033325131,-0.310436784617339,-0.16220734100736,0.0416777068220415,0.0936065699397895,0.197912526616072,25
"Diagnostic model","Diagnostic model","Regional recruitment deviation","Region 3",1991,-0.453606762549573,-0.444599716097034,-0.429440300995299,-0.386993094165235,-0.319996762953757,-0.189030459171114,-0.176381359076883,25
"Diagnostic model","Diagnostic model","Regional recruitment deviation","Region 4",1991,-0.41775141638604,-0.376050068975735,-0.336231464620589,-0.305707135046677,-0.259076066421443,0.0240060330470075,0.184847535771881,25
"Diagnostic model","Diagnostic model","Regional recruitment deviation","Region 5",1991,0.0877523639642593,0.163533659747206,0.242662762341719,0.312283198369079,0.367701185785916,0.503081264116243,0.591981794294936,25
"Diagnostic model","Diagnostic model","Regional recruitment deviation","Region 1",1992,-0.591520953155826,-0.561993958986303,-0.438659614411221,-0.237679834534089,-0.126309360201009,-0.00207288020527304,0.0131386317333923,25
"Diagnostic model","Diagnostic model","Regional recruitment deviation","Region 2",1992,-0.624312885835278,-0.594993602277335,-0.516004390624634,-0.434790512585631,-0.172566924642291,-0.0693536185559588,-0.0507199527595281,25
"Diagnostic model","Diagnostic model","Regional recruitment deviation","Region 3",1992,-1.01120439400445,-0.942400552101273,-0.871248613724908,-0.732746564095114,-0.629974356018212,-0.196075306326123,-0.128422079816423,25
"Diagnostic model","Diagnostic model","Regional recruitment deviation","Region 4",1992,-0.124600803757292,-0.0186500628585668,0.0220030313938398,0.0413403663585167,0.109029953757283,0.164183728311524,0.19115710521147,25
"Diagnostic model","Diagnostic model","Regional recruitment deviation","Region 5",1992,-0.224505618397718,-0.126593974475199,-0.0740414454832953,0.0525932109890814,0.37553779601693,0.447665490152655,0.498275649430581,25
"Diagnostic model","Diagnostic model","Regional recruitment deviation","Region 1",1993,-1.31689419460102,-1.25412039033361,-1.2263719453656,-1.15172071397612,-1.11412512573763,-1.07073042784667,-0.907656886738558,25
"Diagnostic model","Diagnostic model","Regional recruitment deviation","Region 2",1993,0.397639273979546,0.449954761787087,0.491824139720401,0.687392951196869,0.747719213955697,0.773816499730648,0.785154074081304,25
"Diagnostic model","Diagnostic model","Regional recruitment deviation","Region 3",1993,-0.518424826093951,-0.494025163625998,-0.479357742803253,-0.449414934466779,-0.403957574294137,-0.127352436359186,-0.0384007868606395,25
"Diagnostic model","Diagnostic model","Regional recruitment deviation","Region 4",1993,0.158069207679614,0.183638432563362,0.248048024414392,0.359143097334835,0.370707914240455,0.381303077804196,0.39256716578229,25
"Diagnostic model","Diagnostic model","Regional recruitment deviation","Region 5",1993,-0.405451450180121,-0.3793711020591,-0.120061487915635,0.00283011833660712,0.169288578909871,0.197828822764799,0.212214810745503,25
"Diagnostic model","Diagnostic model","Regional recruitment deviation","Region 1",1994,-0.972369365830895,-0.960162265913527,-0.936159538710042,-0.775698910900651,-0.674956020962948,-0.628886192242164,-0.592253917409892,25
"Diagnostic model","Diagnostic model","Regional recruitment deviation","Region 2",1994,-0.265454566406373,-0.224978128730047,-0.171598756371197,-0.139860701034483,-0.0741186362144377,-0.0240613040587698,0.0881737826933492,25
"Diagnostic model","Diagnostic model","Regional recruitment deviation","Region 3",1994,-2.101698139373,-2.06171365294316,-2.03533231916276,-1.96186033446121,-1.92857052395203,-0.840786468356794,-0.770302073681182,25
"Diagnostic model","Diagnostic model","Regional recruitment deviation","Region 4",1994,0.116171675497345,0.140042225021732,0.320697714097654,0.414817597956295,0.571138447296278,0.676447541140034,0.716873506918903,25
"Diagnostic model","Diagnostic model","Regional recruitment deviation","Region 5",1994,-0.0179131123763609,0.0195501816933913,0.122279070324596,0.229684051618794,0.300928041400388,0.409174010197219,0.44496978314904,25
"Diagnostic model","Diagnostic model","Regional recruitment deviation","Region 1",1995,-0.505326933938692,-0.485050839263803,-0.408193039689514,-0.348085723678544,-0.24003634159979,-0.204372554910094,-0.176956297947506,25
"Diagnostic model","Diagnostic model","Regional recruitment deviation","Region 2",1995,0.144540706058818,0.288484663531689,0.333727558751352,0.725794765272265,0.865564115416825,0.888230393700769,0.921928027027608,25
"Diagnostic model","Diagnostic model","Regional recruitment deviation","Region 3",1995,-1.30331144419462,-1.13121644641531,-1.03651595989859,-1.0183443496303,-0.986953916186797,-0.97586459895389,-0.963187738597213,25
"Diagnostic model","Diagnostic model","Regional recruitment deviation","Region 4",1995,-0.581445824486695,-0.46724261289618,-0.425171846924079,-0.35938414245175,-0.109308279293185,0.0489604501963668,0.0975041567835382,25
"Diagnostic model","Diagnostic model","Regional recruitment deviation","Region 5",1995,-0.584584759827571,-0.572243960560924,-0.559419445967583,-0.499381681305703,-0.440092634909246,-0.0411029827465973,0.0701299830372577,25
"Diagnostic model","Diagnostic model","Regional recruitment deviation","Region 1",1996,-0.844326716131096,-0.828482865253606,-0.825709101058408,-0.78944399601591,-0.663151363483415,-0.545809926690421,-0.455188173582265,25
"Diagnostic model","Diagnostic model","Regional recruitment deviation","Region 2",1996,0.308103731714233,0.330004345133627,0.400251398474479,0.450257105703465,0.582675757051528,0.588357001148371,0.623802632510693,25
"Diagnostic model","Diagnostic model","Regional recruitment deviation","Region 3",1996,-0.535592662313909,-0.454383743366992,-0.266511971410659,-0.159888163756142,-0.139476423813238,-0.118848869301483,-0.0979290107399534,25
"Diagnostic model","Diagnostic model","Regional recruitment deviation","Region 4",1996,0.23700130221918,0.279173177260039,0.315411946735204,0.358056565636693,0.414469893892916,0.64058818005435,0.657589507187662,25
"Diagnostic model","Diagnostic model","Regional recruitment deviation","Region 5",1996,-0.792053520533623,-0.734686277250773,-0.681901893360922,-0.665180426129524,-0.630320924275104,-0.573732376648614,-0.510461472316597,25
"Diagnostic model","Diagnostic model","Regional recruitment deviation","Region 1",1997,-1.39346031376625,-1.30133880967123,-1.21393047307004,-1.17876341460115,-1.12508317535563,-1.09721086301267,-1.06954647094688,25
"Diagnostic model","Diagnostic model","Regional recruitment deviation","Region 2",1997,0.823511148472906,0.962610487544823,1.05378467492528,1.31269277495251,1.35801429907704,1.365890475912,1.37519514474436,25
"Diagnostic model","Diagnostic model","Regional recruitment deviation","Region 3",1997,-0.829009887274804,-0.672523869756736,-0.444579913017923,-0.390127582224645,-0.33100706313475,-0.204389728690051,-0.159670857402436,25
"Diagnostic model","Diagnostic model","Regional recruitment deviation","Region 4",1997,-0.159146676083723,-0.156035503796006,-0.136999875004268,-0.062718593775064,0.0562312513921135,0.260074343574529,0.302031042748589,25
"Diagnostic model","Diagnostic model","Regional recruitment deviation","Region 5",1997,-1.38664057440696,-1.33924673524397,-0.972460049868058,-0.71261076187927,-0.699338003609332,-0.637243728728644,-0.552231400345915,25
"Diagnostic model","Diagnostic model","Regional recruitment deviation","Region 1",1998,-1.15835270773036,-1.15194738027118,-1.1276809667024,-1.08994521179761,-1.06632284115029,-0.923524756607094,-0.825097428211681,25
"Diagnostic model","Diagnostic model","Regional recruitment deviation","Region 2",1998,0.152956577571343,0.189948788432446,0.232246294625969,0.317976445338918,0.379617164573571,0.557622416653694,0.597265544597114,25
"Diagnostic model","Diagnostic model","Regional recruitment deviation","Region 3",1998,-0.523706224353744,-0.519154462202372,-0.502718573300927,-0.441732302678188,-0.351293928211189,-0.280531150597729,-0.245455934162567,25
"Diagnostic model","Diagnostic model","Regional recruitment deviation","Region 4",1998,-0.400605964657928,-0.108672727184805,0.0413890940016,0.119790173246967,0.199948321772082,0.483577891615808,0.685613765388856,25
"Diagnostic model","Diagnostic model","Regional recruitment deviation","Region 5",1998,-0.621500584416839,-0.538524530150264,-0.151892481216509,-0.0173509262304485,0.0315208063920697,0.100475519589639,0.124266787311904,25
"Diagnostic model","Diagnostic model","Regional recruitment deviation","Region 1",1999,-1.09265299248477,-0.991405956992255,-0.939629254297048,-0.902741619779582,-0.812396521367567,-0.684102236126837,-0.643471262055342,25
"Diagnostic model","Diagnostic model","Regional recruitment deviation","Region 2",1999,0.24292123470611,0.281889671853517,0.347082447964292,0.479738541558161,0.615526360884326,0.687442002411058,0.865994088168055,25
"Diagnostic model","Diagnostic model","Regional recruitment deviation","Region 3",1999,0.107479547117531,0.145445545273846,0.181743944714339,0.194609201867419,0.216984402447993,0.389301091846011,0.423992121931619,25
"Diagnostic model","Diagnostic model","Regional recruitment deviation","Region 4",1999,-0.708080517222815,-0.665650272803582,-0.626168960863188,-0.603305346864181,-0.566991642506128,-0.513975206622107,-0.39077510200542,25
"Diagnostic model","Diagnostic model","Regional recruitment deviation","Region 5",1999,-1.10429769078209,-1.0752342267777,-0.992274740695832,-0.938802278552148,-0.902217255657101,-0.875045625806478,-0.864994873348863,25
"Diagnostic model","Diagnostic model","Regional recruitment deviation","Region 1",2000,-0.785569474256631,-0.70182035201844,-0.678875921924055,-0.639730258962998,-0.510019928618922,-0.469575378456286,-0.419321333334639,25
"Diagnostic model","Diagnostic model","Regional recruitment deviation","Region 2",2000,-0.0945525082650736,-0.0724115011072478,0.00949690350464927,0.0486707905525517,0.184409197947229,0.25705122600959,0.275871272125557,25
"Diagnostic model","Diagnostic model","Regional recruitment deviation","Region 3",2000,-0.346990149094597,-0.253347008650051,-0.218553521182315,-0.178549976128744,-0.140207331850901,0.0602979421373321,0.154641253098245,25
"Diagnostic model","Diagnostic model","Regional recruitment deviation","Region 4",2000,-1.15771444784731,-1.06040895126462,-1.03997381148201,-1.01354512749206,-0.938094973869351,-0.877585692797102,-0.850495920270906,25
"Diagnostic model","Diagnostic model","Regional recruitment deviation","Region 5",2000,-0.343814419816965,-0.249622641834265,-0.176581966970642,-0.145729052936664,-0.0898773287788305,-0.0499997270373055,0.0134104666201979,25
"Diagnostic model","Diagnostic model","Regional recruitment deviation","Region 1",2001,-1.39331642498586,-1.34153843183354,-1.32139698492872,-1.24073986983491,-1.11836227358607,-1.05260553923647,-0.975995137220281,25
"Diagnostic model","Diagnostic model","Regional recruitment deviation","Region 2",2001,0.495992661256662,0.561938707583426,0.781059272186549,0.927294127460103,1.08692233241518,1.10517200062231,1.1096474570638,25
"Diagnostic model","Diagnostic model","Regional recruitment deviation","Region 3",2001,-1.23323253039114,-1.21760168491383,-1.17088784027027,-1.08939877098797,-1.03033983037905,0.00622540377739191,0.0650419088678737,25
"Diagnostic model","Diagnostic model","Regional recruitment deviation","Region 4",2001,-0.698392640261097,-0.55242909456653,-0.510424596070968,-0.431956957215297,-0.351599248591299,-0.313436025582527,-0.285313357249042,25
"Diagnostic model","Diagnostic model","Regional recruitment deviation","Region 5",2001,-0.116956008422028,-0.0780108378985991,-0.0167674941706015,0.190029250789752,0.258473326854318,0.287500380885307,0.325947967904949,25
"Diagnostic model","Diagnostic model","Regional recruitment deviation","Region 1",2002,-0.605778575108691,-0.597622657573909,-0.589248832437067,-0.551972950566975,-0.490782666116628,-0.441359029804986,-0.386695219184205,25
"Diagnostic model","Diagnostic model","Regional recruitment deviation","Region 2",2002,-0.502347162559786,-0.337340426963593,-0.110675672594707,0.124482190280075,0.260850324713186,0.292676527725432,0.311696363488443,25
"Diagnostic model","Diagnostic model","Regional recruitment deviation","Region 3",2002,-1.77918241389598,-1.62601246871959,-1.6068515372715,-1.53995372773534,-1.49454307920873,-1.0997031553955,-1.06642088374966,25
"Diagnostic model","Diagnostic model","Regional recruitment deviation","Region 4",2002,-0.241394682768999,-0.191740678158074,-0.129161891020988,-0.0243618957720307,0.0151544506337315,0.0334112120778934,0.112672625338265,25
"Diagnostic model","Diagnostic model","Regional recruitment deviation","Region 5",2002,-0.0618981068474311,-0.0451246630050901,0.321492003312111,0.357756213068369,0.507158682964566,0.539871761967568,0.607263126744494,25
"Diagnostic model","Diagnostic model","Regional recruitment deviation","Region 1",2003,-1.59443137820177,-1.57831437359005,-1.53586066796551,-1.48628426631146,-1.45534059508956,-1.43804168486237,-1.3754835879048,25
"Diagnostic model","Diagnostic model","Regional recruitment deviation","Region 2",2003,0.223682969374757,0.29779401363923,0.54917132448014,0.604288983905105,0.636776224600869,0.647357359463304,0.671820821385751,25
"Diagnostic model","Diagnostic model","Regional recruitment deviation","Region 3",2003,-1.27608561329118,-1.26718000215368,-1.22973355605822,-1.16467336493307,-1.0553398033876,-0.266522820335609,-0.220495112073687,25
"Diagnostic model","Diagnostic model","Regional recruitment deviation","Region 4",2003,0.434662109340732,0.690256155464578,0.824583982186705,0.958481624227331,1.04762286353667,1.09451824101049,1.09581506532876,25
"Diagnostic model","Diagnostic model","Regional recruitment deviation","Region 5",2003,-1.87924490656039,-1.76069436893942,-0.874706000386794,-0.590926443256194,-0.384037898578583,-0.322385424330873,-0.302693806422366,25
"Diagnostic model","Diagnostic model","Regional recruitment deviation","Region 1",2004,-0.564767385567443,-0.560474709776041,-0.50915830431443,-0.487105421112357,-0.471584699812916,-0.463606202178498,-0.446197303679295,25
"Diagnostic model","Diagnostic model","Regional recruitment deviation","Region 2",2004,-1.14476960482486,-1.109566907009,-1.04150380299622,-0.983736019788053,-0.8052307927544,-0.670143293434659,-0.117562311658278,25
"Diagnostic model","Diagnostic model","Regional recruitment deviation","Region 3",2004,-1.64579365109305,-1.50537368931791,-1.45356683753859,-1.40466963789014,-1.31732137716496,-0.551847181300136,-0.512832309722735,25
"Diagnostic model","Diagnostic model","Regional recruitment deviation","Region 4",2004,-0.079925593170926,-0.0122259250210412,0.114765199412387,0.139921353635574,0.195299891484022,0.216815240977291,0.241950046576331,25
"Diagnostic model","Diagnostic model","Regional recruitment deviation","Region 5",2004,-0.227443363625033,-0.104153376162952,0.688798275580787,0.883920018625672,1.03386732219385,1.04791536377212,1.13817671580783,25
"Diagnostic model","Diagnostic model","Regional recruitment deviation","Region 1",2005,-2.12637457071675,-1.98856516668805,-1.85224262994591,-1.73698880157204,-1.64920231684199,-1.55464101520275,-1.4951617868894,25
"Diagnostic model","Diagnostic model","Regional recruitment deviation","Region 2",2005,0.552355776473071,0.586806672958271,0.781464292339448,0.880865797690147,0.954879694162203,0.993299432772565,1.02521811935507,25
"Diagnostic model","Diagnostic model","Regional recruitment deviation","Region 3",2005,-1.49865649779117,-1.49490726618327,-1.48673183748148,-1.47558069148543,-1.44673278052018,-0.549280100862795,-0.487377311190735,25
"Diagnostic model","Diagnostic model","Regional recruitment deviation","Region 4",2005,-0.0684120118369193,-0.0334317727769641,-0.025088412843976,-0.00915859571522028,0.00816196564619202,0.695438408060084,0.714282281062518,25
"Diagnostic model","Diagnostic model","Regional recruitment deviation","Region 5",2005,-0.0586675893001806,0.0147928903382286,0.258487626654528,0.429713518618761,0.561675288819816,0.6946296988387,0.984541107321685,25
"Diagnostic model","Diagnostic model","Regional recruitment deviation","Region 1",2006,-1.10700597164702,-1.08386212159563,-1.03319264371316,-1.01034244957786,-0.962258091674377,-0.904912205892766,-0.87348639166205,25
"Diagnostic model","Diagnostic model","Regional recruitment deviation","Region 2",2006,0.396417810521631,0.464789686820625,0.623673538231518,0.764432758596778,0.932726050849166,0.980423800914676,1.08337822211138,25
"Diagnostic model","Diagnostic model","Regional recruitment deviation","Region 3",2006,-1.73378898360316,-1.7280125142902,-1.72270102109418,-1.69345952007678,-1.64508750213096,-0.79327760220185,-0.759833510577425,25
"Diagnostic model","Diagnostic model","Regional recruitment deviation","Region 4",2006,0.0475140436492065,0.103573948728769,0.178108142734954,0.256920897243345,0.296910172096006,0.309470228976488,0.343701512552068,25
"Diagnostic model","Diagnostic model","Regional recruitment deviation","Region 5",2006,-0.579436936762042,-0.562712462899735,0.100155848154372,0.153642700067405,0.21379032847819,0.246963283426462,0.315081563235714,25
"Diagnostic model","Diagnostic model","Regional recruitment deviation","Region 1",2007,-1.13354582315604,-1.10858033088409,-1.08255064195818,-0.869033606075407,-0.830533595508994,-0.770807269948409,-0.708091305369563,25
"Diagnostic model","Diagnostic model","Regional recruitment deviation","Region 2",2007,-0.147482535355638,-0.13755026545006,-0.0973272248814273,0.141993516331828,0.242822561860978,0.342204339823683,0.369365491785012,25
"Diagnostic model","Diagnostic model","Regional recruitment deviation","Region 3",2007,-0.399817633735912,-0.381125670649848,-0.291868863349028,-0.260325074407477,-0.141201411517026,0.0850334241686726,0.110537021079415,25
"Diagnostic model","Diagnostic model","Regional recruitment deviation","Region 4",2007,-2.33343792588281,-2.30505551504764,-2.25917788891359,-2.22987440898735,-2.20690824991345,-2.14876825015173,-2.13153530331775,25
"Diagnostic model","Diagnostic model","Regional recruitment deviation","Region 5",2007,0.0417432196675561,0.0840574132792792,0.197408435380571,0.286331060434767,0.344371431964933,0.445625296452067,0.533029023564339,25
"Diagnostic model","Diagnostic model","Regional recruitment deviation","Region 1",2008,-1.9911139265735,-1.96642328005836,-1.93346514344308,-1.89566500457004,-1.81777853453959,-1.67765825263245,-1.58839809727373,25
"Diagnostic model","Diagnostic model","Regional recruitment deviation","Region 2",2008,0.702472312258422,0.774214472048404,0.832730494926785,0.948693619250283,1.05268984932881,1.09619191574003,1.10957578851614,25
"Diagnostic model","Diagnostic model","Regional recruitment deviation","Region 3",2008,-0.285539762997466,-0.276734810638689,-0.255088504080168,-0.224188818584042,-0.170363618811754,0.33174271526695,0.35312847030728,25
"Diagnostic model","Diagnostic model","Regional recruitment deviation","Region 4",2008,-1.14963376382372,-1.11503065114948,-1.10053407761225,-1.08316931597205,-1.04390674866513,-1.0142761701717,-0.971237181578266,25
"Diagnostic model","Diagnostic model","Regional recruitment deviation","Region 5",2008,-0.94662189167576,-0.914308761964442,0.215507615837947,0.32099495419619,0.360100750344687,0.371343403608166,0.394272924620365,25
"Diagnostic model","Diagnostic model","Regional recruitment deviation","Region 1",2009,-0.640543704509801,-0.631205342485633,-0.59859205832166,-0.499659984267507,-0.446001497552289,-0.409624257866144,-0.377378132734511,25
"Diagnostic model","Diagnostic model","Regional recruitment deviation","Region 2",2009,-0.496354838075576,-0.480474133519115,-0.454106030522364,-0.405661087859687,-0.389946140014117,-0.336871669125625,-0.294559194391151,25
"Diagnostic model","Diagnostic model","Regional recruitment deviation","Region 3",2009,-0.456421210490452,-0.437799702566284,-0.430006880498016,-0.408279132190767,-0.317134732200569,-0.196260584669067,-0.173591761308872,25
"Diagnostic model","Diagnostic model","Regional recruitment deviation","Region 4",2009,0.18323176233692,0.206953837808524,0.322646302739276,0.421491550176312,0.460246717341101,0.490283740443035,0.522593028802285,25
"Diagnostic model","Diagnostic model","Regional recruitment deviation","Region 5",2009,0.0552610762159621,0.110263807886152,0.167485400563059,0.218646332725952,0.279687939330269,0.314423290999651,0.334891536694713,25
"Diagnostic model","Diagnostic model","Regional recruitment deviation","Region 1",2010,-1.0959284728425,-1.07332978894695,-1.04868537757801,-1.00325309917938,-0.974788196757563,-0.932899565867604,-0.920842714134292,25
"Diagnostic model","Diagnostic model","Regional recruitment deviation","Region 2",2010,-0.408983784337842,-0.388008624014311,-0.346025177408998,-0.292234670999858,-0.264344622275296,-0.116040682859022,-0.0762614038035072,25
"Diagnostic model","Diagnostic model","Regional recruitment deviation","Region 3",2010,-0.132038036850085,-0.120164506325002,-0.104611107658071,-0.047353349500167,-0.012701330808347,-0.00124106342513766,0.00997874676894719,25
"Diagnostic model","Diagnostic model","Regional recruitment deviation","Region 4",2010,0.462722294878662,0.480532838683859,0.530026995667487,0.582679738505375,0.646931294633312,0.970340665726042,1.00502976576448,25
"Diagnostic model","Diagnostic model","Regional recruitment deviation","Region 5",2010,-1.11148966424661,-1.09458294269853,-1.06463132201211,-0.972728351397339,-0.884589341602225,-0.842968850580112,-0.781005029971035,25
"Diagnostic model","Diagnostic model","Regional recruitment deviation","Region 1",2011,-1.05875264165341,-1.04928703150641,-1.04012643583778,-1.01882858208623,-0.980022709038041,-0.912653019525952,-0.873256619848993,25
"Diagnostic model","Diagnostic model","Regional recruitment deviation","Region 2",2011,0.011670377399079,0.0768771195109152,0.123399291270991,0.194691280441453,0.266121106224953,0.29084397078304,0.301592777379383,25
"Diagnostic model","Diagnostic model","Regional recruitment deviation","Region 3",2011,-0.285934147291421,-0.246566249457634,-0.230318724746848,-0.169102926531685,-0.13950519124313,0.420564453052827,0.4309990821982,25
"Diagnostic model","Diagnostic model","Regional recruitment deviation","Region 4",2011,-1.99866101101791,-1.97511378312206,-1.93257019119231,-1.90504778274695,-1.83952219067503,-1.76096074669368,-1.75662984256065,25
"Diagnostic model","Diagnostic model","Regional recruitment deviation","Region 5",2011,0.0793310611487284,0.127058149203556,0.288238561481493,0.436608647599867,0.51683421439643,0.565244096525987,0.592799103463037,25
"Diagnostic model","Diagnostic model","Regional recruitment deviation","Region 1",2012,-0.248292349498748,-0.237048073625564,-0.203811055795669,-0.165147021557882,-0.126709385285968,-0.0867543582957738,-0.0230153842085181,25
"Diagnostic model","Diagnostic model","Regional recruitment deviation","Region 2",2012,-0.0784025362170103,-0.044091971025987,0.0563673677303737,0.096511602080735,0.122703884636697,0.137564128654564,0.147194446263243,25
"Diagnostic model","Diagnostic model","Regional recruitment deviation","Region 3",2012,-0.426205347320934,-0.406094938587769,-0.344965276790219,-0.305615987330253,-0.269906423762368,-0.016906492381576,-0.00789058396247669,25
"Diagnostic model","Diagnostic model","Regional recruitment deviation","Region 4",2012,-0.371614897208151,-0.346104809313444,-0.30571581299156,-0.271722662205959,-0.251208971064485,-0.245727403507779,-0.214804353201773,25
"Diagnostic model","Diagnostic model","Regional recruitment deviation","Region 5",2012,-0.11537796036278,0.010296628980348,0.0454905169921249,0.113563501533072,0.1905730708936,0.218696864329555,0.292355021367235,25
"Diagnostic model","Diagnostic model","Regional recruitment deviation","Region 1",2013,-0.954812814876868,-0.937086710544592,-0.911756981459829,-0.892604541368771,-0.872460583748786,-0.858206168594453,-0.831743807258789,25
"Diagnostic model","Diagnostic model","Regional recruitment deviation","Region 2",2013,-0.157984121823488,-0.112842462683373,-0.039293145968349,-0.0115451576628162,0.00538270507799377,0.0790341526236897,0.122258497547612,25
"Diagnostic model","Diagnostic model","Regional recruitment deviation","Region 3",2013,0.11439874059536,0.211065031547501,0.2409079030837,0.272184496550571,0.322868019523738,0.357043070305498,0.388109626858923,25
"Diagnostic model","Diagnostic model","Regional recruitment deviation","Region 4",2013,-0.686508346844642,-0.611804516737389,-0.467693788721518,-0.24925158549837,-0.171396974190365,-0.0313929084349961,0.00469949328287823,25
"Diagnostic model","Diagnostic model","Regional recruitment deviation","Region 5",2013,-1.16272040786565,-1.05347755518008,-0.921949632011858,-0.820874344303452,-0.698525133863137,-0.272967823738697,-0.25554760279274,25
"Diagnostic model","Diagnostic model","Regional recruitment deviation","Region 1",2014,-0.852037362553244,-0.815140650882007,-0.777294073297014,-0.739592183888507,-0.703277866872839,-0.632040811474859,-0.596916694503326,25
"Diagnostic model","Diagnostic model","Regional recruitment deviation","Region 2",2014,0.508802831008408,0.558503120587159,0.6417257581349,0.677576894330755,0.800201270008052,0.821119888200739,0.826760565665051,25
"Diagnostic model","Diagnostic model","Regional recruitment deviation","Region 3",2014,0.143351886039129,0.146657363663466,0.230589591390694,0.253437310675276,0.312385047375916,0.318154342899202,0.350219515678288,25
"Diagnostic model","Diagnostic model","Regional recruitment deviation","Region 4",2014,-0.610283026884252,-0.574026985697856,-0.530987015463975,-0.508877256810378,-0.464659292066769,-0.113151826912977,-0.0915144377538971,25
"Diagnostic model","Diagnostic model","Regional recruitment deviation","Region 5",2014,-1.77253144612634,-1.7357875409771,-1.65845777803145,-1.62662766445903,-1.55377961627626,-1.18563814516669,-1.17433078117677,25
"Diagnostic model","Diagnostic model","Regional recruitment deviation","Region 1",2015,-0.497787307217885,-0.484762038294227,-0.437162805699416,-0.393030996067542,-0.381023445297526,-0.368610271454948,-0.324287825668349,25
"Diagnostic model","Diagnostic model","Regional recruitment deviation","Region 2",2015,0.263479427470436,0.272651425394469,0.304453365837652,0.338531697645366,0.378995430386824,0.393832859004613,0.399384256708965,25
"Diagnostic model","Diagnostic model","Regional recruitment deviation","Region 3",2015,0.203590899643324,0.221392430319811,0.344936942865819,0.364814873889103,0.433508207654644,0.439476669334393,0.457137831776935,25
"Diagnostic model","Diagnostic model","Regional recruitment deviation","Region 4",2015,-1.18027037077276,-1.1462739745857,-1.08195776683482,-1.04962686808608,-0.995796797041018,-0.761241655641256,-0.747261642817281,25
"Diagnostic model","Diagnostic model","Regional recruitment deviation","Region 5",2015,-1.85716834552937,-1.78010950409385,-1.72692335710202,-1.64927232602757,-1.59265213086715,-1.11243581322659,-1.03117892693907,25
"Diagnostic model","Diagnostic model","Regional recruitment deviation","Region 1",2016,-0.02575488009569,-0.0175659545912758,0.0181739949184581,0.0537785540264375,0.0750964291622069,0.107609748104252,0.138722696654471,25
"Diagnostic model","Diagnostic model","Regional recruitment deviation","Region 2",2016,0.501492687376909,0.568432996620798,0.695159768405687,0.783636358138186,0.836272750113676,0.854380445525919,0.85632669829056,25
"Diagnostic model","Diagnostic model","Regional recruitment deviation","Region 3",2016,-0.232946800827651,-0.22960506770377,-0.192208260570979,-0.154594429510242,-0.133372839510468,-0.116391179573118,-0.061699101629403,25
"Diagnostic model","Diagnostic model","Regional recruitment deviation","Region 4",2016,-0.637385035648708,-0.562627887427284,-0.505546215031027,-0.473750371431895,-0.347552167172828,-0.281047383522576,-0.259447759221529,25
"Diagnostic model","Diagnostic model","Regional recruitment deviation","Region 5",2016,-1.57495683724778,-1.42032518780769,-1.30565661410873,-1.18639532472836,-1.16433577027428,-1.13816003707118,-1.08723627214621,25
"Diagnostic model","Diagnostic model","Regional recruitment deviation","Region 1",2017,-0.48356725156864,-0.478711815668504,-0.444293542339977,-0.391216475618756,-0.35407349299001,-0.339887833480873,-0.197799800415129,25
"Diagnostic model","Diagnostic model","Regional recruitment deviation","Region 2",2017,0.0230260590679129,0.0925481589561685,0.126327938233401,0.197162846350052,0.276473186609814,0.293155826430247,0.295626204519758,25
"Diagnostic model","Diagnostic model","Regional recruitment deviation","Region 3",2017,0.122799827442494,0.129954197916747,0.195558482361459,0.21973655407418,0.256170057758899,0.27877321126271,0.289701261265813,25
"Diagnostic model","Diagnostic model","Regional recruitment deviation","Region 4",2017,-0.307446264526693,-0.292905221601158,-0.263011641305883,-0.222347672579471,-0.202072263684053,-0.0368775643282967,-0.0258826469175761,25
"Diagnostic model","Diagnostic model","Regional recruitment deviation","Region 5",2017,-1.09627778618702,-0.967195571010468,-0.801670266826852,-0.757295188083141,-0.708396561432301,-0.601057631463842,-0.50424480997822,25
"Diagnostic model","Diagnostic model","Regional recruitment deviation","Region 1",2018,-0.449457367973539,-0.431111908577838,-0.420211928274584,-0.319980648179376,-0.294963504082873,-0.268333469196024,-0.174466748516405,25
"Diagnostic model","Diagnostic model","Regional recruitment deviation","Region 2",2018,-0.364047581731314,-0.250078297563312,-0.16641220139926,-0.0181867688573845,0.0238228543570803,0.0846613015139951,0.11257836478826,25
"Diagnostic model","Diagnostic model","Regional recruitment deviation","Region 3",2018,-0.00260432717510573,0.00494787788696866,0.132942648495657,0.176496175943451,0.237425024275035,0.270881011605931,0.323390230691616,25
"Diagnostic model","Diagnostic model","Regional recruitment deviation","Region 4",2018,-0.0386177873317359,-0.0222783283256282,-0.0103529002147425,-0.00368693097997098,0.0750729894193742,0.160275649180938,0.191434450167377,25
"Diagnostic model","Diagnostic model","Regional recruitment deviation","Region 5",2018,-1.01391975813727,-0.979564026456501,-0.948461577640916,-0.914506568008934,-0.863502960132129,-0.425563172106438,-0.402146310060891,25
"Diagnostic model","Diagnostic model","Regional recruitment deviation","Region 1",2019,-0.926647820126143,-0.843911355210168,-0.756133046493858,-0.736079520289736,-0.658394993816309,-0.579792223213104,-0.512988505603599,25
"Diagnostic model","Diagnostic model","Regional recruitment deviation","Region 2",2019,-0.846211932916086,-0.735504266053382,-0.713474058120915,-0.649181069558444,-0.606734499960417,-0.371220689399502,-0.345337467354932,25
"Diagnostic model","Diagnostic model","Regional recruitment deviation","Region 3",2019,-0.952633375082076,-0.928508704623379,-0.821031887546905,-0.728096790595446,-0.672935531843049,-0.263473689721376,-0.258824350499763,25
"Diagnostic model","Diagnostic model","Regional recruitment deviation","Region 4",2019,0.183909370175012,0.222714202796644,0.292198663340636,0.378960214014729,0.426010587527208,0.702403602983879,0.721840766702179,25
"Diagnostic model","Diagnostic model","Regional recruitment deviation","Region 5",2019,0.146322608249303,0.162216864593868,0.29128305413105,0.331453586300844,0.437859657531025,0.461045281030639,0.496199147826854,25
"Diagnostic model","Diagnostic model","Regional recruitment deviation","Region 1",2020,-0.770440960047174,-0.745799953335569,-0.73037535518122,-0.659841447712601,-0.603578609997906,-0.5836028177497,-0.409830990302581,25
"Diagnostic model","Diagnostic model","Regional recruitment deviation","Region 2",2020,0.804422918613673,0.858641618767846,1.04860537439862,1.16560359914876,1.29257836916556,1.30040618934614,1.31333944425771,25
"Diagnostic model","Diagnostic model","Regional recruitment deviation","Region 3",2020,-1.32138831286993,-1.29417986379218,-1.22788893139073,-1.14578061414317,-1.06483652611923,-0.232090803005988,-0.183607166488144,25
"Diagnostic model","Diagnostic model","Regional recruitment deviation","Region 4",2020,-0.600393098261404,-0.594216956055545,-0.574615031034615,-0.537640869515954,-0.505747167130863,-0.375778062201314,-0.309091519796096,25
"Diagnostic model","Diagnostic model","Regional recruitment deviation","Region 5",2020,-1.07404328746369,-1.04740195268834,0.208012576112877,0.306209276180501,0.354512905372667,0.395874401183473,0.426841092910772,25
"Diagnostic model","Diagnostic model","Regional recruitment deviation","Region 1",2021,-1.08813730931004,-1.04855551297104,-0.996635412868371,-0.972968020542722,-0.938774403236366,-0.908173382366067,-0.874291849931658,25
"Diagnostic model","Diagnostic model","Regional recruitment deviation","Region 2",2021,0.600187120410917,0.691975604508275,0.77444931177262,0.864703411548234,0.975346950717291,0.986920690646123,0.99235528782569,25
"Diagnostic model","Diagnostic model","Regional recruitment deviation","Region 3",2021,-0.779216903744314,-0.745756575314417,-0.716176259627327,-0.70699711928117,-0.68469089808474,-0.227300971857725,-0.215898030084312,25
"Diagnostic model","Diagnostic model","Regional recruitment deviation","Region 4",2021,-1.02060429686998,-0.982198731952547,-0.92899105486042,-0.888792866640993,-0.844736766866593,-0.797653787401293,-0.749199880042875,25
"Diagnostic model","Diagnostic model","Regional recruitment deviation","Region 5",2021,-0.254254458115357,-0.234181736681212,0.222714484202492,0.293550650444201,0.410297433966282,0.453123485765125,0.568371145502845,25
"Diagnostic model","Diagnostic model","Regional recruitment deviation","Region 1",2022,-1.32160520715569,-1.23061237852209,-1.18567310035316,-1.14759095132556,-1.00800327531772,-0.836176761085256,-0.78704647590807,25
"Diagnostic model","Diagnostic model","Regional recruitment deviation","Region 2",2022,0.773256627610313,0.843781870478521,0.953743450317021,1.00210545424475,1.16755879490516,1.19839886008144,1.20762968638505,25
"Diagnostic model","Diagnostic model","Regional recruitment deviation","Region 3",2022,-0.171949360988186,-0.148472508267162,-0.136431398510583,-0.11734691258818,-0.105501144131175,-0.0733351356591836,-0.0498370484420533,25
"Diagnostic model","Diagnostic model","Regional recruitment deviation","Region 4",2022,-0.280227159710429,-0.239430389012135,-0.222770322193323,-0.185303982419322,-0.17069298703742,-0.0742640352510746,-0.0250534361776946,25
"Diagnostic model","Diagnostic model","Regional recruitment deviation","Region 5",2022,-0.375685931243841,-0.331714719131853,-0.260263310790234,-0.20976884932011,-0.175168085808331,0.0521467441328861,0.0661990650446446,25
"Diagnostic model","Diagnostic model","Regional recruitment deviation","Region 1",2023,-1.30864795001721,-1.28978357633523,-1.27370966648313,-1.24794279315237,-1.2188497282878,-1.20280757614679,-1.17637522146843,25
"Diagnostic model","Diagnostic model","Regional recruitment deviation","Region 2",2023,0.340241767039086,0.419274481111198,0.515410304353413,0.609901992591591,0.808551384914394,0.854171298924007,0.950785914025753,25
"Diagnostic model","Diagnostic model","Regional recruitment deviation","Region 3",2023,-0.401341098430842,-0.366900111991655,-0.33635625837242,-0.31102628862911,-0.276680162231521,-0.237454852109714,-0.195524851712066,25
"Diagnostic model","Diagnostic model","Regional recruitment deviation","Region 4",2023,0.467103559256774,0.482892094253449,0.559092682950753,0.602893116498656,0.634098916465337,0.800546612281203,0.811411852411111,25
"Diagnostic model","Diagnostic model","Regional recruitment deviation","Region 5",2023,-1.18577675438222,-1.13593908218807,-1.07449381789993,-0.993279845735294,-0.75805410659576,-0.636407502646145,-0.573279321470964,25
"Diagnostic model","Diagnostic model","Regional recruitment deviation","Region 1",2024,0.353984599887266,0.417763305995943,0.445942428989411,0.524729127314963,0.607881627626545,0.659665407866667,0.689837645984031,25
"Diagnostic model","Diagnostic model","Regional recruitment deviation","Region 2",2024,-0.0923468606404321,-0.0699730274893228,0.0942545146585425,0.114550116783836,0.169025153164295,0.210253261274575,0.242293345641086,25
"Diagnostic model","Diagnostic model","Regional recruitment deviation","Region 3",2024,-1.39720618834698,-1.32292344902265,-1.29577749493376,-1.27875894444024,-1.25821849931852,-1.20217013201943,-1.1897542879974,25
"Diagnostic model","Diagnostic model","Regional recruitment deviation","Region 4",2024,-0.636115190916025,-0.618370939524073,-0.592242150339676,-0.436061214968401,-0.395816206199767,-0.389054090397983,-0.379311866964402,25
"Diagnostic model","Diagnostic model","Regional recruitment deviation","Region 5",2024,-0.496828986378557,-0.447194194119859,-0.321773385943277,-0.165914231933021,-0.129967971370645,-0.118484696903306,-0.0452213128464713,25
