 Index  Var_name   Estimate L_bound  U_bound gradient
1 diff_coffs(1,1) 0.10000000000000001 0 4 3.9958074000000003e-08
2 diff_coffs(1,2) 0.10000000000000001 0 4 9.9964951999999994e-06
3 diff_coffs(1,3) 0.10000000000000001 0 4 1.2091289e-06
4 diff_coffs(1,4) 0.10000000000000001 0 4 2.1851512e-09
5 diff_coffs(1,5) 0.10000000000000001 0 4 -8.1158398000000007e-06
6 diff_coffs(1,6) 0.10000000000000001 0 4 -3.1343953000000002e-05
7 diff_coffs(1,7) 0.10000000000000001 0 4 -3.4767671e-06
8 diff_coffs(1,8) 0.10000000000000001 0 4 5.3890311000000001e-06
9 diff_coffs(1,9) 0.10000000000000001 0 4 -1.4274902999999999e-05
10 diff_coffs(1,10) 0.10000000000000001 0 4 1.8504514999999999e-06
11 diff_coffs(1,11) 0.10000000000000001 0 4 5.5613050999999999e-06
12 diff_coffs(1,12) 0.10000000000000001 0 4 -7.5992475000000002e-07
13 diff_coffs(1,13) 0.10000000000000001 0 4 -1.2658084e-06
14 diff_coffs(1,14) 0.10000000000000001 0 4 -9.6929650999999994e-06
15 diff_coffs(2,1) 0.10000000000000001 0 4 1.9668490999999999e-05
16 diff_coffs(2,2) 0.10000000000000001 0 4 1.8103016999999999e-08
17 diff_coffs(2,3) 0.10000000000000001 0 4 4.2417189999999999e-06
18 diff_coffs(2,4) 0.10000000000000001 0 4 -2.8647545e-08
19 diff_coffs(2,5) 0.10000000000000001 0 4 -1.3242133e-05
20 diff_coffs(2,6) 0.10000000000000001 0 4 3.8994052999999998e-05
21 diff_coffs(2,7) 0.10000000000000001 0 4 1.8929097e-05
22 diff_coffs(2,8) 0.10000000000000001 0 4 5.9084763000000003e-06
23 diff_coffs(2,9) 0.10000000000000001 0 4 -5.1064529e-06
24 diff_coffs(2,10) 0.10000000000000001 0 4 -6.1559437000000001e-09
25 diff_coffs(2,11) 0.10000000000000001 0 4 -1.9836119000000001e-08
26 diff_coffs(2,12) 0.10000000000000001 0 4 2.2957284999999999e-06
27 diff_coffs(2,13) 0.10000000000000001 0 4 8.3490369000000005e-06
28 diff_coffs(2,14) 0.10000000000000001 0 4 1.4904987e-05
29 diff_coffs(3,1) 0.10000000000000001 0 4 -4.0303201000000002e-07
30 diff_coffs(3,2) 0.10000000000000001 0 4 5.2135939999999999e-08
31 diff_coffs(3,3) 0.10000000000000001 0 4 -1.362595e-08
32 diff_coffs(3,4) 0.10000000000000001 0 4 1.3605516000000001e-07
33 diff_coffs(3,5) 0.10000000000000001 0 4 -2.9971961e-05
34 diff_coffs(3,6) 0.10000000000000001 0 4 4.8146461000000004e-06
35 diff_coffs(3,7) 0.10000000000000001 0 4 4.2549690999999999e-05
36 diff_coffs(3,8) 0.10000000000000001 0 4 2.8281207e-08
37 diff_coffs(3,9) 0.10000000000000001 0 4 -1.2572973e-07
38 diff_coffs(3,10) 0.10000000000000001 0 4 -4.4043929000000001e-07
39 diff_coffs(3,11) 0.10000000000000001 0 4 -2.9032398000000001e-07
40 diff_coffs(3,12) 0.10000000000000001 0 4 8.0986335000000007e-06
41 diff_coffs(3,13) 0.10000000000000001 0 4 -3.0656876000000001e-06
42 diff_coffs(3,14) 0.10000000000000001 0 4 5.9056667999999997e-08
43 diff_coffs(4,1) 0.10000000000000001 0 4 3.9924394999999998e-08
44 diff_coffs(4,2) 0.10000000000000001 0 4 3.6551405000000001e-08
45 diff_coffs(4,3) 0.10000000000000001 0 4 7.5640278999999997e-09
46 diff_coffs(4,4) 0.10000000000000001 0 4 1.3196665999999999e-07
47 diff_coffs(4,5) 0.10000000000000001 0 4 -1.224353e-07
48 diff_coffs(4,6) 0.10000000000000001 0 4 3.2125987999999998e-05
49 diff_coffs(4,7) 0.10000000000000001 0 4 6.9400876000000001e-08
50 diff_coffs(4,8) 0.10000000000000001 0 4 5.5386567999999996e-10
51 diff_coffs(4,9) 0.10000000000000001 0 4 -6.4217919999999999e-06
52 diff_coffs(4,10) 0.10000000000000001 0 4 -4.5002469999999999e-06
53 diff_coffs(4,11) 0.10000000000000001 0 4 7.9923597000000007e-06
54 diff_coffs(4,12) 0.10000000000000001 0 4 -5.4027953999999996e-06
55 diff_coffs(4,13) 0.10000000000000001 0 4 -7.6426425999999998e-06
56 diff_coffs(4,14) 0.10000000000000001 0 4 4.5414036e-07
57 region_rec_diffs(1,1) 0 -3 3 -2.694356e-16
58 region_rec_diffs(1,2) 0 -3 3 -5.4790122999999997e-06
59 region_rec_diffs(1,3) 0 -3 3 4.3770617000000004e-06
60 region_rec_diffs(1,4) 0 -3 3 3.7976416999999999e-06
61 region_rec_diffs(1,5) 0 -3 3 3.7390541999999998e-06
62 region_rec_diffs(1,6) 0 -3 3 -4.9737792999999996e-06
63 region_rec_diffs(1,7) 0 -3 3 1.152029e-07
64 region_rec_diffs(1,8) 0 -3 3 -3.4635865999999998e-06
65 region_rec_diffs(1,9) 0 -3 3 -7.3012869000000002e-06
66 region_rec_diffs(1,10) 0 -3 3 7.9313230999999997e-07
67 region_rec_diffs(1,11) 0 -3 3 3.3417225e-06
68 region_rec_diffs(1,12) 0 -3 3 3.1067995999999999e-06
69 region_rec_diffs(1,13) 0 -3 3 -2.8160986e-06
70 region_rec_diffs(1,14) 0 -3 3 -2.5137053000000002e-07
71 region_rec_diffs(1,15) 0 -3 3 2.1493626999999999e-06
72 region_rec_diffs(1,16) 0 -3 3 1.3617475e-06
73 region_rec_diffs(1,17) 0 -3 3 -6.7465797000000004e-06
74 region_rec_diffs(1,18) 0 -3 3 -1.6952836e-05
75 region_rec_diffs(1,19) 0 -3 3 2.9338143e-06
76 region_rec_diffs(1,20) 0 -3 3 -6.3154449000000004e-07
77 region_rec_diffs(1,21) 0 -3 3 1.7577117999999999e-06
78 region_rec_diffs(1,22) 0 -3 3 9.9320089999999996e-07
79 region_rec_diffs(1,23) 0 -3 3 1.3912738e-06
80 region_rec_diffs(1,24) 0 -3 3 5.4128953999999997e-07
81 region_rec_diffs(1,25) 0 -3 3 -1.6649369e-06
82 region_rec_diffs(1,26) 0 -3 3 1.1936115000000001e-06
83 region_rec_diffs(1,27) 0 -3 3 -4.1409814000000001e-07
84 region_rec_diffs(1,28) 0 -3 3 5.8789140999999996e-06
85 region_rec_diffs(1,29) 0 -3 3 -8.1632631000000007e-06
86 region_rec_diffs(1,30) 0 -3 3 -4.4089185e-06
87 region_rec_diffs(1,31) 0 -3 3 -4.8559383999999999e-06
88 region_rec_diffs(1,32) 0 -3 3 -5.8199419999999999e-06
89 region_rec_diffs(1,33) 0 -3 3 3.8227579000000002e-06
90 region_rec_diffs(1,34) 0 -3 3 -3.5372555999999999e-06
91 region_rec_diffs(1,35) 0 -3 3 5.6580992999999997e-06
92 region_rec_diffs(1,36) 0 -3 3 -5.6356318000000005e-07
93 region_rec_diffs(1,37) 0 -3 3 1.8750027000000001e-06
94 region_rec_diffs(1,38) 0 -3 3 -1.4194518999999999e-06
95 region_rec_diffs(1,39) 0 -3 3 2.6027746000000001e-06
96 region_rec_diffs(1,40) 0 -3 3 -7.3683454999999997e-06
97 region_rec_diffs(1,41) 0 -3 3 4.1903107999999997e-06
98 region_rec_diffs(1,42) 0 -3 3 -5.8671899999999996e-06
99 region_rec_diffs(1,43) 0 -3 3 2.2875566e-06
100 region_rec_diffs(1,44) 0 -3 3 9.4238024999999996e-06
101 region_rec_diffs(1,45) 0 -3 3 5.9868559999999999e-06
102 region_rec_diffs(1,46) 0 -3 3 2.3402772000000002e-06
103 region_rec_diffs(1,47) 0 -3 3 7.1317353000000004e-06
104 region_rec_diffs(1,48) 0 -3 3 -3.1868759999999998e-07
105 region_rec_diffs(1,49) 0 -3 3 -2.0648378e-06
106 region_rec_diffs(1,50) 0 -3 3 4.3573767e-10
107 region_rec_diffs(1,51) 0 -3 3 -2.8026374000000001e-07
108 region_rec_diffs(1,52) 0 -3 3 -2.2178900000000001e-06
109 region_rec_diffs(1,53) 0 -3 3 3.9640204e-06
110 region_rec_diffs(1,54) 0 -3 3 6.3505370999999999e-06
111 region_rec_diffs(1,55) 0 -3 3 -7.1880930999999998e-06
112 region_rec_diffs(1,56) 0 -3 3 -6.9632783000000004e-06
113 region_rec_diffs(1,57) 0 -3 3 3.2857993999999999e-06
114 region_rec_diffs(1,58) 0 -3 3 -6.6396419000000003e-07
115 region_rec_diffs(1,59) 0 -3 3 -9.9209454999999996e-06
116 region_rec_diffs(1,60) 0 -3 3 6.4111231999999998e-06
117 region_rec_diffs(1,61) 0 -3 3 -4.8406541999999998e-07
118 region_rec_diffs(1,62) 0 -3 3 1.0363363e-05
119 region_rec_diffs(1,63) 0 -3 3 9.3258143999999999e-07
120 region_rec_diffs(1,64) 0 -3 3 1.1906054999999999e-06
121 region_rec_diffs(1,65) 0 -3 3 -2.4978167000000001e-05
122 region_rec_diffs(1,66) 0 -3 3 6.8499649999999999e-08
123 region_rec_diffs(1,67) 0 -3 3 -9.1116531999999992e-06
124 region_rec_diffs(1,68) 0 -3 3 1.0590238000000001e-06
125 region_rec_diffs(1,69) 0 -3 3 1.7734283e-06
126 region_rec_diffs(1,70) 0 -3 3 -8.6449015e-06
127 region_rec_diffs(1,71) 0 -3 3 -1.5287748000000001e-05
128 region_rec_diffs(1,72) 0 -3 3 -2.9468767999999998e-06
129 region_rec_diffs(1,73) 0 -3 3 -1.7748865999999999e-05
130 region_rec_diffs(1,74) 0 -3 3 1.2592591000000001e-05
131 region_rec_diffs(1,75) 0 -3 3 3.1443889999999998e-06
132 region_rec_diffs(1,76) 0 -3 3 -2.1544531000000002e-05
133 region_rec_diffs(1,77) 0 -3 3 2.5407871000000001e-06
134 region_rec_diffs(1,78) 0 -3 3 2.4568821999999999e-06
135 region_rec_diffs(1,79) 0 -3 3 4.2365738000000001e-06
136 region_rec_diffs(1,80) 0 -3 3 -4.4067592000000001e-06
137 region_rec_diffs(1,81) 0 -3 3 -1.3448053999999999e-06
138 region_rec_diffs(1,82) 0 -3 3 7.9359484000000004e-07
139 region_rec_diffs(1,83) 0 -3 3 9.3122613000000004e-06
140 region_rec_diffs(1,84) 0 -3 3 1.6738745e-08
141 region_rec_diffs(1,85) 0 -3 3 -1.7376118000000001e-07
142 region_rec_diffs(1,86) 0 -3 3 -1.0486704999999999e-06
143 region_rec_diffs(1,87) 0 -3 3 6.3806382e-06
144 region_rec_diffs(1,88) 0 -3 3 1.4126103e-05
145 region_rec_diffs(1,89) 0 -3 3 -3.3725704999999998e-07
146 region_rec_diffs(1,90) 0 -3 3 -2.1935087000000001e-05
147 region_rec_diffs(1,91) 0 -3 3 9.0062107000000005e-06
148 region_rec_diffs(1,92) 0 -3 3 8.3180160999999993e-06
149 region_rec_diffs(1,93) 0 -3 3 -1.5667855000000001e-06
150 region_rec_diffs(1,94) 0 -3 3 2.8697234e-06
151 region_rec_diffs(1,95) 0 -3 3 -2.6816128000000001e-06
152 region_rec_diffs(1,96) 0 -3 3 -1.4900981999999999e-05
153 region_rec_diffs(1,97) 0 -3 3 -1.1662145e-06
154 region_rec_diffs(1,98) 0 -3 3 -1.198479e-05
155 region_rec_diffs(1,99) 0 -3 3 -1.4105787000000001e-05
156 region_rec_diffs(1,100) 0 -3 3 3.2487682e-06
157 region_rec_diffs(1,101) 0 -3 3 7.2388594e-07
158 region_rec_diffs(1,102) 0 -3 3 5.9937931000000005e-07
159 region_rec_diffs(1,103) 0 -3 3 6.8900258999999996e-06
160 region_rec_diffs(1,104) 0 -3 3 5.2750462000000002e-06
161 region_rec_diffs(1,105) 0 -3 3 -1.8298085999999999e-06
162 region_rec_diffs(1,106) 0 -3 3 -1.4584875000000001e-06
163 region_rec_diffs(1,107) 0 -3 3 -6.8993406000000001e-06
164 region_rec_diffs(1,108) 0 -3 3 1.3622617e-06
165 region_rec_diffs(1,109) 0 -3 3 8.0278260000000008e-06
166 region_rec_diffs(1,110) 0 -3 3 -2.2489023000000001e-06
167 region_rec_diffs(1,111) 0 -3 3 2.3461843999999998e-06
168 region_rec_diffs(1,112) 0 -3 3 7.5542834999999997e-06
169 region_rec_diffs(1,113) 0 -3 3 1.2741202e-05
170 region_rec_diffs(1,114) 0 -3 3 -2.5959662999999999e-06
171 region_rec_diffs(1,115) 0 -3 3 -1.5005869e-06
172 region_rec_diffs(1,116) 0 -3 3 -3.1794680000000002e-06
173 region_rec_diffs(1,117) 0 -3 3 1.1543358e-05
174 region_rec_diffs(1,118) 0 -3 3 6.7008567999999997e-06
175 region_rec_diffs(1,119) 0 -3 3 3.2568006999999999e-06
176 region_rec_diffs(1,120) 0 -3 3 1.0645883000000001e-06
177 region_rec_diffs(1,121) 0 -3 3 6.6716942000000001e-06
178 region_rec_diffs(1,122) 0 -3 3 -1.2010990999999999e-05
179 region_rec_diffs(1,123) 0 -3 3 5.9306120999999999e-06
180 region_rec_diffs(1,124) 0 -3 3 -5.3231364e-07
181 region_rec_diffs(1,125) 0 -3 3 -2.6819344999999999e-06
182 region_rec_diffs(1,126) 0 -3 3 -3.4407409000000001e-06
183 region_rec_diffs(1,127) 0 -3 3 7.7864291999999997e-06
184 region_rec_diffs(1,128) 0 -3 3 6.0718001999999999e-06
185 region_rec_diffs(1,129) 0 -3 3 1.1993465000000001e-05
186 region_rec_diffs(1,130) 0 -3 3 -9.0184791999999996e-07
187 region_rec_diffs(1,131) 0 -3 3 2.4009985e-06
188 region_rec_diffs(1,132) 0 -3 3 -1.5751521000000001e-05
189 region_rec_diffs(1,133) 0 -3 3 1.6359177000000001e-05
190 region_rec_diffs(1,134) 0 -3 3 4.9292671000000001e-06
191 region_rec_diffs(1,135) 0 -3 3 2.0208618000000001e-05
192 region_rec_diffs(1,136) 0 -3 3 5.8355357999999997e-07
193 region_rec_diffs(1,137) 0 -3 3 -1.1407844e-05
194 region_rec_diffs(1,138) 0 -3 3 -6.7420072999999998e-06
195 region_rec_diffs(1,139) 0 -3 3 1.9692525e-06
196 region_rec_diffs(1,140) 0 -3 3 9.0684239000000002e-06
197 region_rec_diffs(1,141) 0 -3 3 -2.9961711000000002e-05
198 region_rec_diffs(1,142) 0 -3 3 -1.3413858000000001e-05
199 region_rec_diffs(1,143) 0 -3 3 -2.9949658000000001e-05
200 region_rec_diffs(1,144) 0 -3 3 1.2072071999999999e-05
201 region_rec_diffs(1,145) 0 -3 3 -5.4250471999999998e-06
202 region_rec_diffs(1,146) 0 -3 3 3.4974558000000001e-06
203 region_rec_diffs(1,147) 0 -3 3 -8.0086169999999997e-06
204 region_rec_diffs(1,148) 0 -3 3 -2.7538775000000001e-06
205 region_rec_diffs(1,149) 0 -3 3 6.1847621999999997e-06
206 region_rec_diffs(1,150) 0 -3 3 8.0358003e-07
207 region_rec_diffs(1,151) 0 -3 3 4.8153403999999999e-07
208 region_rec_diffs(1,152) 0 -3 3 6.4369130999999998e-06
209 region_rec_diffs(1,153) 0 -3 3 3.4702498000000001e-06
210 region_rec_diffs(1,154) 0 -3 3 8.6089149999999992e-06
211 region_rec_diffs(1,155) 0 -3 3 4.8444386e-06
212 region_rec_diffs(1,156) 0 -3 3 6.6047341000000001e-06
213 region_rec_diffs(1,157) 0 -3 3 9.7907879000000001e-06
214 region_rec_diffs(1,158) 0 -3 3 5.9992165000000002e-06
215 region_rec_diffs(1,159) 0 -3 3 5.3548827999999996e-06
216 region_rec_diffs(1,160) 0 -3 3 -2.7447734e-06
217 region_rec_diffs(1,161) 0 -3 3 1.7624308e-06
218 region_rec_diffs(1,162) 0 -3 3 2.8644072999999999e-06
219 region_rec_diffs(1,163) 0 -3 3 -1.2893831999999999e-05
220 region_rec_diffs(1,164) 0 -3 3 1.1129083000000001e-07
221 region_rec_diffs(1,165) 0 -3 3 -2.2036167999999999e-06
222 region_rec_diffs(1,166) 0 -3 3 4.9639427000000003e-06
223 region_rec_diffs(1,167) 0 -3 3 8.7131615999999995e-06
224 region_rec_diffs(1,168) 0 -3 3 -2.8840866000000001e-06
225 region_rec_diffs(1,169) 0 -3 3 -4.1147489999999996e-06
226 region_rec_diffs(1,170) 0 -3 3 -1.0860823000000001e-05
227 region_rec_diffs(1,171) 0 -3 3 9.1559342999999994e-06
228 region_rec_diffs(1,172) 0 -3 3 1.5561663999999999e-06
229 region_rec_diffs(1,173) 0 -3 3 7.3874276000000002e-07
230 region_rec_diffs(1,174) 0 -3 3 -1.1358656e-05
231 region_rec_diffs(1,175) 0 -3 3 5.5085931e-06
232 region_rec_diffs(1,176) 0 -3 3 -1.7494405999999999e-05
233 region_rec_diffs(1,177) 0 -3 3 1.0408626e-05
234 region_rec_diffs(1,178) 0 -3 3 8.5218385000000006e-06
235 region_rec_diffs(1,179) 0 -3 3 -4.5732804e-06
236 region_rec_diffs(1,180) 0 -3 3 1.334935e-06
237 region_rec_diffs(1,181) 0 -3 3 -1.1648252e-05
238 region_rec_diffs(1,182) 0 -3 3 -9.7684373000000006e-06
239 region_rec_diffs(1,183) 0 -3 3 1.9809057999999998e-06
240 region_rec_diffs(1,184) 0 -3 3 -2.5827810000000002e-06
241 region_rec_diffs(1,185) 0 -3 3 -1.8959997999999999e-05
242 region_rec_diffs(1,186) 0 -3 3 1.8548491e-06
243 region_rec_diffs(1,187) 0 -3 3 1.3310740000000001e-05
244 region_rec_diffs(1,188) 0 -3 3 3.2958880000000002e-06
245 region_rec_diffs(1,189) 0 -3 3 3.3450101e-06
246 region_rec_diffs(1,190) 0 -3 3 3.5491647000000001e-06
247 region_rec_diffs(1,191) 0 -3 3 -5.3349545000000003e-06
248 region_rec_diffs(1,192) 0 -3 3 -1.472664e-05
249 region_rec_diffs(1,193) 0 -3 3 2.0799019000000001e-05
250 region_rec_diffs(1,194) 0 -3 3 9.8721702999999995e-06
251 region_rec_diffs(1,195) 0 -3 3 2.8584022e-06
252 region_rec_diffs(1,196) 0 -3 3 -2.6054221000000002e-06
253 region_rec_diffs(1,197) 0 -3 3 -5.0107823000000001e-06
254 region_rec_diffs(1,198) 0 -3 3 -6.3705368999999998e-06
255 region_rec_diffs(1,199) 0 -3 3 -6.1805022999999998e-06
256 region_rec_diffs(1,200) 0 -3 3 -5.0547263000000002e-06
257 region_rec_diffs(1,201) 0 -3 3 5.0980709000000003e-06
258 region_rec_diffs(1,202) 0 -3 3 9.4866062999999995e-06
259 region_rec_diffs(1,203) 0 -3 3 -7.6068264999999997e-06
260 region_rec_diffs(1,204) 0 -3 3 -3.7420521999999999e-07
261 region_rec_diffs(1,205) 0 -3 3 2.8891745e-06
262 region_rec_diffs(1,206) 0 -3 3 -3.7191396000000002e-06
263 region_rec_diffs(1,207) 0 -3 3 1.4870400000000001e-05
264 region_rec_diffs(1,208) 0 -3 3 -3.1392495000000001e-05
265 region_rec_diffs(1,209) 0 -3 3 -3.5145255000000002e-06
266 region_rec_diffs(1,210) 0 -3 3 -1.3103518999999999e-05
267 region_rec_diffs(1,211) 0 -3 3 2.7467665000000001e-06
268 region_rec_diffs(1,212) 0 -3 3 -1.133491e-05
269 region_rec_diffs(1,213) 0 -3 3 -9.929418100000001e-07
270 region_rec_diffs(1,214) 0 -3 3 1.7414058e-06
271 region_rec_diffs(1,215) 0 -3 3 1.1622153e-05
272 region_rec_diffs(1,216) 0 -3 3 2.3430789999999999e-05
273 region_rec_diffs(1,217) 0 -3 3 -1.738867e-05
274 region_rec_diffs(1,218) 0 -3 3 7.0312208999999997e-07
275 region_rec_diffs(1,219) 0 -3 3 -2.7160055999999999e-06
276 region_rec_diffs(1,220) 0 -3 3 -2.6805870000000001e-06
277 region_rec_diffs(1,221) 0 -3 3 -3.3089112000000002e-06
278 region_rec_diffs(1,222) 0 -3 3 -4.5204207000000001e-06
279 region_rec_diffs(1,223) 0 -3 3 1.387734e-06
280 region_rec_diffs(1,224) 0 -3 3 1.2311537e-05
281 region_rec_diffs(1,225) 0 -3 3 6.8111759000000004e-06
282 region_rec_diffs(1,226) 0 -3 3 6.6836565000000004e-07
283 region_rec_diffs(1,227) 0 -3 3 -2.2001834999999999e-05
284 region_rec_diffs(1,228) 0 -3 3 -2.585443e-05
285 region_rec_diffs(1,229) 0 -3 3 -8.1713759000000005e-06
286 region_rec_diffs(1,230) 0 -3 3 9.2569519000000001e-06
287 region_rec_diffs(1,231) 0 -3 3 7.6541584000000002e-06
288 region_rec_diffs(1,232) 0 -3 3 -4.4059232999999998e-06
289 region_rec_diffs(1,233) 0 -3 3 1.1800319e-06
290 region_rec_diffs(1,234) 0 -3 3 2.2144804999999999e-05
291 region_rec_diffs(1,235) 0 -3 3 -1.1524332e-05
292 region_rec_diffs(1,236) 0 -3 3 -7.7303447999999994e-06
293 region_rec_diffs(1,237) 0 -3 3 8.3129275999999998e-06
294 region_rec_diffs(1,238) 0 -3 3 2.1473075000000001e-05
295 region_rec_diffs(1,239) 0 -3 3 1.3646978999999999e-05
296 region_rec_diffs(1,240) 0 -3 3 1.6237133000000001e-05
297 region_rec_diffs(1,241) 0 -3 3 -1.3761941999999999e-05
298 region_rec_diffs(1,242) 0 -3 3 2.4899244000000001e-05
299 region_rec_diffs(1,243) 0 -3 3 -1.7243888999999999e-05
300 region_rec_diffs(1,244) 0 -3 3 8.1351792000000004e-06
301 region_rec_diffs(1,245) 0 -3 3 -6.4181224000000004e-06
302 region_rec_diffs(1,246) 0 -3 3 9.8139531999999992e-06
303 region_rec_diffs(1,247) 0 -3 3 -9.5757367000000002e-06
304 region_rec_diffs(1,248) 0 -3 3 -8.9119188000000006e-06
305 region_rec_diffs(1,249) 0 -3 3 3.8622704000000003e-05
306 region_rec_diffs(1,250) 0 -3 3 -4.1783014999999999e-07
307 region_rec_diffs(1,251) 0 -3 3 -8.9664880000000001e-06
308 region_rec_diffs(1,252) 0 -3 3 3.0210299e-06
309 region_rec_diffs(1,253) 0 -3 3 -6.6021121000000001e-06
310 region_rec_diffs(1,254) 0 -3 3 -9.5526549999999994e-06
311 region_rec_diffs(1,255) 0 -3 3 1.7537219000000001e-05
312 region_rec_diffs(1,256) 0 -3 3 -1.8498251000000001e-05
313 region_rec_diffs(1,257) 0 -3 3 1.1352425999999999e-06
314 region_rec_diffs(1,258) 0 -3 3 -4.6385293999999996e-06
315 region_rec_diffs(1,259) 0 -3 3 4.1836526000000003e-06
316 region_rec_diffs(1,260) 0 -3 3 -5.5560294999999997e-06
317 region_rec_diffs(1,261) 0 -3 3 -6.1879365000000003e-06
318 region_rec_diffs(1,262) 0 -3 3 2.4912251000000001e-05
319 region_rec_diffs(1,263) 0 -3 3 -3.5411002000000002e-05
320 region_rec_diffs(1,264) 0 -3 3 1.6002890000000002e-05
321 region_rec_diffs(1,265) 0 -3 3 -4.5397468000000002e-07
322 region_rec_diffs(1,266) 0 -3 3 2.9176411000000001e-05
323 region_rec_diffs(1,267) 0 -3 3 -1.7704388e-06
324 region_rec_diffs(1,268) 0 -3 3 -6.9816476000000001e-07
325 region_rec_diffs(1,269) 0 -3 3 -1.3997984e-05
326 region_rec_diffs(1,270) 0 -3 3 1.4833518e-05
327 region_rec_diffs(1,271) 0 -3 3 5.1676835000000004e-06
328 region_rec_diffs(1,272) 0 -3 3 1.51133e-06
329 region_rec_diffs(1,273) 0 -3 3 -3.6643158999999999e-06
330 region_rec_diffs(1,274) 0 -3 3 2.8839187000000001e-05
331 region_rec_diffs(1,275) 0 -3 3 1.3699949999999999e-05
332 region_rec_diffs(1,276) 0 -3 3 -1.9319265000000001e-06
333 region_rec_diffs(1,277) 0 -3 3 -2.1561462999999998e-06
334 region_rec_diffs(1,278) 0 -3 3 1.6907270000000001e-05
335 region_rec_diffs(1,279) 0 -3 3 -1.7606446000000001e-05
336 region_rec_diffs(1,280) 0 -3 3 -9.1623532999999995e-07
337 region_rec_diffs(1,281) 0 -3 3 -9.4027798999999995e-06
338 region_rec_diffs(1,282) 0 -3 3 8.4283670000000002e-06
339 region_rec_diffs(1,283) 0 -3 3 -6.5758150999999999e-06
340 region_rec_diffs(1,284) 0 -3 3 -9.9712193000000009e-07
341 region_rec_diffs(1,285) 0 -3 3 2.6730383000000001e-06
342 region_rec_diffs(1,286) 0 -3 3 8.9446894000000006e-06
343 region_rec_diffs(1,287) 0 -3 3 1.3601637e-05
344 region_rec_diffs(1,288) 0 -3 3 -2.8018239e-07
345 region_rec_diffs(1,289) 0 -3 3 -3.0163067999999999e-06
346 region_rec_diffs(1,290) 0 -3 3 2.8174156000000002e-06
347 region_rec_diffs(1,291) 0 -3 3 -6.5895656000000003e-07
348 region_rec_diffs(2,1) 0 -3 3 -9.7489364999999998e-17
349 region_rec_diffs(2,2) 0 -3 3 2.8546546000000002e-07
350 region_rec_diffs(2,3) 0 -3 3 3.3547332999999999e-06
351 region_rec_diffs(2,4) 0 -3 3 -2.0591379e-05
352 region_rec_diffs(2,5) 0 -3 3 1.0298872000000001e-05
353 region_rec_diffs(2,6) 0 -3 3 2.7913388999999999e-05
354 region_rec_diffs(2,7) 0 -3 3 -1.5837244999999999e-06
355 region_rec_diffs(2,8) 0 -3 3 -1.1497641e-06
356 region_rec_diffs(2,9) 0 -3 3 -1.9614448999999998e-06
357 region_rec_diffs(2,10) 0 -3 3 1.0950459000000001e-05
358 region_rec_diffs(2,11) 0 -3 3 -3.7400039999999999e-06
359 region_rec_diffs(2,12) 0 -3 3 -8.5463219000000003e-07
360 region_rec_diffs(2,13) 0 -3 3 5.7915308000000005e-07
361 region_rec_diffs(2,14) 0 -3 3 1.1119718000000001e-05
362 region_rec_diffs(2,15) 0 -3 3 -8.3357235000000002e-07
363 region_rec_diffs(2,16) 0 -3 3 -6.2358117000000004e-07
364 region_rec_diffs(2,17) 0 -3 3 1.240761e-07
365 region_rec_diffs(2,18) 0 -3 3 -4.8516721999999996e-06
366 region_rec_diffs(2,19) 0 -3 3 6.7044858999999994e-08
367 region_rec_diffs(2,20) 0 -3 3 -1.6139841999999999e-07
368 region_rec_diffs(2,21) 0 -3 3 -4.9812211999999997e-06
369 region_rec_diffs(2,22) 0 -3 3 -1.1645122e-06
370 region_rec_diffs(2,23) 0 -3 3 -3.9694664999999999e-06
371 region_rec_diffs(2,24) 0 -3 3 -1.5621262e-06
372 region_rec_diffs(2,25) 0 -3 3 -2.0667507000000002e-06
373 region_rec_diffs(2,26) 0 -3 3 1.9319978999999999e-06
374 region_rec_diffs(2,27) 0 -3 3 -7.6511790999999997e-06
375 region_rec_diffs(2,28) 0 -3 3 7.8479437e-07
376 region_rec_diffs(2,29) 0 -3 3 -1.2966754e-05
377 region_rec_diffs(2,30) 0 -3 3 -2.3159613000000002e-06
378 region_rec_diffs(2,31) 0 -3 3 -3.7685604000000001e-06
379 region_rec_diffs(2,32) 0 -3 3 -1.8520656999999999e-06
380 region_rec_diffs(2,33) 0 -3 3 1.1996807999999999e-06
381 region_rec_diffs(2,34) 0 -3 3 -2.7032510000000001e-06
382 region_rec_diffs(2,35) 0 -3 3 -5.6944050999999999e-07
383 region_rec_diffs(2,36) 0 -3 3 -1.0917492e-05
384 region_rec_diffs(2,37) 0 -3 3 2.4343003999999999e-06
385 region_rec_diffs(2,38) 0 -3 3 2.4776492999999999e-06
386 region_rec_diffs(2,39) 0 -3 3 -1.9015891999999999e-06
387 region_rec_diffs(2,40) 0 -3 3 -1.6480922999999999e-07
388 region_rec_diffs(2,41) 0 -3 3 1.2685353e-05
389 region_rec_diffs(2,42) 0 -3 3 -4.3204084000000003e-07
390 region_rec_diffs(2,43) 0 -3 3 1.7248512999999999e-06
391 region_rec_diffs(2,44) 0 -3 3 9.6620018000000006e-06
392 region_rec_diffs(2,45) 0 -3 3 -2.3235747000000002e-06
393 region_rec_diffs(2,46) 0 -3 3 3.0747482e-07
394 region_rec_diffs(2,47) 0 -3 3 -2.3349833000000001e-06
395 region_rec_diffs(2,48) 0 -3 3 -1.1477666e-06
396 region_rec_diffs(2,49) 0 -3 3 -4.3984642999999998e-07
397 region_rec_diffs(2,50) 0 -3 3 -4.2829978e-06
398 region_rec_diffs(2,51) 0 -3 3 1.7831130000000001e-06
399 region_rec_diffs(2,52) 0 -3 3 1.2788264e-06
400 region_rec_diffs(2,53) 0 -3 3 7.0991554999999997e-06
401 region_rec_diffs(2,54) 0 -3 3 -4.1262760999999999e-06
402 region_rec_diffs(2,55) 0 -3 3 2.4641383000000002e-07
403 region_rec_diffs(2,56) 0 -3 3 -7.9175573000000008e-06
404 region_rec_diffs(2,57) 0 -3 3 3.8716517000000003e-06
405 region_rec_diffs(2,58) 0 -3 3 5.3214700000000002e-06
406 region_rec_diffs(2,59) 0 -3 3 3.4164131000000001e-06
407 region_rec_diffs(2,60) 0 -3 3 -3.0760025e-06
408 region_rec_diffs(2,61) 0 -3 3 -4.3045809e-06
409 region_rec_diffs(2,62) 0 -3 3 2.8447031999999998e-06
410 region_rec_diffs(2,63) 0 -3 3 6.4806327999999998e-07
411 region_rec_diffs(2,64) 0 -3 3 -2.6269877999999998e-06
412 region_rec_diffs(2,65) 0 -3 3 -6.1829212000000004e-06
413 region_rec_diffs(2,66) 0 -3 3 9.8372632999999996e-08
414 region_rec_diffs(2,67) 0 -3 3 -4.6590876999999998e-06
415 region_rec_diffs(2,68) 0 -3 3 -3.4205963e-06
416 region_rec_diffs(2,69) 0 -3 3 -9.6699601999999994e-06
417 region_rec_diffs(2,70) 0 -3 3 -2.5710985999999998e-06
418 region_rec_diffs(2,71) 0 -3 3 -5.3316309999999997e-06
419 region_rec_diffs(2,72) 0 -3 3 -1.4243993000000001e-07
420 region_rec_diffs(2,73) 0 -3 3 -9.7290299e-06
421 region_rec_diffs(2,74) 0 -3 3 5.0546273000000002e-06
422 region_rec_diffs(2,75) 0 -3 3 1.7183628000000001e-06
423 region_rec_diffs(2,76) 0 -3 3 -4.5302693000000003e-05
424 region_rec_diffs(2,77) 0 -3 3 2.0486927000000002e-06
425 region_rec_diffs(2,78) 0 -3 3 -4.3546955000000002e-06
426 region_rec_diffs(2,79) 0 -3 3 1.2659276999999999e-06
427 region_rec_diffs(2,80) 0 -3 3 -2.7122069000000001e-06
428 region_rec_diffs(2,81) 0 -3 3 2.6339367e-06
429 region_rec_diffs(2,82) 0 -3 3 -2.4433299999999999e-06
430 region_rec_diffs(2,83) 0 -3 3 1.2416631000000001e-06
431 region_rec_diffs(2,84) 0 -3 3 -6.4784584999999995e-07
432 region_rec_diffs(2,85) 0 -3 3 5.5226280000000002e-06
433 region_rec_diffs(2,86) 0 -3 3 1.5003904e-06
434 region_rec_diffs(2,87) 0 -3 3 -7.5875879999999999e-07
435 region_rec_diffs(2,88) 0 -3 3 4.8360672999999997e-06
436 region_rec_diffs(2,89) 0 -3 3 -1.0596955999999999e-06
437 region_rec_diffs(2,90) 0 -3 3 -8.7766251e-06
438 region_rec_diffs(2,91) 0 -3 3 -2.4438379000000001e-06
439 region_rec_diffs(2,92) 0 -3 3 -6.1481574000000003e-06
440 region_rec_diffs(2,93) 0 -3 3 -2.9998482999999999e-06
441 region_rec_diffs(2,94) 0 -3 3 -6.3084635e-06
442 region_rec_diffs(2,95) 0 -3 3 -4.0994492999999998e-06
443 region_rec_diffs(2,96) 0 -3 3 -3.2341816000000001e-06
444 region_rec_diffs(2,97) 0 -3 3 -1.669359e-06
445 region_rec_diffs(2,98) 0 -3 3 -2.3087787000000001e-06
446 region_rec_diffs(2,99) 0 -3 3 -9.6420025000000008e-07
447 region_rec_diffs(2,100) 0 -3 3 -9.0326762e-06
448 region_rec_diffs(2,101) 0 -3 3 1.7866448000000001e-06
449 region_rec_diffs(2,102) 0 -3 3 -2.0216238000000002e-06
450 region_rec_diffs(2,103) 0 -3 3 -1.0722820999999999e-05
451 region_rec_diffs(2,104) 0 -3 3 -1.8585316e-05
452 region_rec_diffs(2,105) 0 -3 3 -3.2491450000000001e-06
453 region_rec_diffs(2,106) 0 -3 3 -2.3499725999999999e-07
454 region_rec_diffs(2,107) 0 -3 3 -8.69243e-07
455 region_rec_diffs(2,108) 0 -3 3 7.9631913000000005e-06
456 region_rec_diffs(2,109) 0 -3 3 -1.8954673999999999e-05
457 region_rec_diffs(2,110) 0 -3 3 -8.2674661000000003e-06
458 region_rec_diffs(2,111) 0 -3 3 2.7485287e-06
459 region_rec_diffs(2,112) 0 -3 3 6.4416012000000004e-06
460 region_rec_diffs(2,113) 0 -3 3 5.3506162000000001e-08
461 region_rec_diffs(2,114) 0 -3 3 -3.9930254000000004e-06
462 region_rec_diffs(2,115) 0 -3 3 -2.4972826000000002e-06
463 region_rec_diffs(2,116) 0 -3 3 -6.2775644000000001e-07
464 region_rec_diffs(2,117) 0 -3 3 7.2063670999999998e-06
465 region_rec_diffs(2,118) 0 -3 3 3.6625335000000001e-06
466 region_rec_diffs(2,119) 0 -3 3 1.4471366000000001e-06
467 region_rec_diffs(2,120) 0 -3 3 -2.4984725000000001e-06
468 region_rec_diffs(2,121) 0 -3 3 2.1542140000000002e-09
469 region_rec_diffs(2,122) 0 -3 3 -2.3262938000000001e-08
470 region_rec_diffs(2,123) 0 -3 3 7.7927451000000005e-06
471 region_rec_diffs(2,124) 0 -3 3 -4.7571022000000001e-06
472 region_rec_diffs(2,125) 0 -3 3 -3.2222232000000001e-06
473 region_rec_diffs(2,126) 0 -3 3 1.0073529e-05
474 region_rec_diffs(2,127) 0 -3 3 -3.3698082999999999e-06
475 region_rec_diffs(2,128) 0 -3 3 -1.5388635999999999e-05
476 region_rec_diffs(2,129) 0 -3 3 -2.1092582000000001e-08
477 region_rec_diffs(2,130) 0 -3 3 3.8877740999999999e-06
478 region_rec_diffs(2,131) 0 -3 3 1.5591173e-05
479 region_rec_diffs(2,132) 0 -3 3 -1.0319302e-09
480 region_rec_diffs(2,133) 0 -3 3 -2.6739971000000001e-08
481 region_rec_diffs(2,134) 0 -3 3 -8.4524103999999994e-06
482 region_rec_diffs(2,135) 0 -3 3 1.4306208000000001e-05
483 region_rec_diffs(2,136) 0 -3 3 7.1050084999999997e-06
484 region_rec_diffs(2,137) 0 -3 3 -1.740434e-06
485 region_rec_diffs(2,138) 0 -3 3 -8.0005949000000007e-06
486 region_rec_diffs(2,139) 0 -3 3 3.8037277e-07
487 region_rec_diffs(2,140) 0 -3 3 -1.0861649e-05
488 region_rec_diffs(2,141) 0 -3 3 1.3913597e-05
489 region_rec_diffs(2,142) 0 -3 3 -9.9251167999999994e-08
490 region_rec_diffs(2,143) 0 -3 3 -4.9316183000000002e-06
491 region_rec_diffs(2,144) 0 -3 3 -8.3845316000000002e-06
492 region_rec_diffs(2,145) 0 -3 3 -5.5844035999999998e-06
493 region_rec_diffs(2,146) 0 -3 3 1.7497309e-06
494 region_rec_diffs(2,147) 0 -3 3 -1.2923632e-05
495 region_rec_diffs(2,148) 0 -3 3 1.0906045e-05
496 region_rec_diffs(2,149) 0 -3 3 4.2581188000000004e-06
497 region_rec_diffs(2,150) 0 -3 3 4.7726207000000002e-07
498 region_rec_diffs(2,151) 0 -3 3 5.1969973999999998e-07
499 region_rec_diffs(2,152) 0 -3 3 -1.8025807e-06
500 region_rec_diffs(2,153) 0 -3 3 -1.0166591000000001e-05
501 region_rec_diffs(2,154) 0 -3 3 -6.6387399e-07
502 region_rec_diffs(2,155) 0 -3 3 1.2167367000000001e-06
503 region_rec_diffs(2,156) 0 -3 3 1.0568127e-05
504 region_rec_diffs(2,157) 0 -3 3 -2.5644738999999999e-06
505 region_rec_diffs(2,158) 0 -3 3 9.2749241000000005e-06
506 region_rec_diffs(2,159) 0 -3 3 -8.6419384999999997e-06
507 region_rec_diffs(2,160) 0 -3 3 -1.1759021e-05
508 region_rec_diffs(2,161) 0 -3 3 -4.1106278000000001e-06
509 region_rec_diffs(2,162) 0 -3 3 -6.2365205999999997e-06
510 region_rec_diffs(2,163) 0 -3 3 2.1318123000000001e-05
511 region_rec_diffs(2,164) 0 -3 3 -1.121023e-05
512 region_rec_diffs(2,165) 0 -3 3 -2.1402261000000001e-06
513 region_rec_diffs(2,166) 0 -3 3 -1.8225567e-05
514 region_rec_diffs(2,167) 0 -3 3 1.0976961999999999e-05
515 region_rec_diffs(2,168) 0 -3 3 1.9110472000000001e-06
516 region_rec_diffs(2,169) 0 -3 3 -1.7300673000000001e-05
517 region_rec_diffs(2,170) 0 -3 3 2.0471646000000001e-05
518 region_rec_diffs(2,171) 0 -3 3 -2.1274356e-05
519 region_rec_diffs(2,172) 0 -3 3 -1.0115824e-05
520 region_rec_diffs(2,173) 0 -3 3 -1.2425031e-06
521 region_rec_diffs(2,174) 0 -3 3 1.0383597e-05
522 region_rec_diffs(2,175) 0 -3 3 1.7126138999999999e-05
523 region_rec_diffs(2,176) 0 -3 3 -6.4610024999999998e-06
524 region_rec_diffs(2,177) 0 -3 3 -1.9473632000000001e-06
525 region_rec_diffs(2,178) 0 -3 3 -2.1215835e-05
526 region_rec_diffs(2,179) 0 -3 3 -1.6225461999999998e-05
527 region_rec_diffs(2,180) 0 -3 3 1.1594423e-05
528 region_rec_diffs(2,181) 0 -3 3 -6.1882330999999997e-06
529 region_rec_diffs(2,182) 0 -3 3 8.4158957999999993e-06
530 region_rec_diffs(2,183) 0 -3 3 -2.8749116999999999e-05
531 region_rec_diffs(2,184) 0 -3 3 1.7135544999999999e-05
532 region_rec_diffs(2,185) 0 -3 3 -3.1216509999999998e-06
533 region_rec_diffs(2,186) 0 -3 3 -1.8151473999999999e-05
534 region_rec_diffs(2,187) 0 -3 3 -6.7708389999999996e-06
535 region_rec_diffs(2,188) 0 -3 3 2.9600833999999999e-05
536 region_rec_diffs(2,189) 0 -3 3 7.1156706000000004e-06
537 region_rec_diffs(2,190) 0 -3 3 2.5659116e-06
538 region_rec_diffs(2,191) 0 -3 3 4.4499230999999999e-06
539 region_rec_diffs(2,192) 0 -3 3 9.1017845000000008e-06
540 region_rec_diffs(2,193) 0 -3 3 -1.1880629999999999e-06
541 region_rec_diffs(2,194) 0 -3 3 -2.7463346000000001e-05
542 region_rec_diffs(2,195) 0 -3 3 1.8920349e-06
543 region_rec_diffs(2,196) 0 -3 3 -1.9908061e-05
544 region_rec_diffs(2,197) 0 -3 3 -1.1949924e-06
545 region_rec_diffs(2,198) 0 -3 3 4.2015246999999997e-06
546 region_rec_diffs(2,199) 0 -3 3 1.5491131999999999e-05
547 region_rec_diffs(2,200) 0 -3 3 1.1251301e-05
548 region_rec_diffs(2,201) 0 -3 3 3.3144676e-06
549 region_rec_diffs(2,202) 0 -3 3 1.7318154e-06
550 region_rec_diffs(2,203) 0 -3 3 5.9079342000000002e-06
551 region_rec_diffs(2,204) 0 -3 3 1.2233434e-05
552 region_rec_diffs(2,205) 0 -3 3 -3.3475257000000002e-06
553 region_rec_diffs(2,206) 0 -3 3 -1.7299867999999999e-05
554 region_rec_diffs(2,207) 0 -3 3 8.8105026999999998e-06
555 region_rec_diffs(2,208) 0 -3 3 -3.2286229999999999e-06
556 region_rec_diffs(2,209) 0 -3 3 -4.1568581999999999e-06
557 region_rec_diffs(2,210) 0 -3 3 -5.1247843999999998e-06
558 region_rec_diffs(2,211) 0 -3 3 6.2201094999999995e-07
559 region_rec_diffs(2,212) 0 -3 3 1.8836888999999999e-05
560 region_rec_diffs(2,213) 0 -3 3 -5.9239494999999997e-06
561 region_rec_diffs(2,214) 0 -3 3 -7.9410377999999998e-06
562 region_rec_diffs(2,215) 0 -3 3 3.8305980999999997e-06
563 region_rec_diffs(2,216) 0 -3 3 1.5169108e-06
564 region_rec_diffs(2,217) 0 -3 3 1.6766655e-05
565 region_rec_diffs(2,218) 0 -3 3 1.8593394000000001e-05
566 region_rec_diffs(2,219) 0 -3 3 6.4760753999999998e-07
567 region_rec_diffs(2,220) 0 -3 3 7.2544991000000003e-06
568 region_rec_diffs(2,221) 0 -3 3 -1.7295544000000001e-05
569 region_rec_diffs(2,222) 0 -3 3 -4.4890951000000004e-06
570 region_rec_diffs(2,223) 0 -3 3 -2.2872551999999998e-06
571 region_rec_diffs(2,224) 0 -3 3 1.2133444999999999e-05
572 region_rec_diffs(2,225) 0 -3 3 -2.9474147999999998e-06
573 region_rec_diffs(2,226) 0 -3 3 3.5593989e-06
574 region_rec_diffs(2,227) 0 -3 3 1.3002657000000001e-05
575 region_rec_diffs(2,228) 0 -3 3 6.0807448999999999e-06
576 region_rec_diffs(2,229) 0 -3 3 -1.443667e-05
577 region_rec_diffs(2,230) 0 -3 3 -1.7905247000000001e-06
578 region_rec_diffs(2,231) 0 -3 3 -6.6972973000000002e-06
579 region_rec_diffs(2,232) 0 -3 3 2.0324648e-05
580 region_rec_diffs(2,233) 0 -3 3 1.2912531e-05
581 region_rec_diffs(2,234) 0 -3 3 -1.5579569000000001e-05
582 region_rec_diffs(2,235) 0 -3 3 6.9961126999999997e-06
583 region_rec_diffs(2,236) 0 -3 3 1.1586296e-05
584 region_rec_diffs(2,237) 0 -3 3 -2.5148490000000001e-05
585 region_rec_diffs(2,238) 0 -3 3 -6.0201272999999997e-06
586 region_rec_diffs(2,239) 0 -3 3 7.7570877999999996e-06
587 region_rec_diffs(2,240) 0 -3 3 -1.4795018000000001e-05
588 region_rec_diffs(2,241) 0 -3 3 2.1472257999999999e-05
589 region_rec_diffs(2,242) 0 -3 3 3.1364381000000002e-05
590 region_rec_diffs(2,243) 0 -3 3 -2.1081999999999999e-05
591 region_rec_diffs(2,244) 0 -3 3 1.1848161e-06
592 region_rec_diffs(2,245) 0 -3 3 -4.1012523000000002e-06
593 region_rec_diffs(2,246) 0 -3 3 4.9399153999999999e-06
594 region_rec_diffs(2,247) 0 -3 3 1.9437201e-05
595 region_rec_diffs(2,248) 0 -3 3 1.0044411e-05
596 region_rec_diffs(2,249) 0 -3 3 -1.3354102e-05
597 region_rec_diffs(2,250) 0 -3 3 -1.3480061e-05
598 region_rec_diffs(2,251) 0 -3 3 -1.6803806999999999e-05
599 region_rec_diffs(2,252) 0 -3 3 2.0255472999999999e-05
600 region_rec_diffs(2,253) 0 -3 3 2.0460378999999998e-06
601 region_rec_diffs(2,254) 0 -3 3 -1.8687738e-06
602 region_rec_diffs(2,255) 0 -3 3 1.0223631e-05
603 region_rec_diffs(2,256) 0 -3 3 1.306624e-05
604 region_rec_diffs(2,257) 0 -3 3 -4.2550636000000002e-06
605 region_rec_diffs(2,258) 0 -3 3 7.5911605999999996e-06
606 region_rec_diffs(2,259) 0 -3 3 1.1400718e-07
607 region_rec_diffs(2,260) 0 -3 3 3.3328796000000001e-05
608 region_rec_diffs(2,261) 0 -3 3 3.5394970999999998e-06
609 region_rec_diffs(2,262) 0 -3 3 9.8276644000000004e-06
610 region_rec_diffs(2,263) 0 -3 3 1.5892684000000001e-05
611 region_rec_diffs(2,264) 0 -3 3 -6.3246441999999998e-07
612 region_rec_diffs(2,265) 0 -3 3 -1.4984258999999999e-05
613 region_rec_diffs(2,266) 0 -3 3 -1.2563764e-05
614 region_rec_diffs(2,267) 0 -3 3 -5.4401889e-06
615 region_rec_diffs(2,268) 0 -3 3 8.2161973999999992e-06
616 region_rec_diffs(2,269) 0 -3 3 3.6015136000000002e-07
617 region_rec_diffs(2,270) 0 -3 3 -1.4504854999999999e-05
618 region_rec_diffs(2,271) 0 -3 3 2.1210934e-05
619 region_rec_diffs(2,272) 0 -3 3 5.4655416999999997e-06
620 region_rec_diffs(2,273) 0 -3 3 -1.0896669e-05
621 region_rec_diffs(2,274) 0 -3 3 1.4949162999999999e-06
622 region_rec_diffs(2,275) 0 -3 3 -6.6898453000000003e-06
623 region_rec_diffs(2,276) 0 -3 3 1.1782084e-05
624 region_rec_diffs(2,277) 0 -3 3 4.4347630999999999e-06
625 region_rec_diffs(2,278) 0 -3 3 -4.5478114999999997e-06
626 region_rec_diffs(2,279) 0 -3 3 3.6449518999999998e-06
627 region_rec_diffs(2,280) 0 -3 3 -1.0089046e-05
628 region_rec_diffs(2,281) 0 -3 3 1.3643529e-05
629 region_rec_diffs(2,282) 0 -3 3 8.8131310000000002e-06
630 region_rec_diffs(2,283) 0 -3 3 -5.7828910999999996e-06
631 region_rec_diffs(2,284) 0 -3 3 5.6050937000000004e-06
632 region_rec_diffs(2,285) 0 -3 3 -5.3974186999999998e-06
633 region_rec_diffs(2,286) 0 -3 3 1.1398088000000001e-05
634 region_rec_diffs(2,287) 0 -3 3 1.0650382e-05
635 region_rec_diffs(2,288) 0 -3 3 -8.9253530000000007e-06
636 region_rec_diffs(2,289) 0 -3 3 4.4185129999999999e-06
637 region_rec_diffs(2,290) 0 -3 3 -1.0979968000000001e-05
638 region_rec_diffs(2,291) 0 -3 3 6.2894507999999999e-06
639 region_rec_diffs(3,1) 0 -3 3 -4.2680908999999999e-16
640 region_rec_diffs(3,2) 0 -3 3 6.8783608999999995e-07
641 region_rec_diffs(3,3) 0 -3 3 2.7455565000000002e-06
642 region_rec_diffs(3,4) 0 -3 3 -7.6609545000000005e-06
643 region_rec_diffs(3,5) 0 -3 3 1.2958417e-06
644 region_rec_diffs(3,6) 0 -3 3 2.8122230999999999e-06
645 region_rec_diffs(3,7) 0 -3 3 3.9535216999999999e-06
646 region_rec_diffs(3,8) 0 -3 3 -7.3626012999999997e-06
647 region_rec_diffs(3,9) 0 -3 3 1.6785659000000001e-06
648 region_rec_diffs(3,10) 0 -3 3 3.3481562999999999e-06
649 region_rec_diffs(3,11) 0 -3 3 5.0779406e-06
650 region_rec_diffs(3,12) 0 -3 3 -1.4891774e-06
651 region_rec_diffs(3,13) 0 -3 3 -9.7101575999999993e-06
652 region_rec_diffs(3,14) 0 -3 3 -1.4374577999999999e-05
653 region_rec_diffs(3,15) 0 -3 3 -1.9993352999999998e-06
654 region_rec_diffs(3,16) 0 -3 3 -1.2431910000000001e-07
655 region_rec_diffs(3,17) 0 -3 3 6.7587880000000001e-06
656 region_rec_diffs(3,18) 0 -3 3 4.1252514e-06
657 region_rec_diffs(3,19) 0 -3 3 2.3022405000000001e-06
658 region_rec_diffs(3,20) 0 -3 3 -4.3000112000000003e-06
659 region_rec_diffs(3,21) 0 -3 3 -1.1999967999999999e-05
660 region_rec_diffs(3,22) 0 -3 3 2.8925316999999998e-07
661 region_rec_diffs(3,23) 0 -3 3 -2.0914541000000002e-06
662 region_rec_diffs(3,24) 0 -3 3 -3.8982269999999999e-06
663 region_rec_diffs(3,25) 0 -3 3 2.5215937000000001e-06
664 region_rec_diffs(3,26) 0 -3 3 5.0814745999999997e-06
665 region_rec_diffs(3,27) 0 -3 3 -1.787682e-06
666 region_rec_diffs(3,28) 0 -3 3 3.9442493999999999e-06
667 region_rec_diffs(3,29) 0 -3 3 -1.1040642000000001e-06
668 region_rec_diffs(3,30) 0 -3 3 7.8859340000000005e-07
669 region_rec_diffs(3,31) 0 -3 3 -1.0712502999999999e-05
670 region_rec_diffs(3,32) 0 -3 3 -5.6950780999999997e-06
671 region_rec_diffs(3,33) 0 -3 3 1.4718271e-05
672 region_rec_diffs(3,34) 0 -3 3 4.8900567e-06
673 region_rec_diffs(3,35) 0 -3 3 1.6911756999999999e-06
674 region_rec_diffs(3,36) 0 -3 3 -1.120969e-05
675 region_rec_diffs(3,37) 0 -3 3 6.7212689999999997e-06
676 region_rec_diffs(3,38) 0 -3 3 -6.1327212e-07
677 region_rec_diffs(3,39) 0 -3 3 1.9147727999999999e-06
678 region_rec_diffs(3,40) 0 -3 3 2.4475679000000001e-06
679 region_rec_diffs(3,41) 0 -3 3 -8.6610591e-07
680 region_rec_diffs(3,42) 0 -3 3 1.5794169000000001e-05
681 region_rec_diffs(3,43) 0 -3 3 -5.2157205000000001e-06
682 region_rec_diffs(3,44) 0 -3 3 6.0057209999999999e-06
683 region_rec_diffs(3,45) 0 -3 3 -5.8066357999999999e-06
684 region_rec_diffs(3,46) 0 -3 3 -1.0023841000000001e-06
685 region_rec_diffs(3,47) 0 -3 3 -1.5767332000000002e-05
686 region_rec_diffs(3,48) 0 -3 3 4.5901797000000003e-09
687 region_rec_diffs(3,49) 0 -3 3 -2.6115842e-06
688 region_rec_diffs(3,50) 0 -3 3 2.7139903000000002e-06
689 region_rec_diffs(3,51) 0 -3 3 -1.9888287e-07
690 region_rec_diffs(3,52) 0 -3 3 3.7715884999999998e-06
691 region_rec_diffs(3,53) 0 -3 3 8.5934966000000001e-07
692 region_rec_diffs(3,54) 0 -3 3 1.2580829000000001e-06
693 region_rec_diffs(3,55) 0 -3 3 -4.1257340999999998e-06
694 region_rec_diffs(3,56) 0 -3 3 -8.9781093000000008e-06
695 region_rec_diffs(3,57) 0 -3 3 1.6551820000000001e-05
696 region_rec_diffs(3,58) 0 -3 3 1.279522e-05
697 region_rec_diffs(3,59) 0 -3 3 -1.034021e-05
698 region_rec_diffs(3,60) 0 -3 3 1.0774959999999999e-06
699 region_rec_diffs(3,61) 0 -3 3 5.7908084999999996e-06
700 region_rec_diffs(3,62) 0 -3 3 -2.080674e-06
701 region_rec_diffs(3,63) 0 -3 3 1.1479493e-06
702 region_rec_diffs(3,64) 0 -3 3 3.7255806999999998e-06
703 region_rec_diffs(3,65) 0 -3 3 1.6538766999999999e-06
704 region_rec_diffs(3,66) 0 -3 3 5.7744924999999998e-06
705 region_rec_diffs(3,67) 0 -3 3 -4.5758538999999997e-06
706 region_rec_diffs(3,68) 0 -3 3 -3.2234060000000001e-06
707 region_rec_diffs(3,69) 0 -3 3 -1.151654e-05
708 region_rec_diffs(3,70) 0 -3 3 -1.1604776e-05
709 region_rec_diffs(3,71) 0 -3 3 -8.5973130000000004e-06
710 region_rec_diffs(3,72) 0 -3 3 9.4080040999999996e-06
711 region_rec_diffs(3,73) 0 -3 3 3.7285711e-06
712 region_rec_diffs(3,74) 0 -3 3 1.1257812e-05
713 region_rec_diffs(3,75) 0 -3 3 -3.1145841000000001e-06
714 region_rec_diffs(3,76) 0 -3 3 6.0601735999999998e-08
715 region_rec_diffs(3,77) 0 -3 3 4.3235647999999998e-06
716 region_rec_diffs(3,78) 0 -3 3 -7.6928019000000008e-06
717 region_rec_diffs(3,79) 0 -3 3 3.1216728000000001e-06
718 region_rec_diffs(3,80) 0 -3 3 2.1065566000000001e-05
719 region_rec_diffs(3,81) 0 -3 3 5.6969712000000004e-06
720 region_rec_diffs(3,82) 0 -3 3 1.6538194e-06
721 region_rec_diffs(3,83) 0 -3 3 -5.6248467000000003e-06
722 region_rec_diffs(3,84) 0 -3 3 -3.9904754999999998e-06
723 region_rec_diffs(3,85) 0 -3 3 -4.4479378999999999e-07
724 region_rec_diffs(3,86) 0 -3 3 -1.9322780999999999e-06
725 region_rec_diffs(3,87) 0 -3 3 7.2104316999999998e-06
726 region_rec_diffs(3,88) 0 -3 3 3.5015613999999998e-06
727 region_rec_diffs(3,89) 0 -3 3 3.4749347000000001e-06
728 region_rec_diffs(3,90) 0 -3 3 -4.5132749999999999e-05
729 region_rec_diffs(3,91) 0 -3 3 1.6445684e-07
730 region_rec_diffs(3,92) 0 -3 3 -1.2096604999999999e-06
731 region_rec_diffs(3,93) 0 -3 3 -5.3167140000000002e-06
732 region_rec_diffs(3,94) 0 -3 3 -8.5253894999999993e-06
733 region_rec_diffs(3,95) 0 -3 3 1.5430575000000001e-06
734 region_rec_diffs(3,96) 0 -3 3 3.2984156999999998e-06
735 region_rec_diffs(3,97) 0 -3 3 8.1113467000000004e-07
736 region_rec_diffs(3,98) 0 -3 3 -3.2609877000000001e-06
737 region_rec_diffs(3,99) 0 -3 3 3.1771496999999999e-06
738 region_rec_diffs(3,100) 0 -3 3 1.6108070000000001e-06
739 region_rec_diffs(3,101) 0 -3 3 9.6732671999999998e-07
740 region_rec_diffs(3,102) 0 -3 3 -2.0296242e-08
741 region_rec_diffs(3,103) 0 -3 3 -3.9132906000000001e-06
742 region_rec_diffs(3,104) 0 -3 3 1.3605643999999999e-05
743 region_rec_diffs(3,105) 0 -3 3 2.1031330000000001e-06
744 region_rec_diffs(3,106) 0 -3 3 -2.0566345000000001e-06
745 region_rec_diffs(3,107) 0 -3 3 -4.2747529e-06
746 region_rec_diffs(3,108) 0 -3 3 2.4590240999999999e-05
747 region_rec_diffs(3,109) 0 -3 3 -1.5205789e-06
748 region_rec_diffs(3,110) 0 -3 3 -4.8695224999999996e-06
749 region_rec_diffs(3,111) 0 -3 3 -8.7230168999999999e-07
750 region_rec_diffs(3,112) 0 -3 3 1.7529366e-06
751 region_rec_diffs(3,113) 0 -3 3 -8.4233557000000003e-07
752 region_rec_diffs(3,114) 0 -3 3 2.3996173999999999e-06
753 region_rec_diffs(3,115) 0 -3 3 1.3228941000000001e-06
754 region_rec_diffs(3,116) 0 -3 3 3.0159274000000001e-06
755 region_rec_diffs(3,117) 0 -3 3 1.739682e-06
756 region_rec_diffs(3,118) 0 -3 3 1.5188118e-05
757 region_rec_diffs(3,119) 0 -3 3 1.8061896999999999e-05
758 region_rec_diffs(3,120) 0 -3 3 4.1032399000000001e-07
759 region_rec_diffs(3,121) 0 -3 3 -2.3931818999999998e-06
760 region_rec_diffs(3,122) 0 -3 3 2.7211692999999999e-06
761 region_rec_diffs(3,123) 0 -3 3 5.3871503999999995e-07
762 region_rec_diffs(3,124) 0 -3 3 3.2886086e-06
763 region_rec_diffs(3,125) 0 -3 3 1.4184405e-05
764 region_rec_diffs(3,126) 0 -3 3 -6.7372046000000002e-06
765 region_rec_diffs(3,127) 0 -3 3 -8.7902632000000005e-07
766 region_rec_diffs(3,128) 0 -3 3 -3.7704704999999999e-06
767 region_rec_diffs(3,129) 0 -3 3 -1.1404458e-06
768 region_rec_diffs(3,130) 0 -3 3 -2.8091367000000001e-06
769 region_rec_diffs(3,131) 0 -3 3 1.1679447000000001e-05
770 region_rec_diffs(3,132) 0 -3 3 -5.1750999000000005e-07
771 region_rec_diffs(3,133) 0 -3 3 1.5984153e-05
772 region_rec_diffs(3,134) 0 -3 3 2.4265076e-06
773 region_rec_diffs(3,135) 0 -3 3 1.3321441e-05
774 region_rec_diffs(3,136) 0 -3 3 3.5941015e-06
775 region_rec_diffs(3,137) 0 -3 3 -5.5949883000000001e-06
776 region_rec_diffs(3,138) 0 -3 3 -1.0646361e-05
777 region_rec_diffs(3,139) 0 -3 3 7.1116399000000001e-06
778 region_rec_diffs(3,140) 0 -3 3 -9.0961802999999995e-06
779 region_rec_diffs(3,141) 0 -3 3 3.9370238999999996e-06
780 region_rec_diffs(3,142) 0 -3 3 9.4302554000000002e-06
781 region_rec_diffs(3,143) 0 -3 3 3.2831133999999999e-06
782 region_rec_diffs(3,144) 0 -3 3 3.2345511999999999e-06
783 region_rec_diffs(3,145) 0 -3 3 2.3385986999999999e-06
784 region_rec_diffs(3,146) 0 -3 3 7.7543946000000001e-07
785 region_rec_diffs(3,147) 0 -3 3 -1.1019407000000001e-05
786 region_rec_diffs(3,148) 0 -3 3 5.2597555999999999e-07
787 region_rec_diffs(3,149) 0 -3 3 8.1520603e-07
788 region_rec_diffs(3,150) 0 -3 3 -4.0477436999999999e-06
789 region_rec_diffs(3,151) 0 -3 3 -1.7537971999999999e-07
790 region_rec_diffs(3,152) 0 -3 3 2.3358115999999999e-06
791 region_rec_diffs(3,153) 0 -3 3 -1.2204212e-05
792 region_rec_diffs(3,154) 0 -3 3 6.516938e-06
793 region_rec_diffs(3,155) 0 -3 3 -4.1973994000000002e-06
794 region_rec_diffs(3,156) 0 -3 3 1.7915027e-06
795 region_rec_diffs(3,157) 0 -3 3 -1.0899374e-05
796 region_rec_diffs(3,158) 0 -3 3 -6.8386139999999998e-07
797 region_rec_diffs(3,159) 0 -3 3 1.2081998e-06
798 region_rec_diffs(3,160) 0 -3 3 4.2075250999999999e-06
799 region_rec_diffs(3,161) 0 -3 3 -4.8482596999999997e-06
800 region_rec_diffs(3,162) 0 -3 3 2.0589918e-06
801 region_rec_diffs(3,163) 0 -3 3 5.3359051000000003e-06
802 region_rec_diffs(3,164) 0 -3 3 -9.5870438000000003e-07
803 region_rec_diffs(3,165) 0 -3 3 6.0457759e-06
804 region_rec_diffs(3,166) 0 -3 3 -3.6818884000000001e-06
805 region_rec_diffs(3,167) 0 -3 3 9.7770309999999995e-06
806 region_rec_diffs(3,168) 0 -3 3 -3.5255651000000002e-06
807 region_rec_diffs(3,169) 0 -3 3 -1.3914911e-07
808 region_rec_diffs(3,170) 0 -3 3 3.2120962999999998e-06
809 region_rec_diffs(3,171) 0 -3 3 -2.9801629e-06
810 region_rec_diffs(3,172) 0 -3 3 -9.4783095999999996e-06
811 region_rec_diffs(3,173) 0 -3 3 -5.2291884999999998e-07
812 region_rec_diffs(3,174) 0 -3 3 1.4123106e-05
813 region_rec_diffs(3,175) 0 -3 3 3.1353174999999998e-06
814 region_rec_diffs(3,176) 0 -3 3 1.3978348e-06
815 region_rec_diffs(3,177) 0 -3 3 6.2766215999999998e-06
816 region_rec_diffs(3,178) 0 -3 3 2.8737435999999999e-06
817 region_rec_diffs(3,179) 0 -3 3 3.1260281999999999e-07
818 region_rec_diffs(3,180) 0 -3 3 7.7765742e-07
819 region_rec_diffs(3,181) 0 -3 3 6.2142463000000004e-06
820 region_rec_diffs(3,182) 0 -3 3 -1.0959256e-05
821 region_rec_diffs(3,183) 0 -3 3 -9.5937949999999992e-06
822 region_rec_diffs(3,184) 0 -3 3 -5.7128153999999997e-06
823 region_rec_diffs(3,185) 0 -3 3 4.2705398000000004e-06
824 region_rec_diffs(3,186) 0 -3 3 7.3097445999999997e-06
825 region_rec_diffs(3,187) 0 -3 3 7.1104126999999996e-06
826 region_rec_diffs(3,188) 0 -3 3 -6.4454823000000001e-06
827 region_rec_diffs(3,189) 0 -3 3 2.6762935999999999e-08
828 region_rec_diffs(3,190) 0 -3 3 1.7447811999999999e-05
829 region_rec_diffs(3,191) 0 -3 3 -6.1506947999999998e-07
830 region_rec_diffs(3,192) 0 -3 3 4.3508306e-06
831 region_rec_diffs(3,193) 0 -3 3 -1.5893585999999999e-06
832 region_rec_diffs(3,194) 0 -3 3 -2.5645059e-06
833 region_rec_diffs(3,195) 0 -3 3 -3.0268780999999999e-06
834 region_rec_diffs(3,196) 0 -3 3 3.3415337e-06
835 region_rec_diffs(3,197) 0 -3 3 -2.8248927e-06
836 region_rec_diffs(3,198) 0 -3 3 -9.3880554000000008e-06
837 region_rec_diffs(3,199) 0 -3 3 6.6538290999999998e-06
838 region_rec_diffs(3,200) 0 -3 3 -2.4757724999999999e-06
839 region_rec_diffs(3,201) 0 -3 3 -1.4144019000000001e-05
840 region_rec_diffs(3,202) 0 -3 3 1.434878e-06
841 region_rec_diffs(3,203) 0 -3 3 -2.0278424999999999e-06
842 region_rec_diffs(3,204) 0 -3 3 2.0270784e-06
843 region_rec_diffs(3,205) 0 -3 3 -4.8028922000000005e-07
844 region_rec_diffs(3,206) 0 -3 3 4.0606750999999998e-06
845 region_rec_diffs(3,207) 0 -3 3 -1.2741574999999999e-08
846 region_rec_diffs(3,208) 0 -3 3 -3.1356602999999999e-06
847 region_rec_diffs(3,209) 0 -3 3 -1.4456211000000001e-05
848 region_rec_diffs(3,210) 0 -3 3 2.8434958e-06
849 region_rec_diffs(3,211) 0 -3 3 8.6402617000000005e-06
850 region_rec_diffs(3,212) 0 -3 3 1.6133019e-06
851 region_rec_diffs(3,213) 0 -3 3 3.2244436000000002e-06
852 region_rec_diffs(3,214) 0 -3 3 4.0122341999999999e-06
853 region_rec_diffs(3,215) 0 -3 3 3.8118055000000001e-06
854 region_rec_diffs(3,216) 0 -3 3 -3.9297959999999999e-06
855 region_rec_diffs(3,217) 0 -3 3 -2.5269382e-06
856 region_rec_diffs(3,218) 0 -3 3 -1.8837429999999999e-05
857 region_rec_diffs(3,219) 0 -3 3 9.4289819e-07
858 region_rec_diffs(3,220) 0 -3 3 -6.3932792000000002e-06
859 region_rec_diffs(3,221) 0 -3 3 -5.2243756999999998e-06
860 region_rec_diffs(3,222) 0 -3 3 1.36384e-05
861 region_rec_diffs(3,223) 0 -3 3 5.128482e-06
862 region_rec_diffs(3,224) 0 -3 3 -2.6365587000000002e-07
863 region_rec_diffs(3,225) 0 -3 3 -7.4979730000000004e-06
864 region_rec_diffs(3,226) 0 -3 3 -1.8500858999999999e-05
865 region_rec_diffs(3,227) 0 -3 3 5.9871896999999997e-07
866 region_rec_diffs(3,228) 0 -3 3 -1.1593059e-05
867 region_rec_diffs(3,229) 0 -3 3 -2.6623278999999999e-06
868 region_rec_diffs(3,230) 0 -3 3 -8.0591665000000003e-07
869 region_rec_diffs(3,231) 0 -3 3 -2.4947721999999999e-05
870 region_rec_diffs(3,232) 0 -3 3 -3.6072439e-06
871 region_rec_diffs(3,233) 0 -3 3 -2.4410454999999999e-06
872 region_rec_diffs(3,234) 0 -3 3 -6.5514905000000003e-07
873 region_rec_diffs(3,235) 0 -3 3 8.7727678999999993e-06
874 region_rec_diffs(3,236) 0 -3 3 -2.5172990000000002e-06
875 region_rec_diffs(3,237) 0 -3 3 2.4633256e-05
876 region_rec_diffs(3,238) 0 -3 3 1.5350523000000001e-05
877 region_rec_diffs(3,239) 0 -3 3 7.6379277000000003e-06
878 region_rec_diffs(3,240) 0 -3 3 -9.0167088000000002e-07
879 region_rec_diffs(3,241) 0 -3 3 7.1876579e-06
880 region_rec_diffs(3,242) 0 -3 3 -3.7264516e-06
881 region_rec_diffs(3,243) 0 -3 3 4.8390828000000003e-06
882 region_rec_diffs(3,244) 0 -3 3 5.7741431000000004e-06
883 region_rec_diffs(3,245) 0 -3 3 1.9895726000000001e-05
884 region_rec_diffs(3,246) 0 -3 3 3.9253796e-07
885 region_rec_diffs(3,247) 0 -3 3 -3.2631924999999998e-06
886 region_rec_diffs(3,248) 0 -3 3 -1.3824855e-06
887 region_rec_diffs(3,249) 0 -3 3 -1.6657004999999999e-06
888 region_rec_diffs(3,250) 0 -3 3 1.1887183e-06
889 region_rec_diffs(3,251) 0 -3 3 1.2317062e-05
890 region_rec_diffs(3,252) 0 -3 3 -1.3429318e-05
891 region_rec_diffs(3,253) 0 -3 3 8.5045423000000004e-07
892 region_rec_diffs(3,254) 0 -3 3 7.5751582999999998e-07
893 region_rec_diffs(3,255) 0 -3 3 -2.3853878999999998e-06
894 region_rec_diffs(3,256) 0 -3 3 7.7907818999999996e-07
895 region_rec_diffs(3,257) 0 -3 3 -1.9000641e-06
896 region_rec_diffs(3,258) 0 -3 3 4.2676319999999996e-06
897 region_rec_diffs(3,259) 0 -3 3 -3.619423e-07
898 region_rec_diffs(3,260) 0 -3 3 1.7474375000000002e-05
899 region_rec_diffs(3,261) 0 -3 3 1.7765569e-06
900 region_rec_diffs(3,262) 0 -3 3 1.3766235e-07
901 region_rec_diffs(3,263) 0 -3 3 -1.3552772000000001e-07
902 region_rec_diffs(3,264) 0 -3 3 -4.2036456000000001e-06
903 region_rec_diffs(3,265) 0 -3 3 1.5137345e-05
904 region_rec_diffs(3,266) 0 -3 3 1.0489593e-06
905 region_rec_diffs(3,267) 0 -3 3 -3.1543844e-06
906 region_rec_diffs(3,268) 0 -3 3 2.2113988999999999e-06
907 region_rec_diffs(3,269) 0 -3 3 1.1359793000000001e-06
908 region_rec_diffs(3,270) 0 -3 3 -1.9460028e-05
909 region_rec_diffs(3,271) 0 -3 3 -6.5508266e-06
910 region_rec_diffs(3,272) 0 -3 3 2.7847959e-06
911 region_rec_diffs(3,273) 0 -3 3 -6.2756678999999995e-07
912 region_rec_diffs(3,274) 0 -3 3 8.8424460999999998e-07
913 region_rec_diffs(3,275) 0 -3 3 3.2987797000000001e-06
914 region_rec_diffs(3,276) 0 -3 3 2.6170755e-06
915 region_rec_diffs(3,277) 0 -3 3 -8.1690932e-07
916 region_rec_diffs(3,278) 0 -3 3 5.4902140000000004e-06
917 region_rec_diffs(3,279) 0 -3 3 -6.7446758000000003e-06
918 region_rec_diffs(3,280) 0 -3 3 7.1411314999999996e-06
919 region_rec_diffs(3,281) 0 -3 3 -5.4057416999999998e-06
920 region_rec_diffs(3,282) 0 -3 3 -4.8417673000000003e-06
921 region_rec_diffs(3,283) 0 -3 3 1.7747946999999998e-05
922 region_rec_diffs(3,284) 0 -3 3 1.0529564999999999e-05
923 region_rec_diffs(3,285) 0 -3 3 -7.2785388000000004e-07
924 region_rec_diffs(3,286) 0 -3 3 -9.1517246999999994e-06
925 region_rec_diffs(3,287) 0 -3 3 1.8217344999999999e-07
926 region_rec_diffs(3,288) 0 -3 3 1.7285577999999999e-05
927 region_rec_diffs(3,289) 0 -3 3 1.1460423000000001e-05
928 region_rec_diffs(3,290) 0 -3 3 1.6218840000000001e-06
929 region_rec_diffs(3,291) 0 -3 3 -6.2849471999999999e-06
930 region_rec_diffs(4,1) 0 -3 3 -1.0211279e-16
931 region_rec_diffs(4,2) 0 -3 3 4.4976922999999997e-06
932 region_rec_diffs(4,3) 0 -3 3 2.4419331000000001e-06
933 region_rec_diffs(4,4) 0 -3 3 -2.0896296000000001e-05
934 region_rec_diffs(4,5) 0 -3 3 1.5080708e-05
935 region_rec_diffs(4,6) 0 -3 3 2.8903915999999999e-06
936 region_rec_diffs(4,7) 0 -3 3 -7.0875535999999999e-06
937 region_rec_diffs(4,8) 0 -3 3 -2.5145283e-06
938 region_rec_diffs(4,9) 0 -3 3 1.1082036e-06
939 region_rec_diffs(4,10) 0 -3 3 1.6706099000000001e-07
940 region_rec_diffs(4,11) 0 -3 3 1.1247037000000001e-06
941 region_rec_diffs(4,12) 0 -3 3 1.3599345000000001e-06
942 region_rec_diffs(4,13) 0 -3 3 -5.7074431999999997e-08
943 region_rec_diffs(4,14) 0 -3 3 1.4885307e-06
944 region_rec_diffs(4,15) 0 -3 3 2.1839851999999999e-06
945 region_rec_diffs(4,16) 0 -3 3 1.3092583e-06
946 region_rec_diffs(4,17) 0 -3 3 7.0917794000000003e-06
947 region_rec_diffs(4,18) 0 -3 3 5.7036453000000003e-06
948 region_rec_diffs(4,19) 0 -3 3 2.0482649000000001e-06
949 region_rec_diffs(4,20) 0 -3 3 -9.5019706999999998e-07
950 region_rec_diffs(4,21) 0 -3 3 3.8704139000000003e-06
951 region_rec_diffs(4,22) 0 -3 3 7.7754543999999993e-06
952 region_rec_diffs(4,23) 0 -3 3 1.6372397999999999e-06
953 region_rec_diffs(4,24) 0 -3 3 1.6716292000000001e-06
954 region_rec_diffs(4,25) 0 -3 3 -5.1524243000000003e-07
955 region_rec_diffs(4,26) 0 -3 3 3.9892489999999997e-06
956 region_rec_diffs(4,27) 0 -3 3 -1.3292300000000001e-06
957 region_rec_diffs(4,28) 0 -3 3 1.9302374999999998e-06
958 region_rec_diffs(4,29) 0 -3 3 -2.5470251999999999e-06
959 region_rec_diffs(4,30) 0 -3 3 -2.4580294999999999e-06
960 region_rec_diffs(4,31) 0 -3 3 -5.7284525000000004e-06
961 region_rec_diffs(4,32) 0 -3 3 -1.475167e-06
962 region_rec_diffs(4,33) 0 -3 3 2.3261633000000001e-06
963 region_rec_diffs(4,34) 0 -3 3 7.8774614000000001e-06
964 region_rec_diffs(4,35) 0 -3 3 1.1279381999999999e-06
965 region_rec_diffs(4,36) 0 -3 3 -4.4625650000000004e-06
966 region_rec_diffs(4,37) 0 -3 3 5.2000261000000004e-06
967 region_rec_diffs(4,38) 0 -3 3 1.3013773e-06
968 region_rec_diffs(4,39) 0 -3 3 1.7183877999999999e-06
969 region_rec_diffs(4,40) 0 -3 3 -1.8469405999999999e-06
970 region_rec_diffs(4,41) 0 -3 3 2.2510611000000001e-07
971 region_rec_diffs(4,42) 0 -3 3 -3.8655199000000003e-06
972 region_rec_diffs(4,43) 0 -3 3 -6.3258690000000001e-06
973 region_rec_diffs(4,44) 0 -3 3 -8.1102116999999997e-07
974 region_rec_diffs(4,45) 0 -3 3 -9.0730940999999998e-06
975 region_rec_diffs(4,46) 0 -3 3 -1.5030977999999999e-06
976 region_rec_diffs(4,47) 0 -3 3 2.9486395000000002e-06
977 region_rec_diffs(4,48) 0 -3 3 1.1870074e-06
978 region_rec_diffs(4,49) 0 -3 3 -1.8182965999999999e-05
979 region_rec_diffs(4,50) 0 -3 3 1.6146699000000001e-06
980 region_rec_diffs(4,51) 0 -3 3 1.7880423999999999e-07
981 region_rec_diffs(4,52) 0 -3 3 -1.9373614e-06
982 region_rec_diffs(4,53) 0 -3 3 -2.0895401999999999e-05
983 region_rec_diffs(4,54) 0 -3 3 -8.3629431999999998e-07
984 region_rec_diffs(4,55) 0 -3 3 -1.8222208e-06
985 region_rec_diffs(4,56) 0 -3 3 3.3566763e-06
986 region_rec_diffs(4,57) 0 -3 3 -3.7853846e-08
987 region_rec_diffs(4,58) 0 -3 3 2.0080359999999998e-06
988 region_rec_diffs(4,59) 0 -3 3 -1.1493578e-06
989 region_rec_diffs(4,60) 0 -3 3 1.4365438e-05
990 region_rec_diffs(4,61) 0 -3 3 -2.2164459000000001e-06
991 region_rec_diffs(4,62) 0 -3 3 2.9035357000000001e-06
992 region_rec_diffs(4,63) 0 -3 3 1.1816377e-06
993 region_rec_diffs(4,64) 0 -3 3 2.3522648000000001e-06
994 region_rec_diffs(4,65) 0 -3 3 2.9015534999999999e-05
995 region_rec_diffs(4,66) 0 -3 3 -6.1911912000000004e-07
996 region_rec_diffs(4,67) 0 -3 3 -2.6660369e-06
997 region_rec_diffs(4,68) 0 -3 3 -2.2888004000000002e-06
998 region_rec_diffs(4,69) 0 -3 3 1.5624020999999999e-05
999 region_rec_diffs(4,70) 0 -3 3 -8.0287333e-06
1000 region_rec_diffs(4,71) 0 -3 3 -4.3372232e-06
1001 region_rec_diffs(4,72) 0 -3 3 7.6526936999999992e-06
1002 region_rec_diffs(4,73) 0 -3 3 -2.2459167e-06
1003 region_rec_diffs(4,74) 0 -3 3 8.0234818999999995e-06
1004 region_rec_diffs(4,75) 0 -3 3 3.2541291e-06
1005 region_rec_diffs(4,76) 0 -3 3 -9.7599927000000008e-06
1006 region_rec_diffs(4,77) 0 -3 3 3.6348070999999998e-06
1007 region_rec_diffs(4,78) 0 -3 3 1.4867036e-06
1008 region_rec_diffs(4,79) 0 -3 3 2.2234840999999999e-06
1009 region_rec_diffs(4,80) 0 -3 3 -1.482269e-06
1010 region_rec_diffs(4,81) 0 -3 3 2.6385918999999999e-06
1011 region_rec_diffs(4,82) 0 -3 3 2.1696665000000002e-06
1012 region_rec_diffs(4,83) 0 -3 3 5.5336449999999996e-06
1013 region_rec_diffs(4,84) 0 -3 3 -5.9817813999999995e-07
1014 region_rec_diffs(4,85) 0 -3 3 1.3537862000000001e-05
1015 region_rec_diffs(4,86) 0 -3 3 6.6473003999999996e-06
1016 region_rec_diffs(4,87) 0 -3 3 4.7621245e-06
1017 region_rec_diffs(4,88) 0 -3 3 1.0530249e-06
1018 region_rec_diffs(4,89) 0 -3 3 -3.3011489e-06
1019 region_rec_diffs(4,90) 0 -3 3 -9.6282078000000008e-06
1020 region_rec_diffs(4,91) 0 -3 3 1.8720442000000001e-06
1021 region_rec_diffs(4,92) 0 -3 3 -2.6126347999999998e-06
1022 region_rec_diffs(4,93) 0 -3 3 -1.0508143e-06
1023 region_rec_diffs(4,94) 0 -3 3 4.9284063999999996e-06
1024 region_rec_diffs(4,95) 0 -3 3 1.7101459999999999e-06
1025 region_rec_diffs(4,96) 0 -3 3 -2.8334964000000001e-06
1026 region_rec_diffs(4,97) 0 -3 3 -1.6236921000000001e-07
1027 region_rec_diffs(4,98) 0 -3 3 2.3043134e-06
1028 region_rec_diffs(4,99) 0 -3 3 4.5990324000000001e-06
1029 region_rec_diffs(4,100) 0 -3 3 2.466546e-06
1030 region_rec_diffs(4,101) 0 -3 3 9.9927616000000003e-07
1031 region_rec_diffs(4,102) 0 -3 3 -1.9877613000000001e-06
1032 region_rec_diffs(4,103) 0 -3 3 -5.3230055999999997e-06
1033 region_rec_diffs(4,104) 0 -3 3 -1.2518383e-05
1034 region_rec_diffs(4,105) 0 -3 3 -2.9065782999999999e-06
1035 region_rec_diffs(4,106) 0 -3 3 -2.8644600000000002e-07
1036 region_rec_diffs(4,107) 0 -3 3 4.1230829000000001e-07
1037 region_rec_diffs(4,108) 0 -3 3 5.7782260000000003e-06
1038 region_rec_diffs(4,109) 0 -3 3 -2.5658237000000001e-06
1039 region_rec_diffs(4,110) 0 -3 3 -2.8624285999999999e-06
1040 region_rec_diffs(4,111) 0 -3 3 8.1978524e-07
1041 region_rec_diffs(4,112) 0 -3 3 -4.7793139000000002e-06
1042 region_rec_diffs(4,113) 0 -3 3 -6.1172473999999996e-06
1043 region_rec_diffs(4,114) 0 -3 3 -3.1984491999999999e-06
1044 region_rec_diffs(4,115) 0 -3 3 -3.1907593000000002e-06
1045 region_rec_diffs(4,116) 0 -3 3 -2.6409564e-06
1046 region_rec_diffs(4,117) 0 -3 3 -1.4475838e-05
1047 region_rec_diffs(4,118) 0 -3 3 7.6950217000000004e-07
1048 region_rec_diffs(4,119) 0 -3 3 -6.6997361999999996e-06
1049 region_rec_diffs(4,120) 0 -3 3 -4.0086956000000004e-06
1050 region_rec_diffs(4,121) 0 -3 3 -2.9837823999999998e-06
1051 region_rec_diffs(4,122) 0 -3 3 -2.203025e-06
1052 region_rec_diffs(4,123) 0 -3 3 -1.5129079e-05
1053 region_rec_diffs(4,124) 0 -3 3 -2.5335211999999998e-06
1054 region_rec_diffs(4,125) 0 -3 3 -2.1676888e-05
1055 region_rec_diffs(4,126) 0 -3 3 -3.4538863999999999e-06
1056 region_rec_diffs(4,127) 0 -3 3 -8.5150544999999997e-06
1057 region_rec_diffs(4,128) 0 -3 3 -6.6235737000000003e-06
1058 region_rec_diffs(4,129) 0 -3 3 -7.1854310999999998e-07
1059 region_rec_diffs(4,130) 0 -3 3 1.4148934000000001e-05
1060 region_rec_diffs(4,131) 0 -3 3 -2.9216368000000002e-06
1061 region_rec_diffs(4,132) 0 -3 3 -2.5456014999999999e-05
1062 region_rec_diffs(4,133) 0 -3 3 -7.1211219999999996e-06
1063 region_rec_diffs(4,134) 0 -3 3 -3.5677721999999999e-06
1064 region_rec_diffs(4,135) 0 -3 3 -4.9903047999999999e-06
1065 region_rec_diffs(4,136) 0 -3 3 -8.2581069000000006e-06
1066 region_rec_diffs(4,137) 0 -3 3 -1.0899607000000001e-05
1067 region_rec_diffs(4,138) 0 -3 3 -3.8753790999999998e-07
1068 region_rec_diffs(4,139) 0 -3 3 2.0522719e-06
1069 region_rec_diffs(4,140) 0 -3 3 2.031771e-06
1070 region_rec_diffs(4,141) 0 -3 3 -2.8857788000000001e-06
1071 region_rec_diffs(4,142) 0 -3 3 3.4510618000000001e-07
1072 region_rec_diffs(4,143) 0 -3 3 -1.4885729e-06
1073 region_rec_diffs(4,144) 0 -3 3 2.8601689999999999e-07
1074 region_rec_diffs(4,145) 0 -3 3 7.1131548000000003e-06
1075 region_rec_diffs(4,146) 0 -3 3 1.7576903000000001e-06
1076 region_rec_diffs(4,147) 0 -3 3 3.0322604000000001e-06
1077 region_rec_diffs(4,148) 0 -3 3 -8.1986779999999996e-07
1078 region_rec_diffs(4,149) 0 -3 3 -3.5764349000000001e-06
1079 region_rec_diffs(4,150) 0 -3 3 -6.4720383000000005e-07
1080 region_rec_diffs(4,151) 0 -3 3 -3.543169e-06
1081 region_rec_diffs(4,152) 0 -3 3 5.3696145999999998e-06
1082 region_rec_diffs(4,153) 0 -3 3 -4.1219897999999999e-06
1083 region_rec_diffs(4,154) 0 -3 3 3.0660445e-06
1084 region_rec_diffs(4,155) 0 -3 3 -5.0277583000000003e-06
1085 region_rec_diffs(4,156) 0 -3 3 7.5409571000000001e-06
1086 region_rec_diffs(4,157) 0 -3 3 -2.7169603999999999e-05
1087 region_rec_diffs(4,158) 0 -3 3 4.1879268e-06
1088 region_rec_diffs(4,159) 0 -3 3 1.8746325999999999e-06
1089 region_rec_diffs(4,160) 0 -3 3 5.0752217999999996e-06
1090 region_rec_diffs(4,161) 0 -3 3 -3.2703255e-06
1091 region_rec_diffs(4,162) 0 -3 3 5.5187706999999996e-06
1092 region_rec_diffs(4,163) 0 -3 3 1.0006525999999999e-05
1093 region_rec_diffs(4,164) 0 -3 3 1.0501092e-05
1094 region_rec_diffs(4,165) 0 -3 3 -6.4191627999999997e-08
1095 region_rec_diffs(4,166) 0 -3 3 1.6117629000000001e-07
1096 region_rec_diffs(4,167) 0 -3 3 3.8708191999999996e-06
1097 region_rec_diffs(4,168) 0 -3 3 -6.3111964000000003e-06
1098 region_rec_diffs(4,169) 0 -3 3 4.9154872999999999e-06
1099 region_rec_diffs(4,170) 0 -3 3 -9.5113471000000001e-06
1100 region_rec_diffs(4,171) 0 -3 3 -4.3050939e-06
1101 region_rec_diffs(4,172) 0 -3 3 6.6471098000000002e-06
1102 region_rec_diffs(4,173) 0 -3 3 -7.2168364999999999e-07
1103 region_rec_diffs(4,174) 0 -3 3 4.5436266999999999e-06
1104 region_rec_diffs(4,175) 0 -3 3 2.4813235999999999e-06
1105 region_rec_diffs(4,176) 0 -3 3 -7.0748210000000004e-06
1106 region_rec_diffs(4,177) 0 -3 3 3.9518488e-06
1107 region_rec_diffs(4,178) 0 -3 3 -2.2535623999999999e-06
1108 region_rec_diffs(4,179) 0 -3 3 5.6938711999999997e-07
1109 region_rec_diffs(4,180) 0 -3 3 -1.1491008000000001e-05
1110 region_rec_diffs(4,181) 0 -3 3 1.4560551e-05
1111 region_rec_diffs(4,182) 0 -3 3 8.9673470000000001e-07
1112 region_rec_diffs(4,183) 0 -3 3 -2.7158411999999999e-06
1113 region_rec_diffs(4,184) 0 -3 3 2.8545520000000001e-06
1114 region_rec_diffs(4,185) 0 -3 3 -8.8864199999999999e-06
1115 region_rec_diffs(4,186) 0 -3 3 -1.3700107e-05
1116 region_rec_diffs(4,187) 0 -3 3 4.0252641e-06
1117 region_rec_diffs(4,188) 0 -3 3 -1.1712910999999999e-05
1118 region_rec_diffs(4,189) 0 -3 3 4.2205915999999999e-06
1119 region_rec_diffs(4,190) 0 -3 3 1.0048777999999999e-05
1120 region_rec_diffs(4,191) 0 -3 3 -1.9291904999999999e-06
1121 region_rec_diffs(4,192) 0 -3 3 1.6264185e-06
1122 region_rec_diffs(4,193) 0 -3 3 5.7233880999999997e-07
1123 region_rec_diffs(4,194) 0 -3 3 -1.2255142e-06
1124 region_rec_diffs(4,195) 0 -3 3 3.0991410000000002e-06
1125 region_rec_diffs(4,196) 0 -3 3 2.5996457000000001e-07
1126 region_rec_diffs(4,197) 0 -3 3 3.0615985000000002e-07
1127 region_rec_diffs(4,198) 0 -3 3 -1.8543974000000001e-06
1128 region_rec_diffs(4,199) 0 -3 3 4.2215578999999999e-07
1129 region_rec_diffs(4,200) 0 -3 3 -7.7688569e-07
1130 region_rec_diffs(4,201) 0 -3 3 3.1323895999999998e-06
1131 region_rec_diffs(4,202) 0 -3 3 4.8563333999999996e-06
1132 region_rec_diffs(4,203) 0 -3 3 2.0547812000000002e-06
1133 region_rec_diffs(4,204) 0 -3 3 6.0139494999999997e-06
1134 region_rec_diffs(4,205) 0 -3 3 9.4437012e-06
1135 region_rec_diffs(4,206) 0 -3 3 -2.7066958999999998e-06
1136 region_rec_diffs(4,207) 0 -3 3 4.1653739999999997e-06
1137 region_rec_diffs(4,208) 0 -3 3 1.0989709e-05
1138 region_rec_diffs(4,209) 0 -3 3 -2.6575879e-05
1139 region_rec_diffs(4,210) 0 -3 3 4.2282303999999998e-06
1140 region_rec_diffs(4,211) 0 -3 3 7.0117267999999999e-06
1141 region_rec_diffs(4,212) 0 -3 3 -1.6687892000000001e-05
1142 region_rec_diffs(4,213) 0 -3 3 -6.4019908000000004e-06
1143 region_rec_diffs(4,214) 0 -3 3 -7.2401654999999997e-07
1144 region_rec_diffs(4,215) 0 -3 3 3.3454540999999999e-06
1145 region_rec_diffs(4,216) 0 -3 3 -1.8393436000000001e-06
1146 region_rec_diffs(4,217) 0 -3 3 -1.1187742e-05
1147 region_rec_diffs(4,218) 0 -3 3 1.1628038e-05
1148 region_rec_diffs(4,219) 0 -3 3 -1.7259102e-06
1149 region_rec_diffs(4,220) 0 -3 3 -2.5942573999999999e-06
1150 region_rec_diffs(4,221) 0 -3 3 -5.1820872000000005e-07
1151 region_rec_diffs(4,222) 0 -3 3 6.6911195000000002e-07
1152 region_rec_diffs(4,223) 0 -3 3 -7.8640299000000001e-06
1153 region_rec_diffs(4,224) 0 -3 3 -1.0014643999999999e-05
1154 region_rec_diffs(4,225) 0 -3 3 8.8795924e-06
1155 region_rec_diffs(4,226) 0 -3 3 -7.8158493000000003e-07
1156 region_rec_diffs(4,227) 0 -3 3 -7.5156312000000002e-06
1157 region_rec_diffs(4,228) 0 -3 3 2.8508967999999999e-06
1158 region_rec_diffs(4,229) 0 -3 3 -1.1038406000000001e-05
1159 region_rec_diffs(4,230) 0 -3 3 1.1843717e-05
1160 region_rec_diffs(4,231) 0 -3 3 5.5012573999999998e-06
1161 region_rec_diffs(4,232) 0 -3 3 -1.0839631e-05
1162 region_rec_diffs(4,233) 0 -3 3 2.8847177e-07
1163 region_rec_diffs(4,234) 0 -3 3 -2.5295117000000002e-06
1164 region_rec_diffs(4,235) 0 -3 3 -2.1977358e-06
1165 region_rec_diffs(4,236) 0 -3 3 -6.2885250000000001e-06
1166 region_rec_diffs(4,237) 0 -3 3 -5.3588539999999996e-06
1167 region_rec_diffs(4,238) 0 -3 3 -4.2254898999999998e-06
1168 region_rec_diffs(4,239) 0 -3 3 -5.7687587000000003e-06
1169 region_rec_diffs(4,240) 0 -3 3 2.8171251000000001e-06
1170 region_rec_diffs(4,241) 0 -3 3 -3.5183302999999997e-07
1171 region_rec_diffs(4,242) 0 -3 3 -3.0604038000000002e-06
1172 region_rec_diffs(4,243) 0 -3 3 1.3331323e-05
1173 region_rec_diffs(4,244) 0 -3 3 -4.7629064000000001e-06
1174 region_rec_diffs(4,245) 0 -3 3 -1.0128907e-05
1175 region_rec_diffs(4,246) 0 -3 3 3.1010347000000001e-06
1176 region_rec_diffs(4,247) 0 -3 3 9.2419448000000003e-06
1177 region_rec_diffs(4,248) 0 -3 3 1.7887032000000001e-05
1178 region_rec_diffs(4,249) 0 -3 3 -1.9904999999999998e-06
1179 region_rec_diffs(4,250) 0 -3 3 -1.3251377e-05
1180 region_rec_diffs(4,251) 0 -3 3 6.7928728999999995e-07
1181 region_rec_diffs(4,252) 0 -3 3 2.3827746000000001e-05
1182 region_rec_diffs(4,253) 0 -3 3 -4.8666322000000003e-07
1183 region_rec_diffs(4,254) 0 -3 3 6.3503872000000004e-06
1184 region_rec_diffs(4,255) 0 -3 3 -4.5997590999999999e-06
1185 region_rec_diffs(4,256) 0 -3 3 1.1149710999999999e-06
1186 region_rec_diffs(4,257) 0 -3 3 -2.5084143000000002e-06
1187 region_rec_diffs(4,258) 0 -3 3 3.06666e-06
1188 region_rec_diffs(4,259) 0 -3 3 1.1768998e-05
1189 region_rec_diffs(4,260) 0 -3 3 -1.7136135e-06
1190 region_rec_diffs(4,261) 0 -3 3 -1.3080788e-06
1191 region_rec_diffs(4,262) 0 -3 3 -1.6535267e-05
1192 region_rec_diffs(4,263) 0 -3 3 7.6758647999999999e-06
1193 region_rec_diffs(4,264) 0 -3 3 -8.8153304000000003e-06
1194 region_rec_diffs(4,265) 0 -3 3 5.5739955999999996e-06
1195 region_rec_diffs(4,266) 0 -3 3 7.2945192000000004e-06
1196 region_rec_diffs(4,267) 0 -3 3 -1.3551748000000001e-05
1197 region_rec_diffs(4,268) 0 -3 3 -1.2851724e-05
1198 region_rec_diffs(4,269) 0 -3 3 5.0061144999999999e-06
1199 region_rec_diffs(4,270) 0 -3 3 2.1345293000000001e-05
1200 region_rec_diffs(4,271) 0 -3 3 -1.2415703e-05
1201 region_rec_diffs(4,272) 0 -3 3 -5.1566064999999998e-07
1202 region_rec_diffs(4,273) 0 -3 3 -3.3106181000000001e-06
1203 region_rec_diffs(4,274) 0 -3 3 -4.9246368999999998e-06
1204 region_rec_diffs(4,275) 0 -3 3 -5.8588151e-08
1205 region_rec_diffs(4,276) 0 -3 3 9.0547025000000003e-07
1206 region_rec_diffs(4,277) 0 -3 3 2.2237395000000001e-06
1207 region_rec_diffs(4,278) 0 -3 3 8.0658823000000007e-06
1208 region_rec_diffs(4,279) 0 -3 3 -1.3037194e-05
1209 region_rec_diffs(4,280) 0 -3 3 4.6445586000000001e-06
1210 region_rec_diffs(4,281) 0 -3 3 -3.8689592999999999e-06
1211 region_rec_diffs(4,282) 0 -3 3 -3.7022924000000001e-06
1212 region_rec_diffs(4,283) 0 -3 3 -1.4099982000000001e-06
1213 region_rec_diffs(4,284) 0 -3 3 1.1963054e-05
1214 region_rec_diffs(4,285) 0 -3 3 -3.4911783000000002e-06
1215 region_rec_diffs(4,286) 0 -3 3 2.193342e-05
1216 region_rec_diffs(4,287) 0 -3 3 1.6993407000000001e-05
1217 region_rec_diffs(4,288) 0 -3 3 -5.3479812999999998e-06
1218 region_rec_diffs(4,289) 0 -3 3 3.4268740999999998e-06
1219 region_rec_diffs(4,290) 0 -3 3 -6.7867844000000001e-06
1220 region_rec_diffs(4,291) 0 -3 3 1.3239183e-06
1221 region_rec_diffs(5,1) 0 -3 3 -1.505137e-16
1222 region_rec_diffs(5,2) 0 -3 3 -9.9343952000000005e-06
1223 region_rec_diffs(5,3) 0 -3 3 1.7950401e-05
1224 region_rec_diffs(5,4) 0 -3 3 -2.4224669000000001e-05
1225 region_rec_diffs(5,5) 0 -3 3 3.3262832999999998e-06
1226 region_rec_diffs(5,6) 0 -3 3 5.5498918000000001e-07
1227 region_rec_diffs(5,7) 0 -3 3 -4.5007760000000004e-06
1228 region_rec_diffs(5,8) 0 -3 3 -2.6703452000000001e-06
1229 region_rec_diffs(5,9) 0 -3 3 6.0108667000000002e-06
1230 region_rec_diffs(5,10) 0 -3 3 -4.8135130000000003e-06
1231 region_rec_diffs(5,11) 0 -3 3 1.2926539e-06
1232 region_rec_diffs(5,12) 0 -3 3 9.8740990000000001e-08
1233 region_rec_diffs(5,13) 0 -3 3 -5.8056331000000002e-06
1234 region_rec_diffs(5,14) 0 -3 3 -2.2230100999999999e-05
1235 region_rec_diffs(5,15) 0 -3 3 -1.5165910999999999e-06
1236 region_rec_diffs(5,16) 0 -3 3 1.3323291e-06
1237 region_rec_diffs(5,17) 0 -3 3 1.4517968000000001e-06
1238 region_rec_diffs(5,18) 0 -3 3 -5.1316617999999998e-06
1239 region_rec_diffs(5,19) 0 -3 3 -1.8792239e-06
1240 region_rec_diffs(5,20) 0 -3 3 -2.6149740000000001e-06
1241 region_rec_diffs(5,21) 0 -3 3 -1.0946217e-05
1242 region_rec_diffs(5,22) 0 -3 3 -5.5111989999999996e-06
1243 region_rec_diffs(5,23) 0 -3 3 -1.501941e-06
1244 region_rec_diffs(5,24) 0 -3 3 -5.0683831000000001e-07
1245 region_rec_diffs(5,25) 0 -3 3 2.8442515999999998e-06
1246 region_rec_diffs(5,26) 0 -3 3 -3.4382596000000002e-06
1247 region_rec_diffs(5,27) 0 -3 3 3.807157e-06
1248 region_rec_diffs(5,28) 0 -3 3 1.5828051e-06
1249 region_rec_diffs(5,29) 0 -3 3 -7.7632684999999995e-06
1250 region_rec_diffs(5,30) 0 -3 3 -1.7817819e-06
1251 region_rec_diffs(5,31) 0 -3 3 -5.5894929999999996e-06
1252 region_rec_diffs(5,32) 0 -3 3 -1.4486905000000001e-06
1253 region_rec_diffs(5,33) 0 -3 3 -4.6652534000000004e-06
1254 region_rec_diffs(5,34) 0 -3 3 5.5889147000000004e-06
1255 region_rec_diffs(5,35) 0 -3 3 1.8300214999999999e-06
1256 region_rec_diffs(5,36) 0 -3 3 -8.6719881999999997e-06
1257 region_rec_diffs(5,37) 0 -3 3 -6.6767909999999997e-06
1258 region_rec_diffs(5,38) 0 -3 3 -2.0691287e-07
1259 region_rec_diffs(5,39) 0 -3 3 1.0663010000000001e-06
1260 region_rec_diffs(5,40) 0 -3 3 -1.2402175999999999e-06
1261 region_rec_diffs(5,41) 0 -3 3 6.8031326e-07
1262 region_rec_diffs(5,42) 0 -3 3 -4.1404198e-06
1263 region_rec_diffs(5,43) 0 -3 3 -1.0769569e-06
1264 region_rec_diffs(5,44) 0 -3 3 1.5065517e-06
1265 region_rec_diffs(5,45) 0 -3 3 -1.2781622e-05
1266 region_rec_diffs(5,46) 0 -3 3 -6.5471131e-07
1267 region_rec_diffs(5,47) 0 -3 3 -3.0002391e-06
1268 region_rec_diffs(5,48) 0 -3 3 -5.0595304999999997e-06
1269 region_rec_diffs(5,49) 0 -3 3 -2.5699001000000001e-06
1270 region_rec_diffs(5,50) 0 -3 3 -1.0079012e-07
1271 region_rec_diffs(5,51) 0 -3 3 -2.1957452999999999e-07
1272 region_rec_diffs(5,52) 0 -3 3 -5.1817354000000002e-07
1273 region_rec_diffs(5,53) 0 -3 3 -7.4768782000000001e-06
1274 region_rec_diffs(5,54) 0 -3 3 -4.2938162999999997e-06
1275 region_rec_diffs(5,55) 0 -3 3 -2.2941506999999999e-06
1276 region_rec_diffs(5,56) 0 -3 3 -6.1232880999999999e-06
1277 region_rec_diffs(5,57) 0 -3 3 1.765828e-06
1278 region_rec_diffs(5,58) 0 -3 3 5.0421700999999995e-07
1279 region_rec_diffs(5,59) 0 -3 3 -6.6740359000000002e-06
1280 region_rec_diffs(5,60) 0 -3 3 -4.3288086999999998e-06
1281 region_rec_diffs(5,61) 0 -3 3 2.8608680999999999e-06
1282 region_rec_diffs(5,62) 0 -3 3 1.1075502999999999e-06
1283 region_rec_diffs(5,63) 0 -3 3 -5.0161651999999998e-08
1284 region_rec_diffs(5,64) 0 -3 3 9.8994490000000008e-07
1285 region_rec_diffs(5,65) 0 -3 3 -2.7004635999999999e-06
1286 region_rec_diffs(5,66) 0 -3 3 -7.0311484999999997e-07
1287 region_rec_diffs(5,67) 0 -3 3 -3.1613083000000002e-06
1288 region_rec_diffs(5,68) 0 -3 3 -7.5665138999999995e-07
1289 region_rec_diffs(5,69) 0 -3 3 -3.2963763999999998e-06
1290 region_rec_diffs(5,70) 0 -3 3 -2.4694448999999998e-06
1291 region_rec_diffs(5,71) 0 -3 3 -8.4033151000000006e-06
1292 region_rec_diffs(5,72) 0 -3 3 3.8710712999999997e-06
1293 region_rec_diffs(5,73) 0 -3 3 6.4239823000000004e-06
1294 region_rec_diffs(5,74) 0 -3 3 7.1265174999999998e-06
1295 region_rec_diffs(5,75) 0 -3 3 3.6661058000000001e-07
1296 region_rec_diffs(5,76) 0 -3 3 -3.9960843e-06
1297 region_rec_diffs(5,77) 0 -3 3 -2.6069406e-07
1298 region_rec_diffs(5,78) 0 -3 3 -5.2752906999999999e-06
1299 region_rec_diffs(5,79) 0 -3 3 3.0621867000000001e-06
1300 region_rec_diffs(5,80) 0 -3 3 3.4466028000000002e-06
1301 region_rec_diffs(5,81) 0 -3 3 6.5587332999999997e-06
1302 region_rec_diffs(5,82) 0 -3 3 -9.1242265000000007e-06
1303 region_rec_diffs(5,83) 0 -3 3 2.7392070999999999e-06
1304 region_rec_diffs(5,84) 0 -3 3 3.9808948000000001e-06
1305 region_rec_diffs(5,85) 0 -3 3 -1.0896040999999999e-05
1306 region_rec_diffs(5,86) 0 -3 3 -1.3180281999999999e-07
1307 region_rec_diffs(5,87) 0 -3 3 6.6680745999999999e-06
1308 region_rec_diffs(5,88) 0 -3 3 -9.5733123999999996e-06
1309 region_rec_diffs(5,89) 0 -3 3 -4.4921570999999998e-06
1310 region_rec_diffs(5,90) 0 -3 3 -1.2312573000000001e-05
1311 region_rec_diffs(5,91) 0 -3 3 -1.4393107e-06
1312 region_rec_diffs(5,92) 0 -3 3 6.8709755999999999e-07
1313 region_rec_diffs(5,93) 0 -3 3 -6.9975107999999997e-06
1314 region_rec_diffs(5,94) 0 -3 3 1.12688e-06
1315 region_rec_diffs(5,95) 0 -3 3 2.4397711000000001e-06
1316 region_rec_diffs(5,96) 0 -3 3 -2.4629300000000002e-06
1317 region_rec_diffs(5,97) 0 -3 3 -2.9406986000000001e-06
1318 region_rec_diffs(5,98) 0 -3 3 -6.8085814e-07
1319 region_rec_diffs(5,99) 0 -3 3 5.1868727999999999e-08
1320 region_rec_diffs(5,100) 0 -3 3 2.9239519999999998e-06
1321 region_rec_diffs(5,101) 0 -3 3 -3.9472002e-07
1322 region_rec_diffs(5,102) 0 -3 3 -1.6254001000000001e-06
1323 region_rec_diffs(5,103) 0 -3 3 -1.5056475e-06
1324 region_rec_diffs(5,104) 0 -3 3 -4.9783266999999995e-07
1325 region_rec_diffs(5,105) 0 -3 3 1.003914e-06
1326 region_rec_diffs(5,106) 0 -3 3 -1.4489293999999999e-06
1327 region_rec_diffs(5,107) 0 -3 3 -3.0991133000000001e-06
1328 region_rec_diffs(5,108) 0 -3 3 5.2935129999999999e-06
1329 region_rec_diffs(5,109) 0 -3 3 -6.7518197999999997e-07
1330 region_rec_diffs(5,110) 0 -3 3 -5.3244108999999995e-07
1331 region_rec_diffs(5,111) 0 -3 3 -1.2705768000000001e-06
1332 region_rec_diffs(5,112) 0 -3 3 2.5514460999999999e-07
1333 region_rec_diffs(5,113) 0 -3 3 -1.7435877999999999e-06
1334 region_rec_diffs(5,114) 0 -3 3 -4.2648573000000002e-07
1335 region_rec_diffs(5,115) 0 -3 3 -2.4187189000000002e-06
1336 region_rec_diffs(5,116) 0 -3 3 5.7325366000000002e-07
1337 region_rec_diffs(5,117) 0 -3 3 1.3409739e-05
1338 region_rec_diffs(5,118) 0 -3 3 -9.0114019000000004e-06
1339 region_rec_diffs(5,119) 0 -3 3 8.2879075999999995e-06
1340 region_rec_diffs(5,120) 0 -3 3 2.0183624e-06
1341 region_rec_diffs(5,121) 0 -3 3 2.0200568999999999e-06
1342 region_rec_diffs(5,122) 0 -3 3 -1.3778061000000001e-06
1343 region_rec_diffs(5,123) 0 -3 3 -5.6116607000000002e-06
1344 region_rec_diffs(5,124) 0 -3 3 -7.3043314000000001e-06
1345 region_rec_diffs(5,125) 0 -3 3 -1.0327935000000001e-05
1346 region_rec_diffs(5,126) 0 -3 3 -3.2001315e-06
1347 region_rec_diffs(5,127) 0 -3 3 -1.5297888e-06
1348 region_rec_diffs(5,128) 0 -3 3 -4.8428161999999999e-06
1349 region_rec_diffs(5,129) 0 -3 3 -5.9694772000000005e-07
1350 region_rec_diffs(5,130) 0 -3 3 4.0845555999999997e-06
1351 region_rec_diffs(5,131) 0 -3 3 4.9123098000000004e-06
1352 region_rec_diffs(5,132) 0 -3 3 -1.8235836e-06
1353 region_rec_diffs(5,133) 0 -3 3 2.4674479000000002e-05
1354 region_rec_diffs(5,134) 0 -3 3 -2.6958347000000002e-06
1355 region_rec_diffs(5,135) 0 -3 3 1.0010361e-05
1356 region_rec_diffs(5,136) 0 -3 3 3.5743696999999998e-06
1357 region_rec_diffs(5,137) 0 -3 3 -1.2587347000000001e-05
1358 region_rec_diffs(5,138) 0 -3 3 3.8808133999999997e-06
1359 region_rec_diffs(5,139) 0 -3 3 7.9374436000000002e-06
1360 region_rec_diffs(5,140) 0 -3 3 -3.3560893000000001e-06
1361 region_rec_diffs(5,141) 0 -3 3 1.5075128e-06
1362 region_rec_diffs(5,142) 0 -3 3 -2.8222679000000001e-06
1363 region_rec_diffs(5,143) 0 -3 3 -5.3507737999999997e-07
1364 region_rec_diffs(5,144) 0 -3 3 1.2112776e-06
1365 region_rec_diffs(5,145) 0 -3 3 2.1680421000000001e-05
1366 region_rec_diffs(5,146) 0 -3 3 4.9484393999999997e-06
1367 region_rec_diffs(5,147) 0 -3 3 -4.5846242999999998e-06
1368 region_rec_diffs(5,148) 0 -3 3 5.0618140000000004e-06
1369 region_rec_diffs(5,149) 0 -3 3 -3.1437801000000001e-06
1370 region_rec_diffs(5,150) 0 -3 3 -2.9710688e-07
1371 region_rec_diffs(5,151) 0 -3 3 -3.1402900999999999e-06
1372 region_rec_diffs(5,152) 0 -3 3 1.5464172e-05
1373 region_rec_diffs(5,153) 0 -3 3 -7.7529313999999995e-06
1374 region_rec_diffs(5,154) 0 -3 3 -7.6151794000000002e-06
1375 region_rec_diffs(5,155) 0 -3 3 -8.9093072000000003e-06
1376 region_rec_diffs(5,156) 0 -3 3 -4.5547014999999997e-06
1377 region_rec_diffs(5,157) 0 -3 3 9.4459854999999993e-06
1378 region_rec_diffs(5,158) 0 -3 3 -1.0769172e-05
1379 region_rec_diffs(5,159) 0 -3 3 -4.1735070000000001e-07
1380 region_rec_diffs(5,160) 0 -3 3 -9.3957224999999994e-08
1381 region_rec_diffs(5,161) 0 -3 3 -1.3590569999999999e-06
1382 region_rec_diffs(5,162) 0 -3 3 -1.0077335e-05
1383 region_rec_diffs(5,163) 0 -3 3 -3.2864444000000001e-06
1384 region_rec_diffs(5,164) 0 -3 3 -8.8702415000000004e-06
1385 region_rec_diffs(5,165) 0 -3 3 3.8444658999999998e-06
1386 region_rec_diffs(5,166) 0 -3 3 -2.5613668999999999e-06
1387 region_rec_diffs(5,167) 0 -3 3 6.2605700000000003e-06
1388 region_rec_diffs(5,168) 0 -3 3 -9.5413554999999998e-06
1389 region_rec_diffs(5,169) 0 -3 3 -3.7081802000000001e-06
1390 region_rec_diffs(5,170) 0 -3 3 -4.3321706999999998e-06
1391 region_rec_diffs(5,171) 0 -3 3 -5.2078439999999999e-06
1392 region_rec_diffs(5,172) 0 -3 3 -4.6481211000000003e-06
1393 region_rec_diffs(5,173) 0 -3 3 -8.85986e-07
1394 region_rec_diffs(5,174) 0 -3 3 4.9405228000000001e-06
1395 region_rec_diffs(5,175) 0 -3 3 2.968339e-06
1396 region_rec_diffs(5,176) 0 -3 3 8.3294737000000005e-08
1397 region_rec_diffs(5,177) 0 -3 3 8.5414322e-06
1398 region_rec_diffs(5,178) 0 -3 3 -9.4674289999999995e-07
1399 region_rec_diffs(5,179) 0 -3 3 3.5252266000000001e-06
1400 region_rec_diffs(5,180) 0 -3 3 1.0279691e-05
1401 region_rec_diffs(5,181) 0 -3 3 3.7385782000000002e-06
1402 region_rec_diffs(5,182) 0 -3 3 -3.6233891000000002e-06
1403 region_rec_diffs(5,183) 0 -3 3 -1.0373791e-06
1404 region_rec_diffs(5,184) 0 -3 3 -4.7572589999999997e-06
1405 region_rec_diffs(5,185) 0 -3 3 3.2999524999999998e-06
1406 region_rec_diffs(5,186) 0 -3 3 1.145314e-05
1407 region_rec_diffs(5,187) 0 -3 3 9.8740131999999994e-06
1408 region_rec_diffs(5,188) 0 -3 3 2.8919000000000001e-07
1409 region_rec_diffs(5,189) 0 -3 3 -2.8519269999999999e-06
1410 region_rec_diffs(5,190) 0 -3 3 3.808592e-06
1411 region_rec_diffs(5,191) 0 -3 3 -1.5010929e-06
1412 region_rec_diffs(5,192) 0 -3 3 -2.2230964e-06
1413 region_rec_diffs(5,193) 0 -3 3 2.2790246999999999e-06
1414 region_rec_diffs(5,194) 0 -3 3 -3.3481665999999999e-06
1415 region_rec_diffs(5,195) 0 -3 3 -7.0028422000000006e-08
1416 region_rec_diffs(5,196) 0 -3 3 4.1599718000000001e-07
1417 region_rec_diffs(5,197) 0 -3 3 3.1890274000000002e-06
1418 region_rec_diffs(5,198) 0 -3 3 -7.0887156000000003e-06
1419 region_rec_diffs(5,199) 0 -3 3 -6.8355811999999998e-06
1420 region_rec_diffs(5,200) 0 -3 3 -4.6864223999999997e-06
1421 region_rec_diffs(5,201) 0 -3 3 -1.026371e-05
1422 region_rec_diffs(5,202) 0 -3 3 -5.5364413000000004e-06
1423 region_rec_diffs(5,203) 0 -3 3 1.2539987e-05
1424 region_rec_diffs(5,204) 0 -3 3 -1.4656271e-06
1425 region_rec_diffs(5,205) 0 -3 3 -3.3957012000000001e-06
1426 region_rec_diffs(5,206) 0 -3 3 4.3496224999999997e-06
1427 region_rec_diffs(5,207) 0 -3 3 -1.110745e-05
1428 region_rec_diffs(5,208) 0 -3 3 2.3800448e-06
1429 region_rec_diffs(5,209) 0 -3 3 -5.5802708999999996e-06
1430 region_rec_diffs(5,210) 0 -3 3 -3.4543664999999999e-06
1431 region_rec_diffs(5,211) 0 -3 3 6.5433017000000003e-06
1432 region_rec_diffs(5,212) 0 -3 3 -8.0656771000000001e-07
1433 region_rec_diffs(5,213) 0 -3 3 -3.4857893999999998e-06
1434 region_rec_diffs(5,214) 0 -3 3 -1.1975996e-06
1435 region_rec_diffs(5,215) 0 -3 3 -5.8102864999999998e-06
1436 region_rec_diffs(5,216) 0 -3 3 -1.4526380000000001e-05
1437 region_rec_diffs(5,217) 0 -3 3 -5.1618395999999999e-06
1438 region_rec_diffs(5,218) 0 -3 3 3.3880095000000002e-06
1439 region_rec_diffs(5,219) 0 -3 3 6.1321744999999997e-06
1440 region_rec_diffs(5,220) 0 -3 3 -7.0778576999999999e-06
1441 region_rec_diffs(5,221) 0 -3 3 1.5995096000000001e-05
1442 region_rec_diffs(5,222) 0 -3 3 2.2648741000000001e-05
1443 region_rec_diffs(5,223) 0 -3 3 -3.0152359000000002e-06
1444 region_rec_diffs(5,224) 0 -3 3 4.3381220000000002e-06
1445 region_rec_diffs(5,225) 0 -3 3 -6.2091716000000001e-06
1446 region_rec_diffs(5,226) 0 -3 3 -1.2925109000000001e-05
1447 region_rec_diffs(5,227) 0 -3 3 -1.7299609999999999e-06
1448 region_rec_diffs(5,228) 0 -3 3 -3.2471649000000002e-06
1449 region_rec_diffs(5,229) 0 -3 3 -9.1682868999999994e-06
1450 region_rec_diffs(5,230) 0 -3 3 8.9843632000000002e-06
1451 region_rec_diffs(5,231) 0 -3 3 3.9011673000000004e-06
1452 region_rec_diffs(5,232) 0 -3 3 8.0574922e-06
1453 region_rec_diffs(5,233) 0 -3 3 -1.1258991999999999e-06
1454 region_rec_diffs(5,234) 0 -3 3 -1.4492693000000001e-06
1455 region_rec_diffs(5,235) 0 -3 3 -2.7942499e-06
1456 region_rec_diffs(5,236) 0 -3 3 6.2315063e-06
1457 region_rec_diffs(5,237) 0 -3 3 7.086261e-07
1458 region_rec_diffs(5,238) 0 -3 3 -2.2787036999999998e-05
1459 region_rec_diffs(5,239) 0 -3 3 -4.6745564000000003e-06
1460 region_rec_diffs(5,240) 0 -3 3 6.5712572999999998e-06
1461 region_rec_diffs(5,241) 0 -3 3 2.1577229000000002e-06
1462 region_rec_diffs(5,242) 0 -3 3 -1.6011089e-05
1463 region_rec_diffs(5,243) 0 -3 3 2.3573333e-05
1464 region_rec_diffs(5,244) 0 -3 3 -1.3987672999999999e-05
1465 region_rec_diffs(5,245) 0 -3 3 -3.3728705000000002e-05
1466 region_rec_diffs(5,246) 0 -3 3 2.2336417e-07
1467 region_rec_diffs(5,247) 0 -3 3 -3.0375155e-06
1468 region_rec_diffs(5,248) 0 -3 3 3.5730658999999998e-07
1469 region_rec_diffs(5,249) 0 -3 3 1.3751578e-06
1470 region_rec_diffs(5,250) 0 -3 3 -2.8984929999999999e-06
1471 region_rec_diffs(5,251) 0 -3 3 -2.4046088999999999e-06
1472 region_rec_diffs(5,252) 0 -3 3 -1.2268604999999999e-06
1473 region_rec_diffs(5,253) 0 -3 3 1.8573181e-06
1474 region_rec_diffs(5,254) 0 -3 3 1.1094037e-07
1475 region_rec_diffs(5,255) 0 -3 3 -4.1822383999999999e-06
1476 region_rec_diffs(5,256) 0 -3 3 -3.8343314000000003e-06
1477 region_rec_diffs(5,257) 0 -3 3 -4.3833253999999998e-06
1478 region_rec_diffs(5,258) 0 -3 3 -2.4056686000000001e-06
1479 region_rec_diffs(5,259) 0 -3 3 -5.1004141000000002e-06
1480 region_rec_diffs(5,260) 0 -3 3 1.0248142999999999e-06
1481 region_rec_diffs(5,261) 0 -3 3 -1.6111361999999999e-06
1482 region_rec_diffs(5,262) 0 -3 3 8.9331758000000002e-07
1483 region_rec_diffs(5,263) 0 -3 3 6.3812371000000003e-06
1484 region_rec_diffs(5,264) 0 -3 3 8.0750446999999997e-06
1485 region_rec_diffs(5,265) 0 -3 3 3.9607831000000004e-06
1486 region_rec_diffs(5,266) 0 -3 3 -8.5975532000000001e-06
1487 region_rec_diffs(5,267) 0 -3 3 -7.1624807000000003e-06
1488 region_rec_diffs(5,268) 0 -3 3 -3.8909956999999997e-06
1489 region_rec_diffs(5,269) 0 -3 3 1.9854275e-07
1490 region_rec_diffs(5,270) 0 -3 3 -3.0457822999999999e-06
1491 region_rec_diffs(5,271) 0 -3 3 1.9761362000000001e-07
1492 region_rec_diffs(5,272) 0 -3 3 -1.4170591999999999e-05
1493 region_rec_diffs(5,273) 0 -3 3 2.0091150000000002e-06
1494 region_rec_diffs(5,274) 0 -3 3 5.6057502e-07
1495 region_rec_diffs(5,275) 0 -3 3 6.0794473999999998e-06
1496 region_rec_diffs(5,276) 0 -3 3 1.3138353e-07
1497 region_rec_diffs(5,277) 0 -3 3 1.2696257e-05
1498 region_rec_diffs(5,278) 0 -3 3 -9.4226259999999997e-06
1499 region_rec_diffs(5,279) 0 -3 3 5.1965598000000002e-06
1500 region_rec_diffs(5,280) 0 -3 3 -5.1656421000000004e-07
1501 region_rec_diffs(5,281) 0 -3 3 -4.5990275999999997e-06
1502 region_rec_diffs(5,282) 0 -3 3 5.2133874999999995e-07
1503 region_rec_diffs(5,283) 0 -3 3 -1.9851178e-06
1504 region_rec_diffs(5,284) 0 -3 3 -2.8884520999999998e-06
1505 region_rec_diffs(5,285) 0 -3 3 -2.6608168999999999e-06
1506 region_rec_diffs(5,286) 0 -3 3 9.9185577e-08
1507 region_rec_diffs(5,287) 0 -3 3 1.8913722e-06
1508 region_rec_diffs(5,288) 0 -3 3 3.0632804e-06
1509 region_rec_diffs(5,289) 0 -3 3 7.0203373999999997e-06
1510 region_rec_diffs(5,290) 0 -3 3 8.5622749999999997e-07
1511 region_rec_diffs(5,291) 0 -3 3 3.1252215000000001e-07
1512 bs_selcoff_gp:1(1,1,1,1) -3.8882421849969102 -20 7 -9.2103813000000003e-06
1513 bs_selcoff_gp:1(1,1,1,2) -1.05418594794748 -20 7 2.2069557e-06
1514 bs_selcoff_gp:1(1,1,1,3) 0.682519051276952 -20 7 -1.654985e-06
1515 bs_selcoff_gp:1(1,1,1,4) 0.30922808309411598 -20 7 2.1645998000000001e-06
1516 bs_selcoff_gp:1(1,1,1,5) 0.27743908830108299 -20 7 3.0524277999999998e-06
1517 bs_selcoff_gp:2(2,1,1,1) -4.2031918451059003 -20 7 -3.0275521999999999e-06
1518 bs_selcoff_gp:2(2,1,1,2) -2.2361193900532301 -20 7 3.1444048999999999e-06
1519 bs_selcoff_gp:2(2,1,1,3) 0.22686575758154201 -20 7 7.4992240999999999e-06
1520 bs_selcoff_gp:2(2,1,1,4) 0.32284607454311498 -20 7 7.3958159000000001e-06
1521 bs_selcoff_gp:2(2,1,1,5) 0.77062987735347099 -20 7 -6.3203309000000001e-06
1522 bs_selcoff_gp:3(3,1,1,1) -5.0269970442262002 -20 7 -1.2365119999999999e-05
1523 bs_selcoff_gp:3(3,1,1,2) -2.2755254237815201 -20 7 -9.9875809000000005e-06
1524 bs_selcoff_gp:3(3,1,1,3) 0.49633617830260901 -20 7 -9.5638592999999994e-06
1525 bs_selcoff_gp:3(3,1,1,4) 0.448193430462201 -20 7 -3.9259017999999997e-06
1526 bs_selcoff_gp:3(3,1,1,5) 0.49918788542243298 -20 7 6.3687179999999998e-06
1527 bs_selcoff_gp:4(4,1,1,1) -4.0794441316569401 -20 7 -7.6578920999999997e-07
1528 bs_selcoff_gp:4(4,1,1,2) -0.32250382194529997 -20 7 -1.2380552999999999e-06
1529 bs_selcoff_gp:4(4,1,1,3) 0.29113271828881099 -20 7 3.9578677999999999e-06
1530 bs_selcoff_gp:4(4,1,1,4) 0.52173250432982998 -20 7 -3.4651430000000002e-06
1531 bs_selcoff_gp:4(4,1,1,5) 0.18792464584038601 -20 7 4.9010223000000002e-06
1532 bs_selcoff_gp:5(5,1,1,1) -3.2076188219623698 -20 7 8.2651967000000004e-06
1533 bs_selcoff_gp:5(5,1,1,2) -3.3018479181093201 -20 7 -1.8568324e-06
1534 bs_selcoff_gp:5(5,1,1,3) -2.95510010535095 -20 7 -7.7812714e-06
1535 bs_selcoff_gp:5(5,1,1,4) 0.62113622719263994 -20 7 -5.1043460000000004e-06
1536 bs_selcoff_gp:5(5,1,1,5) 1.09568079555623 -20 7 2.3448217999999999e-05
1537 bs_selcoff_gp:6(6,1,1,1) -3.5380560228750402 -20 7 5.0041790000000004e-06
1538 bs_selcoff_gp:6(6,1,1,2) -1.1023662015412601 -20 7 1.6065396999999999e-05
1539 bs_selcoff_gp:6(6,1,1,3) 0.67842512505051999 -20 7 -9.7112543000000003e-06
1540 bs_selcoff_gp:6(6,1,1,4) 0.76386424791740004 -20 7 9.5595656999999996e-06
1541 bs_selcoff_gp:6(6,1,1,5) -0.66441576357961196 -20 7 1.2044716000000001e-05
1542 bs_selcoff_gp:7(7,1,1,1) -3.6434000597913698 -20 7 -1.9481029e-06
1543 bs_selcoff_gp:7(7,1,1,2) -1.56290918068633 -20 7 -1.8633112999999999e-06
1544 bs_selcoff_gp:7(7,1,1,3) -0.030681443869085001 -20 7 9.6115342000000002e-07
1545 bs_selcoff_gp:7(7,1,1,4) 0.85446760760029905 -20 7 3.2737206000000001e-07
1546 bs_selcoff_gp:7(7,1,1,5) 0.38181520529583302 -20 7 -4.7606287000000001e-06
1547 bs_selcoff_gp:8(8,1,1,1) -3.1344232153525202 -20 7 -3.6244580999999998e-06
1548 bs_selcoff_gp:8(8,1,1,2) -2.0318113089289298 -20 7 5.2213967999999999e-06
1549 bs_selcoff_gp:8(8,1,1,3) -0.45160032021015101 -20 7 1.2023025e-05
1550 bs_selcoff_gp:8(8,1,1,4) 0.59271833095808901 -20 7 -6.3142333999999996e-06
1551 bs_selcoff_gp:8(8,1,1,5) 0.87288273706129305 -20 7 5.9339482000000004e-06
1552 bs_selcoff_gp:9(9,1,1,1) -4.5917941256809103 -20 7 -5.6375242000000004e-06
1553 bs_selcoff_gp:9(9,1,1,2) -3.2272913858623302 -20 7 -2.8073419e-05
1554 bs_selcoff_gp:9(9,1,1,3) -0.86975077107228704 -20 7 -2.3931069000000001e-07
1555 bs_selcoff_gp:9(9,1,1,4) 1.0692042344225601 -20 7 -7.9027016999999998e-07
1556 bs_selcoff_gp:9(9,1,1,5) 0.45661832394546997 -20 7 -2.1158014000000001e-06
1557 bs_selcoff_gp:10(10,1,1,1) -2.5989099663319601 -20 7 6.8891164e-06
1558 bs_selcoff_gp:10(10,1,1,2) -0.99746312799077996 -20 7 5.8196518e-06
1559 bs_selcoff_gp:10(10,1,1,3) 0.22759792903664799 -20 7 3.2024197999999999e-05
1560 bs_selcoff_gp:10(10,1,1,4) 0.521041430977494 -20 7 -1.1128628e-05
1561 bs_selcoff_gp:10(10,1,1,5) 0.50048300765922704 -20 7 -7.3976971000000004e-06
1562 bs_selcoff_gp:11(11,1,1,1) -5.3149732077077099 -20 7 -4.1600398000000004e-06
1563 bs_selcoff_gp:11(11,1,1,2) -2.8209596413587801 -20 7 -1.7369718999999999e-05
1564 bs_selcoff_gp:11(11,1,1,3) 0.32751628232972202 -20 7 -4.1584599999999998e-06
1565 bs_selcoff_gp:11(11,1,1,4) 0.79618374135387504 -20 7 -9.9517303000000002e-07
1566 bs_selcoff_gp:11(11,1,1,5) 0.25876027712071398 -20 7 5.4910805999999998e-06
1567 bs_selcoff_gp:12(12,1,1,1) 0.66653943755684997 -20 7 -1.9384641e-05
1568 bs_selcoff_gp:12(12,1,1,2) 0.62390597833672601 -20 7 1.6567849000000002e-05
1569 bs_selcoff_gp:12(12,1,1,3) -0.015731357819177599 -20 7 1.9813971000000001e-05
1570 bs_selcoff_gp:12(12,1,1,4) -1.92135343455458 -20 7 -2.1615493000000001e-05
1571 bs_selcoff_gp:12(12,1,1,5) -2.3127990842710702 -20 7 -4.1399997000000004e-06
1572 bs_selcoff_gp:13(13,1,1,1) -0.83593488908177305 -20 7 1.7047369000000001e-05
1573 bs_selcoff_gp:13(13,1,1,2) 1.11760570735009 -20 7 -1.0756131999999999e-05
1574 bs_selcoff_gp:13(13,1,1,3) -0.035714808191208598 -20 7 2.2048652999999999e-05
1575 bs_selcoff_gp:13(13,1,1,4) -0.67830745514368096 -20 7 2.078178e-05
1576 bs_selcoff_gp:13(13,1,1,5) -3.34019802307271 -20 7 -1.034957e-05
1577 bs_selcoff_gp:14(14,1,1,1) -3.2288455599891401 -20 7 -3.2360126e-06
1578 bs_selcoff_gp:14(14,1,1,2) -2.0306302199089101 -20 7 -3.0029539000000002e-07
1579 bs_selcoff_gp:14(14,1,1,3) 0.37134606595042302 -20 7 1.4660844000000001e-05
1580 bs_selcoff_gp:14(14,1,1,4) -0.92109866087421099 -20 7 -1.0864922e-05
1581 bs_selcoff_gp:14(14,1,1,5) 1.09954819397118 -20 7 2.8047286e-06
1582 bs_selcoff_gp:15(15,1,1,1) -0.98649034078772901 -20 7 1.7891553000000001e-05
1583 bs_selcoff_gp:15(15,1,1,2) -1.35662592538659 -20 7 3.8809392000000003e-06
1584 bs_selcoff_gp:15(15,1,1,3) -0.76536670667673301 -20 7 -8.0875776000000003e-06
1585 bs_selcoff_gp:15(15,1,1,4) -2.9558855846921399 -20 7 -3.1121868e-06
1586 bs_selcoff_gp:15(15,1,1,5) 1.3555860845110199 -20 7 6.4002078999999996e-06
1587 bs_selcoff_gp:16(16,1,1,1) -0.19577621947834301 -20 7 -3.1255850000000003e-05
1588 bs_selcoff_gp:16(16,1,1,2) 1.29549639598407 -20 7 -2.9361339999999998e-06
1589 bs_selcoff_gp:16(16,1,1,3) -3.2607463518202202 -20 7 1.0143768e-05
1590 bs_selcoff_gp:16(16,1,1,4) -0.83902288304343697 -20 7 3.2677654000000001e-05
1591 bs_selcoff_gp:16(16,1,1,5) -1.6617633746188201 -20 7 5.8279740000000005e-07
1592 bs_selcoff_gp:17(17,1,1,1) 0.010524258457177599 -20 7 -1.4089156e-05
1593 bs_selcoff_gp:17(17,1,1,2) 1.3043833433565399 -20 7 6.3364946000000001e-06
1594 bs_selcoff_gp:17(17,1,1,3) -3.4216115075385098 -20 7 -5.3944651999999997e-06
1595 bs_selcoff_gp:17(17,1,1,4) -1.7587076832797099 -20 7 7.5243543000000001e-06
1596 bs_selcoff_gp:17(17,1,1,5) -1.90960790906033 -20 7 -7.2001522999999997e-07
1597 bs_selcoff_gp:18(18,1,1,1) 0.208468524209906 -20 7 1.1795643999999999e-06
1598 bs_selcoff_gp:18(18,1,1,2) 1.20857373857853 -20 7 -3.3144253999999998e-06
1599 bs_selcoff_gp:18(18,1,1,3) -1.2509684323162999 -20 7 4.9031910000000003e-06
1600 bs_selcoff_gp:18(18,1,1,4) -2.30682184946764 -20 7 1.2093503e-05
1601 bs_selcoff_gp:18(18,1,1,5) -2.25427247235318 -20 7 -1.0210853000000001e-05
1602 bs_selcoff_gp:19(19,1,1,1) -0.50552321509984199 -20 7 1.0097954e-05
1603 bs_selcoff_gp:19(19,1,1,2) 1.34379564684091 -20 7 1.6118504999999999e-07
1604 bs_selcoff_gp:19(19,1,1,3) -0.96598092723955997 -20 7 -1.1216442e-05
1605 bs_selcoff_gp:19(19,1,1,4) -1.9754644179693199 -20 7 -3.5146364000000001e-06
1606 bs_selcoff_gp:19(19,1,1,5) -2.4876873434103501 -20 7 1.7412584e-05
1607 bs_selcoff_gp:20(20,1,1,1) -1.26011922440656 -20 7 -7.1877182999999997e-06
1608 bs_selcoff_gp:20(20,1,1,2) -0.0551998378320704 -20 7 1.1276583e-05
1609 bs_selcoff_gp:20(20,1,1,3) 0.47377525537482501 -20 7 3.8947791000000002e-08
1610 bs_selcoff_gp:20(20,1,1,4) 0.31395307826943197 -20 7 -3.0600724999999999e-06
1611 bs_selcoff_gp:20(20,1,1,5) -0.21269289791502599 -20 7 6.3566434000000004e-07
1612 bs_selcoff_gp:21(21,1,1,1) -1.4584108058097101 -20 7 2.4818887e-06
1613 bs_selcoff_gp:21(21,1,1,2) 1.4004806134852399 -20 7 -3.1161799000000001e-05
1614 bs_selcoff_gp:21(21,1,1,3) -1.3727184786264499 -20 7 -2.2409235000000001e-06
1615 bs_selcoff_gp:21(21,1,1,4) -0.85627035245129302 -20 7 4.2300739e-05
1616 bs_selcoff_gp:21(21,1,1,5) -1.39709192761696 -20 7 1.2495215e-05
1617 bs_selcoff_gp:22(22,1,1,1) 0.19192731680165301 -20 7 -2.6960579000000001e-06
1618 bs_selcoff_gp:22(22,1,1,2) 0.87939247600775206 -20 7 -1.0586195999999999e-05
1619 bs_selcoff_gp:22(22,1,1,3) 0.011071425697458901 -20 7 -9.2695122999999992e-06
1620 bs_selcoff_gp:22(22,1,1,4) -1.0892776418029699 -20 7 1.6132559e-05
1621 bs_selcoff_gp:22(22,1,1,5) -3.0659687895534899 -20 7 3.1467231999999997e-05
1622 bs_selcoff_gp:23(23,1,1,1) -2.4410698473168599 -20 7 -7.7034000999999997e-06
1623 bs_selcoff_gp:23(23,1,1,2) 1.0528470938411301 -20 7 -9.1391813e-06
1624 bs_selcoff_gp:23(23,1,1,3) 0.453754573831404 -20 7 1.2923432e-05
1625 bs_selcoff_gp:23(23,1,1,4) -0.887428351149396 -20 7 -1.6467958000000001e-05
1626 bs_selcoff_gp:23(23,1,1,5) -2.1821207839128398 -20 7 1.0616794999999999e-05
1627 bs_selcoff_gp:24(24,1,1,1) -1.91135853820332 -20 7 1.6548095000000001e-05
1628 bs_selcoff_gp:24(24,1,1,2) 1.55705638875274 -20 7 -2.8022191999999998e-06
1629 bs_selcoff_gp:24(24,1,1,3) -2.6717608292305299 -20 7 -1.2566904000000001e-06
1630 bs_selcoff_gp:24(24,1,1,4) -2.9201415675223501 -20 7 -2.5501179000000001e-06
1631 bs_selcoff_gp:24(24,1,1,5) -2.8531062773941498 -20 7 4.0967119000000002e-07
1632 bs_selcoff_gp:25(25,1,1,1) -2.3562901780730301 -20 7 2.1529425000000002e-06
1633 bs_selcoff_gp:25(25,1,1,2) 0.43969637552969598 -20 7 -2.7205694e-05
1634 bs_selcoff_gp:25(25,1,1,3) 0.75767902289025502 -20 7 1.1021628999999999e-06
1635 bs_selcoff_gp:25(25,1,1,4) 0.67401866192383197 -20 7 1.3965872e-05
1636 bs_selcoff_gp:25(25,1,1,5) -0.49275146780897899 -20 7 3.4235712000000001e-05
1637 bs_selcoff_gp:25(25,1,1,6) -1.0738084325472099 -20 7 1.7135415999999999e-05
1638 bs_selcoff_gp:25(25,1,1,7) -1.92620021432434 -20 7 7.1354928999999998e-06
1639 bs_selcoff_gp:26(26,1,1,1) -1.9147118034927899 -20 7 -1.6511899000000001e-05
1640 bs_selcoff_gp:26(26,1,1,2) 0.87849163698677701 -20 7 -6.1688807e-07
1641 bs_selcoff_gp:26(26,1,1,3) 0.77932300530249399 -20 7 -1.0814130000000001e-05
1642 bs_selcoff_gp:26(26,1,1,4) 0.541198816625442 -20 7 9.3798446999999995e-06
1643 bs_selcoff_gp:26(26,1,1,5) -0.84515727430945697 -20 7 -5.2721420999999997e-05
1644 bs_selcoff_gp:26(26,1,1,6) -2.5912212076774002 -20 7 -1.1527379999999999e-05
1645 bs_selcoff_gp:26(26,1,1,7) -3.74992469168112 -20 7 -1.5299827999999999e-05
1646 bs_selcoff_gp:27(27,1,1,1) -2.8703107454720098 -20 7 -8.7674577000000006e-06
1647 bs_selcoff_gp:27(27,1,1,2) 1.16420440665182 -20 7 -1.1523114999999999e-05
1648 bs_selcoff_gp:27(27,1,1,3) 0.24989981576283801 -20 7 1.4716023000000001e-05
1649 bs_selcoff_gp:27(27,1,1,4) -0.96468439088745195 -20 7 2.5950874000000001e-05
1650 bs_selcoff_gp:27(27,1,1,5) -2.3127348029104202 -20 7 1.1098344e-06
1651 bs_selcoff_gp:28(28,1,1,1) -2.6089837932791 -20 7 5.4298450999999996e-07
1652 bs_selcoff_gp:28(28,1,1,2) 1.0816677746346199 -20 7 -4.3348932999999996e-06
1653 bs_selcoff_gp:28(28,1,1,3) -1.4806518749476301 -20 7 4.3794706000000002e-06
1654 bs_selcoff_gp:28(28,1,1,4) -0.18957016479123101 -20 7 -1.5215927999999999e-06
1655 bs_selcoff_gp:28(28,1,1,5) -0.020809535122093999 -20 7 1.4682511000000001e-05
1656 bs_selcoff_gp:29(29,1,1,1) -4.0057292821589101 -20 7 -2.4095141000000001e-05
1657 bs_selcoff_gp:29(29,1,1,2) -1.3062087356058101 -20 7 -5.8037767999999999e-06
1658 bs_selcoff_gp:29(29,1,1,3) 0.457009008189321 -20 7 -8.5506324999999997e-06
1659 bs_selcoff_gp:29(29,1,1,4) 0.42567582472888799 -20 7 2.7325762e-06
1660 bs_selcoff_gp:29(29,1,1,5) 0.51300888418806401 -20 7 -4.1218028000000001e-06
1661 bs_selcoff_gp:30(30,1,1,1) -4.1719527335539697 -20 7 1.3071314e-05
1662 bs_selcoff_gp:30(30,1,1,2) -0.343557068551121 -20 7 -6.9844700000000002e-06
1663 bs_selcoff_gp:30(30,1,1,3) 0.187633088535129 -20 7 -1.5944846999999999e-06
1664 bs_selcoff_gp:30(30,1,1,4) 0.57903341518713303 -20 7 -1.1328406000000001e-06
1665 bs_selcoff_gp:30(30,1,1,5) 0.21492428530164201 -20 7 -3.3078267999999997e-05
1666 bs_selcoff_gp:31(31,1,1,1) -4.2570407536453398 -20 7 -7.0299509999999997e-06
1667 bs_selcoff_gp:31(31,1,1,2) -1.82783571988077 -20 7 -4.4923472000000003e-08
1668 bs_selcoff_gp:31(31,1,1,3) 0.109978476898846 -20 7 -5.3987973999999998e-06
1669 bs_selcoff_gp:31(31,1,1,4) 0.87020684632329903 -20 7 2.1526660000000001e-06
1670 bs_selcoff_gp:31(31,1,1,5) 0.29822244130012299 -20 7 -2.5713964000000001e-06
1671 bs_selcoff_gp:32(32,1,1,1) -3.5536386403830398 -20 7 -1.0538918000000001e-06
1672 bs_selcoff_gp:32(32,1,1,2) -2.1496445418218499 -20 7 -5.0261011e-07
1673 bs_selcoff_gp:32(32,1,1,3) 0.031116783806311301 -20 7 -1.3174556000000001e-05
1674 bs_selcoff_gp:32(32,1,1,4) 0.561976360735155 -20 7 -3.8459572999999998e-06
1675 bs_selcoff_gp:32(32,1,1,5) 0.68392627268802597 -20 7 3.5886930000000001e-06
1676 bs_selcoff_gp:33(33,1,1,1) -3.8021023517907802 -20 7 -4.4151379000000001e-06
1677 bs_selcoff_gp:33(33,1,1,2) -3.0122594314083799 -20 7 -5.7499412999999999e-07
1678 bs_selcoff_gp:33(33,1,1,3) 0.18690949774957499 -20 7 3.0078241999999999e-06
1679 bs_selcoff_gp:33(33,1,1,4) 0.500265233502596 -20 7 3.8140644000000001e-06
1680 bs_selcoff_gp:33(33,1,1,5) 0.75236821954521804 -20 7 -2.0283935000000001e-06
1681 recr(2) 0.89485641537100802 -20 20 2.2071813e-05
1682 recr(3) 0.92871785178787292 -20 20 -2.0607448e-05
1683 recr(4) 0.93893233690492595 -20 20 -4.4570273999999998e-05
1684 recr(5) 0.93022781033212854 -20 20 2.1425353000000001e-05
1685 recr(6) -0.90748777451318907 -20 20 1.8105429e-05
1686 recr(7) -0.77731182889237671 -20 20 -2.1866857999999999e-06
1687 recr(8) -0.53928614531293573 -20 20 5.7363215000000001e-06
1688 recr(9) 0.020234217122478807 -20 20 -3.8573703999999999e-06
1689 recr(10) 0.48391531817169947 -20 20 -1.247096e-05
1690 recr(11) 1.1661255286076098 -20 20 -1.1750127999999999e-05
1691 recr(12) 1.3239819753588831 -20 20 5.0503089000000003e-06
1692 recr(13) 1.5100761358749502 -20 20 -6.2770699000000001e-06
1693 recr(14) 1.2724073700022416 -20 20 -8.8515872999999993e-06
1694 recr(15) -0.16605097291063214 -20 20 -1.2164478e-05
1695 recr(16) -0.88909491101552574 -20 20 -4.9477554000000003e-06
1696 recr(17) -0.20731104675576562 -20 20 -9.3761473999999999e-06
1697 recr(18) 1.3455437727345005 -20 20 -1.8783544000000001e-05
1698 recr(19) -0.38343476997776832 -20 20 1.7774986999999999e-07
1699 recr(20) -0.48675936676187015 -20 20 -5.2655570999999998e-06
1700 recr(21) 0.14188570698271682 -20 20 2.0782211999999998e-05
1701 recr(22) 0.63013377248044355 -20 20 1.3015402e-05
1702 recr(23) -0.037437371279999118 -20 20 -7.0425302000000002e-06
1703 recr(24) -0.83574744201557782 -20 20 -3.3791585e-06
1704 recr(25) -0.28191073798302912 -20 20 -1.3137719999999999e-05
1705 recr(26) -0.45259633649909931 -20 20 -1.1320139e-05
1706 recr(27) 0.016213642217912088 -20 20 -1.5460605e-07
1707 recr(28) 0.14620568912432125 -20 20 -2.6991370000000001e-06
1708 recr(29) 1.7876062364201355 -20 20 8.3001075999999996e-07
1709 recr(30) 0.66185484125140315 -20 20 -6.9375048999999996e-06
1710 recr(31) -0.34388243534017721 -20 20 -2.1736747000000002e-06
1711 recr(32) -0.47434782318553603 -20 20 1.4703666e-05
1712 recr(33) -0.15757524312955021 -20 20 -1.4037089e-05
1713 recr(34) 0.6027745148044229 -20 20 -7.1742248e-06
1714 recr(35) 0.092499249558382027 -20 20 -5.0681849999999998e-06
1715 recr(36) -0.34110395922843462 -20 20 2.1899799000000001e-05
1716 recr(37) 1.0686682286935714 -20 20 -9.5331454999999997e-06
1717 recr(38) 0.1335737238613032 -20 20 -4.2273752000000002e-06
1718 recr(39) -1.8323105694127315 -20 20 -7.2396244999999996e-06
1719 recr(40) -1.0072565379826264 -20 20 9.5078453000000003e-06
1720 recr(41) 0.053963603734874868 -20 20 -3.8571091000000003e-06
1721 recr(42) 1.1206978893832857 -20 20 9.8519895999999994e-06
1722 recr(43) -0.50937972720273794 -20 20 7.8675560000000003e-06
1723 recr(44) -0.32427423133145744 -20 20 -8.1546043000000006e-06
1724 recr(45) 1.1112084752581628 -20 20 1.6598529e-06
1725 recr(46) -0.41817824127651121 -20 20 -6.1436466000000004e-06
1726 recr(47) -0.23816551706560327 -20 20 -7.4823629000000002e-06
1727 recr(48) 0.29007250518947703 -20 20 1.3988868e-06
1728 recr(49) 1.3249715475901731 -20 20 -1.1461350999999999e-05
1729 recr(50) -0.033270600967732489 -20 20 -3.9783558999999996e-06
1730 recr(51) -1.3932514811595329 -20 20 -7.9189671999999995e-06
1731 recr(52) -1.143945935055765 -20 20 3.2561511999999999e-06
1732 recr(53) 0.77211398096487316 -20 20 -9.1722151999999993e-06
1733 recr(54) 0.23348249873620414 -20 20 -2.4623514000000001e-05
1734 recr(55) -0.89092161219466626 -20 20 -1.2109118999999999e-05
1735 recr(56) -1.6865937636679751 -20 20 -1.3366436e-06
1736 recr(57) -0.98579349092180268 -20 20 -4.4565049999999999e-06
1737 recr(58) 1.2194420198358813 -20 20 -4.8789158999999996e-06
1738 recr(59) 0.25932922093394678 -20 20 -6.6290231999999999e-06
1739 recr(60) -0.49510843266498794 -20 20 -5.5143615999999997e-06
1740 recr(61) 1.4382767798062512 -20 20 -4.7119336999999996e-06
1741 recr(62) -1.4943679324356451 -20 20 -5.6551703999999999e-06
1742 recr(63) -0.81277348232077185 -20 20 5.9908126000000003e-06
1743 recr(64) -0.47579597720511324 -20 20 -1.8537416e-05
1744 recr(65) 0.7547942906260281 -20 20 1.6509728e-06
1745 recr(66) -1.0913834442600612 -20 20 -3.0107582000000002e-07
1746 recr(67) -1.3768849134582131 -20 20 -7.3526044000000004e-06
1747 recr(68) 1.0294332510468653 -20 20 5.764137e-06
1748 recr(69) -0.21863059084654837 -20 20 -1.0918325e-05
1749 recr(70) 0.10929586154570813 -20 20 -2.1798219999999999e-05
1750 recr(71) -0.81788144880239588 -20 20 -6.7202959999999999e-07
1751 recr(72) 0.92482939629830496 -20 20 2.9157988999999999e-07
1752 recr(73) 0.92149182022966358 -20 20 2.8589094000000001e-06
1753 recr(74) 0.55215447663806705 -20 20 -8.1331944000000003e-06
1754 recr(75) -2.2253226518885629 -20 20 6.2816277999999995e-07
1755 recr(76) -1.3188036071369802 -20 20 -4.0220708999999997e-05
1756 recr(77) -0.93604368260707149 -20 20 -5.1521759999999997e-06
1757 recr(78) -1.2050968352074085 -20 20 -1.4548129e-05
1758 recr(79) -2.2035259703896295 -20 20 -6.7733070999999999e-06
1759 recr(80) 1.0095231473593429 -20 20 -9.1248595000000001e-07
1760 recr(81) 0.01253319088664427 -20 20 -1.1826248e-05
1761 recr(82) 0.056429229680468297 -20 20 8.6180232000000006e-06
1762 recr(83) 0.16153517901150691 -20 20 8.7582930999999999e-08
1763 recr(84) -0.6363327898975828 -20 20 -3.7857488e-06
1764 recr(85) 0.38579902292226487 -20 20 -2.9213721000000001e-06
1765 recr(86) 0.53175226287759625 -20 20 -1.2430129000000001e-05
1766 recr(87) -1.1599907627789805 -20 20 -4.8884402999999997e-06
1767 recr(88) 0.6480954248820282 -20 20 -1.2530226e-05
1768 recr(89) -0.37208103273921656 -20 20 6.7576339e-06
1769 recr(90) -1.4230476948564286 -20 20 -9.9992011000000005e-07
1770 recr(91) 0.065385791895063272 -20 20 -7.7920873000000004e-06
1771 recr(92) -0.1673122813837688 -20 20 -5.6647466999999997e-06
1772 recr(93) -0.76869243391278697 -20 20 8.8418687999999995e-06
1773 recr(94) 1.5278647220842176 -20 20 -6.5384761000000003e-06
1774 recr(95) 1.2855210951900133 -20 20 -6.7264868000000003e-06
1775 recr(96) -0.61388595893347575 -20 20 1.6963923999999999e-06
1776 recr(97) -0.18474466934729214 -20 20 -6.6963831000000001e-06
1777 recr(98) -1.1677172092325274 -20 20 -1.4879832e-05
1778 recr(99) -0.3715837989361816 -20 20 -8.6238894000000002e-06
1779 recr(100) -0.41632861536601884 -20 20 -1.743105e-05
1780 recr(101) 1.170552857612112 -20 20 1.1144561999999999e-05
1781 recr(102) -2.0350038423208967 -20 20 -1.5070564999999999e-06
1782 recr(103) -1.4504566640206873 -20 20 4.1597659999999999e-06
1783 recr(104) 1.2650002914892453 -20 20 -4.6152435000000001e-06
1784 recr(105) 0.23306241669958488 -20 20 -4.4331046999999996e-06
1785 recr(106) -1.9781381984325987 -20 20 -3.8415915999999998e-06
1786 recr(107) -2.3826799683175142 -20 20 -6.8514414000000004e-06
1787 recr(108) -1.2065561701589089 -20 20 -2.9466730999999999e-06
1788 recr(109) 0.64192453968046104 -20 20 -4.3402542999999996e-06
1789 recr(110) -0.95480620047674725 -20 20 -5.8684409000000001e-06
1790 recr(111) -0.153407837328352 -20 20 5.4986740000000001e-06
1791 recr(112) -0.26795958456765595 -20 20 -5.3598048000000004e-06
1792 recr(113) 0.60257315520287325 -20 20 -7.8112860999999992e-06
1793 recr(114) 0.54941306090309661 -20 20 5.5790646999999999e-06
1794 recr(115) -0.83643021829073017 -20 20 5.9593265999999998e-06
1795 recr(116) -0.11750294440986066 -20 20 -5.3669236000000003e-06
1796 recr(117) 0.93222256522924662 -20 20 -1.5228927e-05
1797 recr(118) -0.46546772025640626 -20 20 -1.6268836000000001e-05
1798 recr(119) 0.68356964490215777 -20 20 3.1810782000000001e-05
1799 recr(120) 0.69100127436566183 -20 20 -8.2076333999999992e-06
1800 recr(121) 0.46169298472188458 -20 20 -1.9179509999999999e-05
1801 recr(122) 0.67967505389679772 -20 20 -4.1444927000000001e-06
1802 recr(123) 0.78831388279674264 -20 20 5.1616509000000003e-06
1803 recr(124) -0.46871505509064504 -20 20 4.3220280999999999e-08
1804 recr(125) 0.20351327679975825 -20 20 -1.1417183999999999e-05
1805 recr(126) 0.39522003390980992 -20 20 5.2479929999999996e-06
1806 recr(127) 0.22362439888169411 -20 20 2.1018719000000001e-05
1807 recr(128) 0.38887744490763232 -20 20 -1.6323501999999999e-05
1808 recr(129) -0.67163727467356094 -20 20 4.0066138e-06
1809 recr(130) -0.090579742863475615 -20 20 -1.5111135000000001e-05
1810 recr(131) -0.59751821127385463 -20 20 -2.0651384999999998e-06
1811 recr(132) 0.30843939443565577 -20 20 3.6009541999999998e-06
1812 recr(133) 1.120554677057924 -20 20 -1.3104385e-05
1813 recr(134) -0.61182474710572232 -20 20 -3.8696677999999996e-06
1814 recr(135) 0.040199253182860051 -20 20 8.9245413999999993e-06
1815 recr(136) 1.2204862073341896 -20 20 4.2505957999999996e-06
1816 recr(137) 0.77677817605139288 -20 20 -2.4860444e-05
1817 recr(138) -0.88021771273553284 -20 20 2.4608614000000002e-06
1818 recr(139) -0.14506577436450377 -20 20 -2.4934395999999999e-05
1819 recr(140) 0.35737226691442409 -20 20 4.9398181999999996e-06
1820 recr(141) 0.38300719955659207 -20 20 1.465826e-05
1821 recr(142) -1.2468018521791921 -20 20 -7.8168385999999997e-06
1822 recr(143) -0.4456013078087338 -20 20 -1.3197106000000001e-05
1823 recr(144) 1.3536973865060311 -20 20 6.0997281000000001e-06
1824 recr(145) 1.2648278085558753 -20 20 -1.6942181999999999e-05
1825 recr(146) 0.113644470347721 -20 20 -5.9175608999999999e-06
1826 recr(147) -1.520601877123082 -20 20 -3.8651520000000002e-06
1827 recr(148) 1.2059646466987184 -20 20 4.6420155999999996e-06
1828 recr(149) -0.254872007399495 -20 20 -1.7368294e-06
1829 recr(150) -1.6225811088396536 -20 20 -6.6764201999999997e-06
1830 recr(151) 0.39508793366926953 -20 20 1.2305427999999999e-07
1831 recr(152) 0.33484809461168374 -20 20 -3.5292707999999997e-05
1832 recr(153) 0.54729529182366721 -20 20 4.4341082999999996e-06
1833 recr(154) 0.51711226436872193 -20 20 9.4651472000000003e-06
1834 recr(155) -1.3837901689542045 -20 20 -5.4622018999999997e-06
1835 recr(156) 0.92865971258270008 -20 20 -7.3898269999999996e-06
1836 recr(157) -0.74011191837609469 -20 20 -5.3827626000000002e-06
1837 recr(158) -0.42400692649001859 -20 20 -3.2260508000000002e-06
1838 recr(159) -0.20322605632056312 -20 20 8.3432818999999994e-06
1839 recr(160) 0.57521220812166796 -20 20 -1.4142210000000001e-05
1840 recr(161) 0.068571103537087619 -20 20 1.9936346999999999e-05
1841 recr(162) 0.49449725901042912 -20 20 -2.2261632999999998e-06
1842 recr(163) 0.77026346462080431 -20 20 2.6398503e-06
1843 recr(164) 0.85801561743940191 -20 20 -3.3302044000000002e-06
1844 recr(165) -0.26020134386854155 -20 20 -7.8827756999999997e-06
1845 recr(166) -0.42065385151051821 -20 20 -2.0419755000000001e-05
1846 recr(167) -0.36013670461714076 -20 20 -5.6960139000000002e-06
1847 recr(168) 0.023639798757256414 -20 20 -4.9613186e-06
1848 recr(169) 0.20141452666827769 -20 20 -7.1591034000000003e-06
1849 recr(170) -0.43264612812558384 -20 20 1.9655969000000001e-05
1850 recr(171) 0.4057744063931979 -20 20 1.1258242e-06
1851 recr(172) 0.86516467044550527 -20 20 7.0459732000000002e-06
1852 recr(173) 0.39151912002730671 -20 20 -4.2099480999999997e-06
1853 recr(174) 1.0872012205660946 -20 20 -1.0933918e-05
1854 recr(175) -1.1897429481968269 -20 20 6.4435647999999998e-06
1855 recr(176) -0.24049225268098631 -20 20 1.3527314999999999e-05
1856 recr(177) 0.58545706713892665 -20 20 1.1323342e-05
1857 recr(178) 0.77647419080612123 -20 20 -8.7304365000000001e-06
1858 recr(179) 0.34283030117323909 -20 20 -1.2201912e-05
1859 recr(180) 0.34466711864819305 -20 20 1.4261064e-05
1860 recr(181) 0.48360812042545653 -20 20 -1.7875905e-05
1861 recr(182) -0.47141820257842681 -20 20 9.1121526000000006e-06
1862 recr(183) -0.84693047992194526 -20 20 3.7076992000000002e-06
1863 recr(184) 0.2633056311199205 -20 20 9.4773510999999993e-06
1864 recr(185) 0.23281911980891737 -20 20 1.0346681999999999e-05
1865 recr(186) 0.45263958833518608 -20 20 -2.2855340000000001e-05
1866 recr(187) 0.24015330218331621 -20 20 -5.3618910999999998e-06
1867 recr(188) 0.41436667309696412 -20 20 2.3709050999999999e-05
1868 recr(189) -0.98473191905870305 -20 20 -2.954582e-06
1869 recr(190) -0.23693659970840752 -20 20 -2.5482401000000001e-05
1870 recr(191) -0.95246891687255097 -20 20 7.4468596999999997e-06
1871 recr(192) 1.0719788519806124 -20 20 2.0213972999999999e-05
1872 recr(193) 0.064077904092998322 -20 20 -7.1511161000000004e-06
1873 recr(194) 1.0225407036547909 -20 20 -5.6147994000000004e-06
1874 recr(195) 0.75364383426574733 -20 20 1.9470240000000001e-05
1875 recr(196) 0.74911533013385379 -20 20 1.6785562e-05
1876 recr(197) -0.31315000996004405 -20 20 -1.7512710999999999e-05
1877 recr(198) 0.24864501972755312 -20 20 9.6333652000000008e-06
1878 recr(199) -0.58495881217656631 -20 20 3.9440813000000004e-06
1879 recr(200) -0.055357300352817509 -20 20 -6.8190212000000001e-06
1880 recr(201) 1.0105356861225148 -20 20 2.1735043e-06
1881 recr(202) 0.29069567163421445 -20 20 -8.9198454999999996e-07
1882 recr(203) 0.24257482124289054 -20 20 1.8840418999999999e-05
1883 recr(204) 0.72227231966051719 -20 20 6.4136204000000002e-06
1884 recr(205) -1.5536291430949047 -20 20 8.4046959000000001e-06
1885 recr(206) -0.12621989163960387 -20 20 -1.4728668e-06
1886 recr(207) -1.3519477902338017 -20 20 1.0558523e-05
1887 recr(208) 0.21942579988870789 -20 20 2.3334609999999999e-05
1888 recr(209) 0.89091211567753881 -20 20 1.8774563e-05
1889 recr(210) 0.63134315095362814 -20 20 5.6783250000000004e-06
1890 recr(211) 0.41030574421388899 -20 20 1.9660183000000002e-06
1891 recr(212) 0.5733625811371631 -20 20 1.6320161e-05
1892 recr(213) -0.46239882288718165 -20 20 -1.2273392999999999e-05
1893 recr(214) -0.35296352963809557 -20 20 1.6327624000000002e-05
1894 recr(215) -0.78099860221972139 -20 20 1.5625632999999999e-05
1895 recr(216) 0.3701404143168921 -20 20 1.3385086e-06
1896 recr(217) 0.66040970577873437 -20 20 1.1843391e-05
1897 recr(218) -0.21229270017117616 -20 20 9.6582743999999994e-07
1898 recr(219) -0.32176396579093641 -20 20 1.1013681000000001e-05
1899 recr(220) 0.19913443594672667 -20 20 2.4775713e-05
1900 recr(221) -0.15448437945926186 -20 20 1.2823743999999999e-05
1901 recr(222) -0.04681625741110499 -20 20 -4.7775639999999996e-06
1902 recr(223) -0.26155590998375172 -20 20 2.2066315e-05
1903 recr(224) 0.45676086512276465 -20 20 1.2165200999999999e-05
1904 recr(225) -0.16087365858823291 -20 20 -7.8144568000000003e-06
1905 recr(226) -0.27819727360631985 -20 20 4.1894143000000002e-07
1906 recr(227) -0.093105116645193886 -20 20 1.1205763000000001e-05
1907 recr(228) 0.50548953348705328 -20 20 2.0642942e-05
1908 recr(229) -0.023075097616349627 -20 20 8.3302348999999994e-06
1909 recr(230) 0.39266166071854242 -20 20 1.6640267e-05
1910 recr(231) 0.53065606943538879 -20 20 8.8999409999999998e-06
1911 recr(232) -0.1850506182690663 -20 20 7.1689246000000004e-06
1912 recr(233) 0.14124495084288174 -20 20 -3.020443e-06
1913 recr(234) -0.42988398114640314 -20 20 1.2622945e-05
1914 recr(235) -0.32347184768444104 -20 20 1.0428244e-05
1915 recr(236) 0.037840995217351722 -20 20 -9.3234611999999996e-07
1916 recr(237) -0.15077058104262928 -20 20 1.5428126999999999e-05
1917 recr(238) -0.1134093542825953 -20 20 1.8114623e-06
1918 recr(239) 0.12538371130490411 -20 20 1.7436386e-05
1919 recr(240) 0.0078554206098500005 -20 20 1.2571414e-05
1920 recr(241) 0.33901528447389362 -20 20 7.0712626999999998e-07
1921 recr(242) 0.75641325594945863 -20 20 2.2750089000000001e-05
1922 recr(243) 0.35795493826866842 -20 20 1.3233614e-05
1923 recr(244) 0.36821429687614932 -20 20 1.3888863000000001e-05
1924 recr(245) 0.38863072687254635 -20 20 1.3291478e-05
1925 recr(246) 0.21044811506360817 -20 20 7.7298749000000003e-06
1926 recr(247) 0.40218153760394187 -20 20 6.1551032000000003e-06
1927 recr(248) 0.3876904632156265 -20 20 1.1902988e-05
1928 recr(249) 0.082128778545083159 -20 20 2.0731966000000001e-05
1929 recr(250) -0.60020241400192742 -20 20 5.8349466000000003e-06
1930 recr(251) 0.059658667782645766 -20 20 2.0749445000000001e-05
1931 recr(252) -0.019423198837358675 -20 20 1.3755833999999999e-06
1932 recr(253) -0.2595695475745044 -20 20 1.198317e-05
1933 recr(254) 0.22176937005429645 -20 20 1.6511396000000002e-05
1934 recr(255) -0.17165166681127525 -20 20 6.1194065999999996e-06
1935 recr(256) 0.080850323165115576 -20 20 2.0172731e-07
1936 recr(257) -0.040237882007162135 -20 20 1.0118439e-05
1937 recr(258) -0.095127235337489305 -20 20 -7.7180831e-06
1938 recr(259) 0.39983410961078614 -20 20 2.5513334000000002e-05
1939 recr(260) 0.19857828950187176 -20 20 -8.1023959000000003e-07
1940 recr(261) -0.50098953265673885 -20 20 2.4103308999999999e-06
1941 recr(262) 0.40982190102253357 -20 20 1.3734578e-05
1942 recr(263) 0.54328789407116518 -20 20 1.8168807e-05
1943 recr(264) 0.061291104081916195 -20 20 2.0206144999999998e-06
1944 recr(265) -0.52181438254294288 -20 20 -1.8394177e-06
1945 recr(266) 0.1049691809779579 -20 20 4.4945205000000002e-06
1946 recr(267) 0.25144136846599319 -20 20 1.8609311000000002e-05
1947 recr(268) 0.11845831946386647 -20 20 7.1541998000000002e-06
1948 recr(269) 0.36178212717536695 -20 20 4.0539210999999998e-07
1949 recr(270) -0.32042836079713394 -20 20 8.7994149000000002e-06
1950 recr(271) -0.2675832329892916 -20 20 -7.7662899999999998e-06
1951 recr(272) -0.033028326817842353 -20 20 7.7874651000000004e-06
1952 recr(273) 0.32586942367771216 -20 20 -3.8215403999999998e-06
1953 recr(274) 0.054671391981379637 -20 20 -3.3899192000000001e-06
1954 recr(275) 0.10406411747696345 -20 20 1.4900523e-05
1955 recr(276) -0.32581321968819638 -20 20 -5.6295117999999997e-06
1956 recr(277) -1.678094870430449 -20 20 1.1805446999999999e-06
1957 recr(278) -0.9670323923630314 -20 20 -1.1893341000000001e-05
1958 recr(279) 0.3062532760666446 -20 20 -1.8180917000000001e-05
1959 recr(280) 0.10908443883215238 -20 20 5.5475349999999997e-06
1960 recr(281) -0.64647620827962915 -20 20 4.8600716999999997e-06
1961 recr(282) -0.13719483622585216 -20 20 -1.8142068999999999e-05
1962 recr(283) 0.21211899628353251 -20 20 -4.6025862999999996e-06
1963 recr(284) -0.30428909283698546 -20 20 -1.1710035000000001e-06
1964 recr(285) -0.37361186659538631 -20 20 -4.8275222999999999e-07
1965 recr(286) 0.82097836061871343 -20 20 -1.2248691000000001e-05
1966 totpop 16.839133262601301 8 25 9.6794114999999996e-05
1967 tag_fish_rep(1) 0.33845877564301002 0.001 0.98999999999999999 -1.2027264000000001e-05
1968 tag_fish_rep(6) 0.52563085286227995 0.001 0.98999999999999999 -9.5002588000000008e-06
1969 tag_fish_rep(7) 0.59631013146190903 0.001 0.98999999999999999 -1.2507272e-05
1970 tag_fish_rep(10) 0.58045481584930603 0.001 0.98999999999999999 -7.3326679000000001e-06
1971 tag_fish_rep(13) 0.35296213044995201 0.001 0.98999999999999999 1.8269386999999999e-05
1972 tag_fish_rep(14) 0.49758331290283397 0.001 0.98999999999999999 -4.3788632e-06
1973 tag_fish_rep(17) 0.76216112254481605 0.001 0.98999999999999999 2.2637022e-05
1974 tag_fish_rep(18) 0.924340024757073 0.001 0.98999999999999999 -1.2930165e-05
1975 tag_fish_rep(19) 0.65059509607359101 0.001 0.98999999999999999 5.7167355000000003e-06
1976 tag_fish_rep(20) 0.413717522180644 0.001 0.98999999999999999 3.6618120000000002e-06
1977 tag_fish_rep(23) 0.86252760107433601 0.001 0.98999999999999999 6.5956672e-10
1978 tag_fish_rep(29) 0.35303582575972098 0.001 0.98999999999999999 -1.0977898999999999e-05
1979 region_pars(1) 0.43589743589743601 9.9999999999999995e-07 1.5 -2.2622911e-05
1980 region_pars(1) 0.115384615384615 9.9999999999999995e-07 1.5 4.6374693999999999e-05
1981 region_pars(1) 0.115384615384615 9.9999999999999995e-07 1.5 3.2991833000000001e-07
1982 region_pars(1) 0.064102564102564097 9.9999999999999995e-07 1.5 -1.2567264000000001e-05
1983 region_pars(1) 0.269230769230769 9.9999999999999995e-07 1.5 8.5363276000000001e-07
1984 sv(21) 0 9.9999999999999995e-07 1000 -4.5908739000000003e-07
1985 vb_coff(1) 23 10 60 7.1257365000000004e-05
1986 vb_coff(2) 145 130 200 5.0925461999999998e-06
1987 vb_coff(3) 0.12 0.01 0.29999999999999999 8.4690201999999996e-05
1988 var_coff(1) 6 1 10 4.8106986000000004e-06
1989 var_coff(2) 0.52000000000000002 0.10000000000000001 3 -4.6403716999999999e-06
