"fitted_index","family","n_identity","coupling_key","status","phase_applied","reason"
1,"diff_coffs",1,"identity:1","resolved",1,NA
2,"diff_coffs",1,"identity:2","resolved",1,NA
3,"diff_coffs",1,"identity:3","resolved",1,NA
4,"diff_coffs",1,"identity:4","resolved",1,NA
5,"diff_coffs",1,"identity:5","resolved",1,NA
6,"diff_coffs",1,"identity:6","resolved",1,NA
7,"diff_coffs",1,"identity:7","resolved",1,NA
8,"diff_coffs",1,"identity:8","resolved",1,NA
9,"diff_coffs",1,"identity:9","resolved",1,NA
10,"diff_coffs",1,"identity:10","resolved",1,NA
11,"diff_coffs",1,"identity:11","resolved",1,NA
12,"diff_coffs",1,"identity:12","resolved",1,NA
13,"diff_coffs",1,"identity:13","resolved",1,NA
14,"diff_coffs",1,"identity:14","resolved",1,NA
15,"diff_coffs",1,"identity:15","resolved",1,NA
16,"diff_coffs",1,"identity:16","resolved",1,NA
17,"diff_coffs",1,"identity:17","resolved",1,NA
18,"diff_coffs",1,"identity:18","resolved",1,NA
19,"diff_coffs",1,"identity:19","resolved",1,NA
20,"diff_coffs",1,"identity:20","resolved",1,NA
21,"diff_coffs",1,"identity:21","resolved",1,NA
22,"diff_coffs",1,"identity:22","resolved",1,NA
23,"diff_coffs",1,"identity:23","resolved",1,NA
24,"diff_coffs",1,"identity:24","resolved",1,NA
25,"diff_coffs",1,"identity:25","resolved",1,NA
26,"diff_coffs",1,"identity:26","resolved",1,NA
27,"diff_coffs",1,"identity:27","resolved",1,NA
28,"diff_coffs",1,"identity:28","resolved",1,NA
29,"diff_coffs",1,"identity:29","resolved",1,NA
30,"diff_coffs",1,"identity:30","resolved",1,NA
31,"diff_coffs",1,"identity:31","resolved",1,NA
32,"diff_coffs",1,"identity:32","resolved",1,NA
33,"diff_coffs",1,"identity:33","resolved",1,NA
34,"diff_coffs",1,"identity:34","resolved",1,NA
35,"diff_coffs",1,"identity:35","resolved",1,NA
36,"diff_coffs",1,"identity:36","resolved",1,NA
37,"diff_coffs",1,"identity:37","resolved",1,NA
38,"diff_coffs",1,"identity:38","resolved",1,NA
39,"diff_coffs",1,"identity:39","resolved",1,NA
40,"diff_coffs",1,"identity:40","resolved",1,NA
41,"diff_coffs",1,"identity:41","resolved",1,NA
42,"diff_coffs",1,"identity:42","resolved",1,NA
43,"diff_coffs",1,"identity:43","resolved",1,NA
44,"diff_coffs",1,"identity:44","resolved",1,NA
45,"diff_coffs",1,"identity:45","resolved",1,NA
46,"diff_coffs",1,"identity:46","resolved",1,NA
47,"diff_coffs",1,"identity:47","resolved",1,NA
48,"diff_coffs",1,"identity:48","resolved",1,NA
49,"diff_coffs",1,"identity:49","resolved",1,NA
50,"diff_coffs",1,"identity:50","resolved",1,NA
51,"diff_coffs",1,"identity:51","resolved",1,NA
52,"diff_coffs",1,"identity:52","resolved",1,NA
53,"diff_coffs",1,"identity:53","resolved",1,NA
54,"diff_coffs",1,"identity:54","resolved",1,NA
55,"diff_coffs",1,"identity:55","resolved",1,NA
56,"diff_coffs",1,"identity:56","resolved",1,NA
57,"regional_recruitment_variation",1,"identity:57","resolved",1,NA
58,"regional_recruitment_variation",1,"identity:58","resolved",1,NA
59,"regional_recruitment_variation",1,"identity:59","resolved",1,NA
60,"regional_recruitment_variation",1,"identity:60","resolved",1,NA
61,"regional_recruitment_variation",1,"identity:61","resolved",1,NA
62,"regional_recruitment_variation",1,"identity:62","resolved",1,NA
63,"regional_recruitment_variation",1,"identity:63","resolved",1,NA
64,"regional_recruitment_variation",1,"identity:64","resolved",1,NA
65,"regional_recruitment_variation",1,"identity:65","resolved",1,NA
66,"regional_recruitment_variation",1,"identity:66","resolved",1,NA
67,"regional_recruitment_variation",1,"identity:67","resolved",1,NA
68,"regional_recruitment_variation",1,"identity:68","resolved",1,NA
69,"regional_recruitment_variation",1,"identity:69","resolved",1,NA
70,"regional_recruitment_variation",1,"identity:70","resolved",1,NA
71,"regional_recruitment_variation",1,"identity:71","resolved",1,NA
72,"regional_recruitment_variation",1,"identity:72","resolved",1,NA
73,"regional_recruitment_variation",1,"identity:73","resolved",1,NA
74,"regional_recruitment_variation",1,"identity:74","resolved",1,NA
75,"regional_recruitment_variation",1,"identity:75","resolved",1,NA
76,"regional_recruitment_variation",1,"identity:76","resolved",1,NA
77,"regional_recruitment_variation",1,"identity:77","resolved",1,NA
78,"regional_recruitment_variation",1,"identity:78","resolved",1,NA
79,"regional_recruitment_variation",1,"identity:79","resolved",1,NA
80,"regional_recruitment_variation",1,"identity:80","resolved",1,NA
81,"regional_recruitment_variation",1,"identity:81","resolved",1,NA
82,"regional_recruitment_variation",1,"identity:82","resolved",1,NA
83,"regional_recruitment_variation",1,"identity:83","resolved",1,NA
84,"regional_recruitment_variation",1,"identity:84","resolved",1,NA
85,"regional_recruitment_variation",1,"identity:85","resolved",1,NA
86,"regional_recruitment_variation",1,"identity:86","resolved",1,NA
87,"regional_recruitment_variation",1,"identity:87","resolved",1,NA
88,"regional_recruitment_variation",1,"identity:88","resolved",1,NA
89,"regional_recruitment_variation",1,"identity:89","resolved",1,NA
90,"regional_recruitment_variation",1,"identity:90","resolved",1,NA
91,"regional_recruitment_variation",1,"identity:91","resolved",1,NA
92,"regional_recruitment_variation",1,"identity:92","resolved",1,NA
93,"regional_recruitment_variation",1,"identity:93","resolved",1,NA
94,"regional_recruitment_variation",1,"identity:94","resolved",1,NA
95,"regional_recruitment_variation",1,"identity:95","resolved",1,NA
96,"regional_recruitment_variation",1,"identity:96","resolved",1,NA
97,"regional_recruitment_variation",1,"identity:97","resolved",1,NA
98,"regional_recruitment_variation",1,"identity:98","resolved",1,NA
99,"regional_recruitment_variation",1,"identity:99","resolved",1,NA
100,"regional_recruitment_variation",1,"identity:100","resolved",1,NA
101,"regional_recruitment_variation",1,"identity:101","resolved",1,NA
102,"regional_recruitment_variation",1,"identity:102","resolved",1,NA
103,"regional_recruitment_variation",1,"identity:103","resolved",1,NA
104,"regional_recruitment_variation",1,"identity:104","resolved",1,NA
105,"regional_recruitment_variation",1,"identity:105","resolved",1,NA
106,"regional_recruitment_variation",1,"identity:106","resolved",1,NA
107,"regional_recruitment_variation",1,"identity:107","resolved",1,NA
108,"regional_recruitment_variation",1,"identity:108","resolved",1,NA
109,"regional_recruitment_variation",1,"identity:109","resolved",1,NA
110,"regional_recruitment_variation",1,"identity:110","resolved",1,NA
111,"regional_recruitment_variation",1,"identity:111","resolved",1,NA
112,"regional_recruitment_variation",1,"identity:112","resolved",1,NA
113,"regional_recruitment_variation",1,"identity:113","resolved",1,NA
114,"regional_recruitment_variation",1,"identity:114","resolved",1,NA
115,"regional_recruitment_variation",1,"identity:115","resolved",1,NA
116,"regional_recruitment_variation",1,"identity:116","resolved",1,NA
117,"regional_recruitment_variation",1,"identity:117","resolved",1,NA
118,"regional_recruitment_variation",1,"identity:118","resolved",1,NA
119,"regional_recruitment_variation",1,"identity:119","resolved",1,NA
120,"regional_recruitment_variation",1,"identity:120","resolved",1,NA
121,"regional_recruitment_variation",1,"identity:121","resolved",1,NA
122,"regional_recruitment_variation",1,"identity:122","resolved",1,NA
123,"regional_recruitment_variation",1,"identity:123","resolved",1,NA
124,"regional_recruitment_variation",1,"identity:124","resolved",1,NA
125,"regional_recruitment_variation",1,"identity:125","resolved",1,NA
126,"regional_recruitment_variation",1,"identity:126","resolved",1,NA
127,"regional_recruitment_variation",1,"identity:127","resolved",1,NA
128,"regional_recruitment_variation",1,"identity:128","resolved",1,NA
129,"regional_recruitment_variation",1,"identity:129","resolved",1,NA
130,"regional_recruitment_variation",1,"identity:130","resolved",1,NA
131,"regional_recruitment_variation",1,"identity:131","resolved",1,NA
132,"regional_recruitment_variation",1,"identity:132","resolved",1,NA
133,"regional_recruitment_variation",1,"identity:133","resolved",1,NA
134,"regional_recruitment_variation",1,"identity:134","resolved",1,NA
135,"regional_recruitment_variation",1,"identity:135","resolved",1,NA
136,"regional_recruitment_variation",1,"identity:136","resolved",1,NA
137,"regional_recruitment_variation",1,"identity:137","resolved",1,NA
138,"regional_recruitment_variation",1,"identity:138","resolved",1,NA
139,"regional_recruitment_variation",1,"identity:139","resolved",1,NA
140,"regional_recruitment_variation",1,"identity:140","resolved",1,NA
141,"regional_recruitment_variation",1,"identity:141","resolved",1,NA
142,"regional_recruitment_variation",1,"identity:142","resolved",1,NA
143,"regional_recruitment_variation",1,"identity:143","resolved",1,NA
144,"regional_recruitment_variation",1,"identity:144","resolved",1,NA
145,"regional_recruitment_variation",1,"identity:145","resolved",1,NA
146,"regional_recruitment_variation",1,"identity:146","resolved",1,NA
147,"regional_recruitment_variation",1,"identity:147","resolved",1,NA
148,"regional_recruitment_variation",1,"identity:148","resolved",1,NA
149,"regional_recruitment_variation",1,"identity:149","resolved",1,NA
150,"regional_recruitment_variation",1,"identity:150","resolved",1,NA
151,"regional_recruitment_variation",1,"identity:151","resolved",1,NA
152,"regional_recruitment_variation",1,"identity:152","resolved",1,NA
153,"regional_recruitment_variation",1,"identity:153","resolved",1,NA
154,"regional_recruitment_variation",1,"identity:154","resolved",1,NA
155,"regional_recruitment_variation",1,"identity:155","resolved",1,NA
156,"regional_recruitment_variation",1,"identity:156","resolved",1,NA
157,"regional_recruitment_variation",1,"identity:157","resolved",1,NA
158,"regional_recruitment_variation",1,"identity:158","resolved",1,NA
159,"regional_recruitment_variation",1,"identity:159","resolved",1,NA
160,"regional_recruitment_variation",1,"identity:160","resolved",1,NA
161,"regional_recruitment_variation",1,"identity:161","resolved",1,NA
162,"regional_recruitment_variation",1,"identity:162","resolved",1,NA
163,"regional_recruitment_variation",1,"identity:163","resolved",1,NA
164,"regional_recruitment_variation",1,"identity:164","resolved",1,NA
165,"regional_recruitment_variation",1,"identity:165","resolved",1,NA
166,"regional_recruitment_variation",1,"identity:166","resolved",1,NA
167,"regional_recruitment_variation",1,"identity:167","resolved",1,NA
168,"regional_recruitment_variation",1,"identity:168","resolved",1,NA
169,"regional_recruitment_variation",1,"identity:169","resolved",1,NA
170,"regional_recruitment_variation",1,"identity:170","resolved",1,NA
171,"regional_recruitment_variation",1,"identity:171","resolved",1,NA
172,"regional_recruitment_variation",1,"identity:172","resolved",1,NA
173,"regional_recruitment_variation",1,"identity:173","resolved",1,NA
174,"regional_recruitment_variation",1,"identity:174","resolved",1,NA
175,"regional_recruitment_variation",1,"identity:175","resolved",1,NA
176,"regional_recruitment_variation",1,"identity:176","resolved",1,NA
177,"regional_recruitment_variation",1,"identity:177","resolved",1,NA
178,"regional_recruitment_variation",1,"identity:178","resolved",1,NA
179,"regional_recruitment_variation",1,"identity:179","resolved",1,NA
180,"regional_recruitment_variation",1,"identity:180","resolved",1,NA
181,"regional_recruitment_variation",1,"identity:181","resolved",1,NA
182,"regional_recruitment_variation",1,"identity:182","resolved",1,NA
183,"regional_recruitment_variation",1,"identity:183","resolved",1,NA
184,"regional_recruitment_variation",1,"identity:184","resolved",1,NA
185,"regional_recruitment_variation",1,"identity:185","resolved",1,NA
186,"regional_recruitment_variation",1,"identity:186","resolved",1,NA
187,"regional_recruitment_variation",1,"identity:187","resolved",1,NA
188,"regional_recruitment_variation",1,"identity:188","resolved",1,NA
189,"regional_recruitment_variation",1,"identity:189","resolved",1,NA
190,"regional_recruitment_variation",1,"identity:190","resolved",1,NA
191,"regional_recruitment_variation",1,"identity:191","resolved",1,NA
192,"regional_recruitment_variation",1,"identity:192","resolved",1,NA
193,"regional_recruitment_variation",1,"identity:193","resolved",1,NA
194,"regional_recruitment_variation",1,"identity:194","resolved",1,NA
195,"regional_recruitment_variation",1,"identity:195","resolved",1,NA
196,"regional_recruitment_variation",1,"identity:196","resolved",1,NA
197,"regional_recruitment_variation",1,"identity:197","resolved",1,NA
198,"regional_recruitment_variation",1,"identity:198","resolved",1,NA
199,"regional_recruitment_variation",1,"identity:199","resolved",1,NA
200,"regional_recruitment_variation",1,"identity:200","resolved",1,NA
201,"regional_recruitment_variation",1,"identity:201","resolved",1,NA
202,"regional_recruitment_variation",1,"identity:202","resolved",1,NA
203,"regional_recruitment_variation",1,"identity:203","resolved",1,NA
204,"regional_recruitment_variation",1,"identity:204","resolved",1,NA
205,"regional_recruitment_variation",1,"identity:205","resolved",1,NA
206,"regional_recruitment_variation",1,"identity:206","resolved",1,NA
207,"regional_recruitment_variation",1,"identity:207","resolved",1,NA
208,"regional_recruitment_variation",1,"identity:208","resolved",1,NA
209,"regional_recruitment_variation",1,"identity:209","resolved",1,NA
210,"regional_recruitment_variation",1,"identity:210","resolved",1,NA
211,"regional_recruitment_variation",1,"identity:211","resolved",1,NA
212,"regional_recruitment_variation",1,"identity:212","resolved",1,NA
213,"regional_recruitment_variation",1,"identity:213","resolved",1,NA
214,"regional_recruitment_variation",1,"identity:214","resolved",1,NA
215,"regional_recruitment_variation",1,"identity:215","resolved",1,NA
216,"regional_recruitment_variation",1,"identity:216","resolved",1,NA
217,"regional_recruitment_variation",1,"identity:217","resolved",1,NA
218,"regional_recruitment_variation",1,"identity:218","resolved",1,NA
219,"regional_recruitment_variation",1,"identity:219","resolved",1,NA
220,"regional_recruitment_variation",1,"identity:220","resolved",1,NA
221,"regional_recruitment_variation",1,"identity:221","resolved",1,NA
222,"regional_recruitment_variation",1,"identity:222","resolved",1,NA
223,"regional_recruitment_variation",1,"identity:223","resolved",1,NA
224,"regional_recruitment_variation",1,"identity:224","resolved",1,NA
225,"regional_recruitment_variation",1,"identity:225","resolved",1,NA
226,"regional_recruitment_variation",1,"identity:226","resolved",1,NA
227,"regional_recruitment_variation",1,"identity:227","resolved",1,NA
228,"regional_recruitment_variation",1,"identity:228","resolved",1,NA
229,"regional_recruitment_variation",1,"identity:229","resolved",1,NA
230,"regional_recruitment_variation",1,"identity:230","resolved",1,NA
231,"regional_recruitment_variation",1,"identity:231","resolved",1,NA
232,"regional_recruitment_variation",1,"identity:232","resolved",1,NA
233,"regional_recruitment_variation",1,"identity:233","resolved",1,NA
234,"regional_recruitment_variation",1,"identity:234","resolved",1,NA
235,"regional_recruitment_variation",1,"identity:235","resolved",1,NA
236,"regional_recruitment_variation",1,"identity:236","resolved",1,NA
237,"regional_recruitment_variation",1,"identity:237","resolved",1,NA
238,"regional_recruitment_variation",1,"identity:238","resolved",1,NA
239,"regional_recruitment_variation",1,"identity:239","resolved",1,NA
240,"regional_recruitment_variation",1,"identity:240","resolved",1,NA
241,"regional_recruitment_variation",1,"identity:241","resolved",1,NA
242,"regional_recruitment_variation",1,"identity:242","resolved",1,NA
243,"regional_recruitment_variation",1,"identity:243","resolved",1,NA
244,"regional_recruitment_variation",1,"identity:244","resolved",1,NA
245,"regional_recruitment_variation",1,"identity:245","resolved",1,NA
246,"regional_recruitment_variation",1,"identity:246","resolved",1,NA
247,"regional_recruitment_variation",1,"identity:247","resolved",1,NA
248,"regional_recruitment_variation",1,"identity:248","resolved",1,NA
249,"regional_recruitment_variation",1,"identity:249","resolved",1,NA
250,"regional_recruitment_variation",1,"identity:250","resolved",1,NA
251,"regional_recruitment_variation",1,"identity:251","resolved",1,NA
252,"regional_recruitment_variation",1,"identity:252","resolved",1,NA
253,"regional_recruitment_variation",1,"identity:253","resolved",1,NA
254,"regional_recruitment_variation",1,"identity:254","resolved",1,NA
255,"regional_recruitment_variation",1,"identity:255","resolved",1,NA
256,"regional_recruitment_variation",1,"identity:256","resolved",1,NA
257,"regional_recruitment_variation",1,"identity:257","resolved",1,NA
258,"regional_recruitment_variation",1,"identity:258","resolved",1,NA
259,"regional_recruitment_variation",1,"identity:259","resolved",1,NA
260,"regional_recruitment_variation",1,"identity:260","resolved",1,NA
261,"regional_recruitment_variation",1,"identity:261","resolved",1,NA
262,"regional_recruitment_variation",1,"identity:262","resolved",1,NA
263,"regional_recruitment_variation",1,"identity:263","resolved",1,NA
264,"regional_recruitment_variation",1,"identity:264","resolved",1,NA
265,"regional_recruitment_variation",1,"identity:265","resolved",1,NA
266,"regional_recruitment_variation",1,"identity:266","resolved",1,NA
267,"regional_recruitment_variation",1,"identity:267","resolved",1,NA
268,"regional_recruitment_variation",1,"identity:268","resolved",1,NA
269,"regional_recruitment_variation",1,"identity:269","resolved",1,NA
270,"regional_recruitment_variation",1,"identity:270","resolved",1,NA
271,"regional_recruitment_variation",1,"identity:271","resolved",1,NA
272,"regional_recruitment_variation",1,"identity:272","resolved",1,NA
273,"regional_recruitment_variation",1,"identity:273","resolved",1,NA
274,"regional_recruitment_variation",1,"identity:274","resolved",1,NA
275,"regional_recruitment_variation",1,"identity:275","resolved",1,NA
276,"regional_recruitment_variation",1,"identity:276","resolved",1,NA
277,"regional_recruitment_variation",1,"identity:277","resolved",1,NA
278,"regional_recruitment_variation",1,"identity:278","resolved",1,NA
279,"regional_recruitment_variation",1,"identity:279","resolved",1,NA
280,"regional_recruitment_variation",1,"identity:280","resolved",1,NA
281,"regional_recruitment_variation",1,"identity:281","resolved",1,NA
282,"regional_recruitment_variation",1,"identity:282","resolved",1,NA
283,"regional_recruitment_variation",1,"identity:283","resolved",1,NA
284,"regional_recruitment_variation",1,"identity:284","resolved",1,NA
285,"regional_recruitment_variation",1,"identity:285","resolved",1,NA
286,"regional_recruitment_variation",1,"identity:286","resolved",1,NA
287,"regional_recruitment_variation",1,"identity:287","resolved",1,NA
288,"regional_recruitment_variation",1,"identity:288","resolved",1,NA
289,"regional_recruitment_variation",1,"identity:289","resolved",1,NA
290,"regional_recruitment_variation",1,"identity:290","resolved",1,NA
291,"regional_recruitment_variation",1,"identity:291","resolved",1,NA
292,"regional_recruitment_variation",1,"identity:292","resolved",1,NA
293,"regional_recruitment_variation",1,"identity:293","resolved",1,NA
294,"regional_recruitment_variation",1,"identity:294","resolved",1,NA
295,"regional_recruitment_variation",1,"identity:295","resolved",1,NA
296,"regional_recruitment_variation",1,"identity:296","resolved",1,NA
297,"regional_recruitment_variation",1,"identity:297","resolved",1,NA
298,"regional_recruitment_variation",1,"identity:298","resolved",1,NA
299,"regional_recruitment_variation",1,"identity:299","resolved",1,NA
300,"regional_recruitment_variation",1,"identity:300","resolved",1,NA
301,"regional_recruitment_variation",1,"identity:301","resolved",1,NA
302,"regional_recruitment_variation",1,"identity:302","resolved",1,NA
303,"regional_recruitment_variation",1,"identity:303","resolved",1,NA
304,"regional_recruitment_variation",1,"identity:304","resolved",1,NA
305,"regional_recruitment_variation",1,"identity:305","resolved",1,NA
306,"regional_recruitment_variation",1,"identity:306","resolved",1,NA
307,"regional_recruitment_variation",1,"identity:307","resolved",1,NA
308,"regional_recruitment_variation",1,"identity:308","resolved",1,NA
309,"regional_recruitment_variation",1,"identity:309","resolved",1,NA
310,"regional_recruitment_variation",1,"identity:310","resolved",1,NA
311,"regional_recruitment_variation",1,"identity:311","resolved",1,NA
312,"regional_recruitment_variation",1,"identity:312","resolved",1,NA
313,"regional_recruitment_variation",1,"identity:313","resolved",1,NA
314,"regional_recruitment_variation",1,"identity:314","resolved",1,NA
315,"regional_recruitment_variation",1,"identity:315","resolved",1,NA
316,"regional_recruitment_variation",1,"identity:316","resolved",1,NA
317,"regional_recruitment_variation",1,"identity:317","resolved",1,NA
318,"regional_recruitment_variation",1,"identity:318","resolved",1,NA
319,"regional_recruitment_variation",1,"identity:319","resolved",1,NA
320,"regional_recruitment_variation",1,"identity:320","resolved",1,NA
321,"regional_recruitment_variation",1,"identity:321","resolved",1,NA
322,"regional_recruitment_variation",1,"identity:322","resolved",1,NA
323,"regional_recruitment_variation",1,"identity:323","resolved",1,NA
324,"regional_recruitment_variation",1,"identity:324","resolved",1,NA
325,"regional_recruitment_variation",1,"identity:325","resolved",1,NA
326,"regional_recruitment_variation",1,"identity:326","resolved",1,NA
327,"regional_recruitment_variation",1,"identity:327","resolved",1,NA
328,"regional_recruitment_variation",1,"identity:328","resolved",1,NA
329,"regional_recruitment_variation",1,"identity:329","resolved",1,NA
330,"regional_recruitment_variation",1,"identity:330","resolved",1,NA
331,"regional_recruitment_variation",1,"identity:331","resolved",1,NA
332,"regional_recruitment_variation",1,"identity:332","resolved",1,NA
333,"regional_recruitment_variation",1,"identity:333","resolved",1,NA
334,"regional_recruitment_variation",1,"identity:334","resolved",1,NA
335,"regional_recruitment_variation",1,"identity:335","resolved",1,NA
336,"regional_recruitment_variation",1,"identity:336","resolved",1,NA
337,"regional_recruitment_variation",1,"identity:337","resolved",1,NA
338,"regional_recruitment_variation",1,"identity:338","resolved",1,NA
339,"regional_recruitment_variation",1,"identity:339","resolved",1,NA
340,"regional_recruitment_variation",1,"identity:340","resolved",1,NA
341,"regional_recruitment_variation",1,"identity:341","resolved",1,NA
342,"regional_recruitment_variation",1,"identity:342","resolved",1,NA
343,"regional_recruitment_variation",1,"identity:343","resolved",1,NA
344,"regional_recruitment_variation",1,"identity:344","resolved",1,NA
345,"regional_recruitment_variation",1,"identity:345","resolved",1,NA
346,"regional_recruitment_variation",1,"identity:346","resolved",1,NA
347,"regional_recruitment_variation",1,"identity:347","resolved",1,NA
348,"regional_recruitment_variation",1,"identity:348","resolved",1,NA
349,"regional_recruitment_variation",1,"identity:349","resolved",1,NA
350,"regional_recruitment_variation",1,"identity:350","resolved",1,NA
351,"regional_recruitment_variation",1,"identity:351","resolved",1,NA
352,"regional_recruitment_variation",1,"identity:352","resolved",1,NA
353,"regional_recruitment_variation",1,"identity:353","resolved",1,NA
354,"regional_recruitment_variation",1,"identity:354","resolved",1,NA
355,"regional_recruitment_variation",1,"identity:355","resolved",1,NA
356,"regional_recruitment_variation",1,"identity:356","resolved",1,NA
357,"regional_recruitment_variation",1,"identity:357","resolved",1,NA
358,"regional_recruitment_variation",1,"identity:358","resolved",1,NA
359,"regional_recruitment_variation",1,"identity:359","resolved",1,NA
360,"regional_recruitment_variation",1,"identity:360","resolved",1,NA
361,"regional_recruitment_variation",1,"identity:361","resolved",1,NA
362,"regional_recruitment_variation",1,"identity:362","resolved",1,NA
363,"regional_recruitment_variation",1,"identity:363","resolved",1,NA
364,"regional_recruitment_variation",1,"identity:364","resolved",1,NA
365,"regional_recruitment_variation",1,"identity:365","resolved",1,NA
366,"regional_recruitment_variation",1,"identity:366","resolved",1,NA
367,"regional_recruitment_variation",1,"identity:367","resolved",1,NA
368,"regional_recruitment_variation",1,"identity:368","resolved",1,NA
369,"regional_recruitment_variation",1,"identity:369","resolved",1,NA
370,"regional_recruitment_variation",1,"identity:370","resolved",1,NA
371,"regional_recruitment_variation",1,"identity:371","resolved",1,NA
372,"regional_recruitment_variation",1,"identity:372","resolved",1,NA
373,"regional_recruitment_variation",1,"identity:373","resolved",1,NA
374,"regional_recruitment_variation",1,"identity:374","resolved",1,NA
375,"regional_recruitment_variation",1,"identity:375","resolved",1,NA
376,"regional_recruitment_variation",1,"identity:376","resolved",1,NA
377,"regional_recruitment_variation",1,"identity:377","resolved",1,NA
378,"regional_recruitment_variation",1,"identity:378","resolved",1,NA
379,"regional_recruitment_variation",1,"identity:379","resolved",1,NA
380,"regional_recruitment_variation",1,"identity:380","resolved",1,NA
381,"regional_recruitment_variation",1,"identity:381","resolved",1,NA
382,"regional_recruitment_variation",1,"identity:382","resolved",1,NA
383,"regional_recruitment_variation",1,"identity:383","resolved",1,NA
384,"regional_recruitment_variation",1,"identity:384","resolved",1,NA
385,"regional_recruitment_variation",1,"identity:385","resolved",1,NA
386,"regional_recruitment_variation",1,"identity:386","resolved",1,NA
387,"regional_recruitment_variation",1,"identity:387","resolved",1,NA
388,"regional_recruitment_variation",1,"identity:388","resolved",1,NA
389,"regional_recruitment_variation",1,"identity:389","resolved",1,NA
390,"regional_recruitment_variation",1,"identity:390","resolved",1,NA
391,"regional_recruitment_variation",1,"identity:391","resolved",1,NA
392,"regional_recruitment_variation",1,"identity:392","resolved",1,NA
393,"regional_recruitment_variation",1,"identity:393","resolved",1,NA
394,"regional_recruitment_variation",1,"identity:394","resolved",1,NA
395,"regional_recruitment_variation",1,"identity:395","resolved",1,NA
396,"regional_recruitment_variation",1,"identity:396","resolved",1,NA
397,"regional_recruitment_variation",1,"identity:397","resolved",1,NA
398,"regional_recruitment_variation",1,"identity:398","resolved",1,NA
399,"regional_recruitment_variation",1,"identity:399","resolved",1,NA
400,"regional_recruitment_variation",1,"identity:400","resolved",1,NA
401,"regional_recruitment_variation",1,"identity:401","resolved",1,NA
402,"regional_recruitment_variation",1,"identity:402","resolved",1,NA
403,"regional_recruitment_variation",1,"identity:403","resolved",1,NA
404,"regional_recruitment_variation",1,"identity:404","resolved",1,NA
405,"regional_recruitment_variation",1,"identity:405","resolved",1,NA
406,"regional_recruitment_variation",1,"identity:406","resolved",1,NA
407,"regional_recruitment_variation",1,"identity:407","resolved",1,NA
408,"regional_recruitment_variation",1,"identity:408","resolved",1,NA
409,"regional_recruitment_variation",1,"identity:409","resolved",1,NA
410,"regional_recruitment_variation",1,"identity:410","resolved",1,NA
411,"regional_recruitment_variation",1,"identity:411","resolved",1,NA
412,"regional_recruitment_variation",1,"identity:412","resolved",1,NA
413,"regional_recruitment_variation",1,"identity:413","resolved",1,NA
414,"regional_recruitment_variation",1,"identity:414","resolved",1,NA
415,"regional_recruitment_variation",1,"identity:415","resolved",1,NA
416,"regional_recruitment_variation",1,"identity:416","resolved",1,NA
417,"regional_recruitment_variation",1,"identity:417","resolved",1,NA
418,"regional_recruitment_variation",1,"identity:418","resolved",1,NA
419,"regional_recruitment_variation",1,"identity:419","resolved",1,NA
420,"regional_recruitment_variation",1,"identity:420","resolved",1,NA
421,"regional_recruitment_variation",1,"identity:421","resolved",1,NA
422,"regional_recruitment_variation",1,"identity:422","resolved",1,NA
423,"regional_recruitment_variation",1,"identity:423","resolved",1,NA
424,"regional_recruitment_variation",1,"identity:424","resolved",1,NA
425,"regional_recruitment_variation",1,"identity:425","resolved",1,NA
426,"regional_recruitment_variation",1,"identity:426","resolved",1,NA
427,"regional_recruitment_variation",1,"identity:427","resolved",1,NA
428,"regional_recruitment_variation",1,"identity:428","resolved",1,NA
429,"regional_recruitment_variation",1,"identity:429","resolved",1,NA
430,"regional_recruitment_variation",1,"identity:430","resolved",1,NA
431,"regional_recruitment_variation",1,"identity:431","resolved",1,NA
432,"regional_recruitment_variation",1,"identity:432","resolved",1,NA
433,"regional_recruitment_variation",1,"identity:433","resolved",1,NA
434,"regional_recruitment_variation",1,"identity:434","resolved",1,NA
435,"regional_recruitment_variation",1,"identity:435","resolved",1,NA
436,"regional_recruitment_variation",1,"identity:436","resolved",1,NA
437,"regional_recruitment_variation",1,"identity:437","resolved",1,NA
438,"regional_recruitment_variation",1,"identity:438","resolved",1,NA
439,"regional_recruitment_variation",1,"identity:439","resolved",1,NA
440,"regional_recruitment_variation",1,"identity:440","resolved",1,NA
441,"regional_recruitment_variation",1,"identity:441","resolved",1,NA
442,"regional_recruitment_variation",1,"identity:442","resolved",1,NA
443,"regional_recruitment_variation",1,"identity:443","resolved",1,NA
444,"regional_recruitment_variation",1,"identity:444","resolved",1,NA
445,"regional_recruitment_variation",1,"identity:445","resolved",1,NA
446,"regional_recruitment_variation",1,"identity:446","resolved",1,NA
447,"regional_recruitment_variation",1,"identity:447","resolved",1,NA
448,"regional_recruitment_variation",1,"identity:448","resolved",1,NA
449,"regional_recruitment_variation",1,"identity:449","resolved",1,NA
450,"regional_recruitment_variation",1,"identity:450","resolved",1,NA
451,"regional_recruitment_variation",1,"identity:451","resolved",1,NA
452,"regional_recruitment_variation",1,"identity:452","resolved",1,NA
453,"regional_recruitment_variation",1,"identity:453","resolved",1,NA
454,"regional_recruitment_variation",1,"identity:454","resolved",1,NA
455,"regional_recruitment_variation",1,"identity:455","resolved",1,NA
456,"regional_recruitment_variation",1,"identity:456","resolved",1,NA
457,"regional_recruitment_variation",1,"identity:457","resolved",1,NA
458,"regional_recruitment_variation",1,"identity:458","resolved",1,NA
459,"regional_recruitment_variation",1,"identity:459","resolved",1,NA
460,"regional_recruitment_variation",1,"identity:460","resolved",1,NA
461,"regional_recruitment_variation",1,"identity:461","resolved",1,NA
462,"regional_recruitment_variation",1,"identity:462","resolved",1,NA
463,"regional_recruitment_variation",1,"identity:463","resolved",1,NA
464,"regional_recruitment_variation",1,"identity:464","resolved",1,NA
465,"regional_recruitment_variation",1,"identity:465","resolved",1,NA
466,"regional_recruitment_variation",1,"identity:466","resolved",1,NA
467,"regional_recruitment_variation",1,"identity:467","resolved",1,NA
468,"regional_recruitment_variation",1,"identity:468","resolved",1,NA
469,"regional_recruitment_variation",1,"identity:469","resolved",1,NA
470,"regional_recruitment_variation",1,"identity:470","resolved",1,NA
471,"regional_recruitment_variation",1,"identity:471","resolved",1,NA
472,"regional_recruitment_variation",1,"identity:472","resolved",1,NA
473,"regional_recruitment_variation",1,"identity:473","resolved",1,NA
474,"regional_recruitment_variation",1,"identity:474","resolved",1,NA
475,"regional_recruitment_variation",1,"identity:475","resolved",1,NA
476,"regional_recruitment_variation",1,"identity:476","resolved",1,NA
477,"regional_recruitment_variation",1,"identity:477","resolved",1,NA
478,"regional_recruitment_variation",1,"identity:478","resolved",1,NA
479,"regional_recruitment_variation",1,"identity:479","resolved",1,NA
480,"regional_recruitment_variation",1,"identity:480","resolved",1,NA
481,"regional_recruitment_variation",1,"identity:481","resolved",1,NA
482,"regional_recruitment_variation",1,"identity:482","resolved",1,NA
483,"regional_recruitment_variation",1,"identity:483","resolved",1,NA
484,"regional_recruitment_variation",1,"identity:484","resolved",1,NA
485,"regional_recruitment_variation",1,"identity:485","resolved",1,NA
486,"regional_recruitment_variation",1,"identity:486","resolved",1,NA
487,"regional_recruitment_variation",1,"identity:487","resolved",1,NA
488,"regional_recruitment_variation",1,"identity:488","resolved",1,NA
489,"regional_recruitment_variation",1,"identity:489","resolved",1,NA
490,"regional_recruitment_variation",1,"identity:490","resolved",1,NA
491,"regional_recruitment_variation",1,"identity:491","resolved",1,NA
492,"regional_recruitment_variation",1,"identity:492","resolved",1,NA
493,"regional_recruitment_variation",1,"identity:493","resolved",1,NA
494,"regional_recruitment_variation",1,"identity:494","resolved",1,NA
495,"regional_recruitment_variation",1,"identity:495","resolved",1,NA
496,"regional_recruitment_variation",1,"identity:496","resolved",1,NA
497,"regional_recruitment_variation",1,"identity:497","resolved",1,NA
498,"regional_recruitment_variation",1,"identity:498","resolved",1,NA
499,"regional_recruitment_variation",1,"identity:499","resolved",1,NA
500,"regional_recruitment_variation",1,"identity:500","resolved",1,NA
501,"regional_recruitment_variation",1,"identity:501","resolved",1,NA
502,"regional_recruitment_variation",1,"identity:502","resolved",1,NA
503,"regional_recruitment_variation",1,"identity:503","resolved",1,NA
504,"regional_recruitment_variation",1,"identity:504","resolved",1,NA
505,"regional_recruitment_variation",1,"identity:505","resolved",1,NA
506,"regional_recruitment_variation",1,"identity:506","resolved",1,NA
507,"regional_recruitment_variation",1,"identity:507","resolved",1,NA
508,"regional_recruitment_variation",1,"identity:508","resolved",1,NA
509,"regional_recruitment_variation",1,"identity:509","resolved",1,NA
510,"regional_recruitment_variation",1,"identity:510","resolved",1,NA
511,"regional_recruitment_variation",1,"identity:511","resolved",1,NA
512,"regional_recruitment_variation",1,"identity:512","resolved",1,NA
513,"regional_recruitment_variation",1,"identity:513","resolved",1,NA
514,"regional_recruitment_variation",1,"identity:514","resolved",1,NA
515,"regional_recruitment_variation",1,"identity:515","resolved",1,NA
516,"regional_recruitment_variation",1,"identity:516","resolved",1,NA
517,"regional_recruitment_variation",1,"identity:517","resolved",1,NA
518,"regional_recruitment_variation",1,"identity:518","resolved",1,NA
519,"regional_recruitment_variation",1,"identity:519","resolved",1,NA
520,"regional_recruitment_variation",1,"identity:520","resolved",1,NA
521,"regional_recruitment_variation",1,"identity:521","resolved",1,NA
522,"regional_recruitment_variation",1,"identity:522","resolved",1,NA
523,"regional_recruitment_variation",1,"identity:523","resolved",1,NA
524,"regional_recruitment_variation",1,"identity:524","resolved",1,NA
525,"regional_recruitment_variation",1,"identity:525","resolved",1,NA
526,"regional_recruitment_variation",1,"identity:526","resolved",1,NA
527,"regional_recruitment_variation",1,"identity:527","resolved",1,NA
528,"regional_recruitment_variation",1,"identity:528","resolved",1,NA
529,"regional_recruitment_variation",1,"identity:529","resolved",1,NA
530,"regional_recruitment_variation",1,"identity:530","resolved",1,NA
531,"regional_recruitment_variation",1,"identity:531","resolved",1,NA
532,"regional_recruitment_variation",1,"identity:532","resolved",1,NA
533,"regional_recruitment_variation",1,"identity:533","resolved",1,NA
534,"regional_recruitment_variation",1,"identity:534","resolved",1,NA
535,"regional_recruitment_variation",1,"identity:535","resolved",1,NA
536,"regional_recruitment_variation",1,"identity:536","resolved",1,NA
537,"regional_recruitment_variation",1,"identity:537","resolved",1,NA
538,"regional_recruitment_variation",1,"identity:538","resolved",1,NA
539,"regional_recruitment_variation",1,"identity:539","resolved",1,NA
540,"regional_recruitment_variation",1,"identity:540","resolved",1,NA
541,"regional_recruitment_variation",1,"identity:541","resolved",1,NA
542,"regional_recruitment_variation",1,"identity:542","resolved",1,NA
543,"regional_recruitment_variation",1,"identity:543","resolved",1,NA
544,"regional_recruitment_variation",1,"identity:544","resolved",1,NA
545,"regional_recruitment_variation",1,"identity:545","resolved",1,NA
546,"regional_recruitment_variation",1,"identity:546","resolved",1,NA
547,"regional_recruitment_variation",1,"identity:547","resolved",1,NA
548,"regional_recruitment_variation",1,"identity:548","resolved",1,NA
549,"regional_recruitment_variation",1,"identity:549","resolved",1,NA
550,"regional_recruitment_variation",1,"identity:550","resolved",1,NA
551,"regional_recruitment_variation",1,"identity:551","resolved",1,NA
552,"regional_recruitment_variation",1,"identity:552","resolved",1,NA
553,"regional_recruitment_variation",1,"identity:553","resolved",1,NA
554,"regional_recruitment_variation",1,"identity:554","resolved",1,NA
555,"regional_recruitment_variation",1,"identity:555","resolved",1,NA
556,"regional_recruitment_variation",1,"identity:556","resolved",1,NA
557,"regional_recruitment_variation",1,"identity:557","resolved",1,NA
558,"regional_recruitment_variation",1,"identity:558","resolved",1,NA
559,"regional_recruitment_variation",1,"identity:559","resolved",1,NA
560,"regional_recruitment_variation",1,"identity:560","resolved",1,NA
561,"regional_recruitment_variation",1,"identity:561","resolved",1,NA
562,"regional_recruitment_variation",1,"identity:562","resolved",1,NA
563,"regional_recruitment_variation",1,"identity:563","resolved",1,NA
564,"regional_recruitment_variation",1,"identity:564","resolved",1,NA
565,"regional_recruitment_variation",1,"identity:565","resolved",1,NA
566,"regional_recruitment_variation",1,"identity:566","resolved",1,NA
567,"regional_recruitment_variation",1,"identity:567","resolved",1,NA
568,"regional_recruitment_variation",1,"identity:568","resolved",1,NA
569,"regional_recruitment_variation",1,"identity:569","resolved",1,NA
570,"regional_recruitment_variation",1,"identity:570","resolved",1,NA
571,"regional_recruitment_variation",1,"identity:571","resolved",1,NA
572,"regional_recruitment_variation",1,"identity:572","resolved",1,NA
573,"regional_recruitment_variation",1,"identity:573","resolved",1,NA
574,"regional_recruitment_variation",1,"identity:574","resolved",1,NA
575,"regional_recruitment_variation",1,"identity:575","resolved",1,NA
576,"regional_recruitment_variation",1,"identity:576","resolved",1,NA
577,"regional_recruitment_variation",1,"identity:577","resolved",1,NA
578,"regional_recruitment_variation",1,"identity:578","resolved",1,NA
579,"regional_recruitment_variation",1,"identity:579","resolved",1,NA
580,"regional_recruitment_variation",1,"identity:580","resolved",1,NA
581,"regional_recruitment_variation",1,"identity:581","resolved",1,NA
582,"regional_recruitment_variation",1,"identity:582","resolved",1,NA
583,"regional_recruitment_variation",1,"identity:583","resolved",1,NA
584,"regional_recruitment_variation",1,"identity:584","resolved",1,NA
585,"regional_recruitment_variation",1,"identity:585","resolved",1,NA
586,"regional_recruitment_variation",1,"identity:586","resolved",1,NA
587,"regional_recruitment_variation",1,"identity:587","resolved",1,NA
588,"regional_recruitment_variation",1,"identity:588","resolved",1,NA
589,"regional_recruitment_variation",1,"identity:589","resolved",1,NA
590,"regional_recruitment_variation",1,"identity:590","resolved",1,NA
591,"regional_recruitment_variation",1,"identity:591","resolved",1,NA
592,"regional_recruitment_variation",1,"identity:592","resolved",1,NA
593,"regional_recruitment_variation",1,"identity:593","resolved",1,NA
594,"regional_recruitment_variation",1,"identity:594","resolved",1,NA
595,"regional_recruitment_variation",1,"identity:595","resolved",1,NA
596,"regional_recruitment_variation",1,"identity:596","resolved",1,NA
597,"regional_recruitment_variation",1,"identity:597","resolved",1,NA
598,"regional_recruitment_variation",1,"identity:598","resolved",1,NA
599,"regional_recruitment_variation",1,"identity:599","resolved",1,NA
600,"regional_recruitment_variation",1,"identity:600","resolved",1,NA
601,"regional_recruitment_variation",1,"identity:601","resolved",1,NA
602,"regional_recruitment_variation",1,"identity:602","resolved",1,NA
603,"regional_recruitment_variation",1,"identity:603","resolved",1,NA
604,"regional_recruitment_variation",1,"identity:604","resolved",1,NA
605,"regional_recruitment_variation",1,"identity:605","resolved",1,NA
606,"regional_recruitment_variation",1,"identity:606","resolved",1,NA
607,"regional_recruitment_variation",1,"identity:607","resolved",1,NA
608,"regional_recruitment_variation",1,"identity:608","resolved",1,NA
609,"regional_recruitment_variation",1,"identity:609","resolved",1,NA
610,"regional_recruitment_variation",1,"identity:610","resolved",1,NA
611,"regional_recruitment_variation",1,"identity:611","resolved",1,NA
612,"regional_recruitment_variation",1,"identity:612","resolved",1,NA
613,"regional_recruitment_variation",1,"identity:613","resolved",1,NA
614,"regional_recruitment_variation",1,"identity:614","resolved",1,NA
615,"regional_recruitment_variation",1,"identity:615","resolved",1,NA
616,"regional_recruitment_variation",1,"identity:616","resolved",1,NA
617,"regional_recruitment_variation",1,"identity:617","resolved",1,NA
618,"regional_recruitment_variation",1,"identity:618","resolved",1,NA
619,"regional_recruitment_variation",1,"identity:619","resolved",1,NA
620,"regional_recruitment_variation",1,"identity:620","resolved",1,NA
621,"regional_recruitment_variation",1,"identity:621","resolved",1,NA
622,"regional_recruitment_variation",1,"identity:622","resolved",1,NA
623,"regional_recruitment_variation",1,"identity:623","resolved",1,NA
624,"regional_recruitment_variation",1,"identity:624","resolved",1,NA
625,"regional_recruitment_variation",1,"identity:625","resolved",1,NA
626,"regional_recruitment_variation",1,"identity:626","resolved",1,NA
627,"regional_recruitment_variation",1,"identity:627","resolved",1,NA
628,"regional_recruitment_variation",1,"identity:628","resolved",1,NA
629,"regional_recruitment_variation",1,"identity:629","resolved",1,NA
630,"regional_recruitment_variation",1,"identity:630","resolved",1,NA
631,"regional_recruitment_variation",1,"identity:631","resolved",1,NA
632,"regional_recruitment_variation",1,"identity:632","resolved",1,NA
633,"regional_recruitment_variation",1,"identity:633","resolved",1,NA
634,"regional_recruitment_variation",1,"identity:634","resolved",1,NA
635,"regional_recruitment_variation",1,"identity:635","resolved",1,NA
636,"regional_recruitment_variation",1,"identity:636","resolved",1,NA
637,"regional_recruitment_variation",1,"identity:637","resolved",1,NA
638,"regional_recruitment_variation",1,"identity:638","resolved",1,NA
639,"regional_recruitment_variation",1,"identity:639","resolved",1,NA
640,"regional_recruitment_variation",1,"identity:640","resolved",1,NA
641,"regional_recruitment_variation",1,"identity:641","resolved",1,NA
642,"regional_recruitment_variation",1,"identity:642","resolved",1,NA
643,"regional_recruitment_variation",1,"identity:643","resolved",1,NA
644,"regional_recruitment_variation",1,"identity:644","resolved",1,NA
645,"regional_recruitment_variation",1,"identity:645","resolved",1,NA
646,"regional_recruitment_variation",1,"identity:646","resolved",1,NA
647,"regional_recruitment_variation",1,"identity:647","resolved",1,NA
648,"regional_recruitment_variation",1,"identity:648","resolved",1,NA
649,"regional_recruitment_variation",1,"identity:649","resolved",1,NA
650,"regional_recruitment_variation",1,"identity:650","resolved",1,NA
651,"regional_recruitment_variation",1,"identity:651","resolved",1,NA
652,"regional_recruitment_variation",1,"identity:652","resolved",1,NA
653,"regional_recruitment_variation",1,"identity:653","resolved",1,NA
654,"regional_recruitment_variation",1,"identity:654","resolved",1,NA
655,"regional_recruitment_variation",1,"identity:655","resolved",1,NA
656,"regional_recruitment_variation",1,"identity:656","resolved",1,NA
657,"regional_recruitment_variation",1,"identity:657","resolved",1,NA
658,"regional_recruitment_variation",1,"identity:658","resolved",1,NA
659,"regional_recruitment_variation",1,"identity:659","resolved",1,NA
660,"regional_recruitment_variation",1,"identity:660","resolved",1,NA
661,"regional_recruitment_variation",1,"identity:661","resolved",1,NA
662,"regional_recruitment_variation",1,"identity:662","resolved",1,NA
663,"regional_recruitment_variation",1,"identity:663","resolved",1,NA
664,"regional_recruitment_variation",1,"identity:664","resolved",1,NA
665,"regional_recruitment_variation",1,"identity:665","resolved",1,NA
666,"regional_recruitment_variation",1,"identity:666","resolved",1,NA
667,"regional_recruitment_variation",1,"identity:667","resolved",1,NA
668,"regional_recruitment_variation",1,"identity:668","resolved",1,NA
669,"regional_recruitment_variation",1,"identity:669","resolved",1,NA
670,"regional_recruitment_variation",1,"identity:670","resolved",1,NA
671,"regional_recruitment_variation",1,"identity:671","resolved",1,NA
672,"regional_recruitment_variation",1,"identity:672","resolved",1,NA
673,"regional_recruitment_variation",1,"identity:673","resolved",1,NA
674,"regional_recruitment_variation",1,"identity:674","resolved",1,NA
675,"regional_recruitment_variation",1,"identity:675","resolved",1,NA
676,"regional_recruitment_variation",1,"identity:676","resolved",1,NA
677,"regional_recruitment_variation",1,"identity:677","resolved",1,NA
678,"regional_recruitment_variation",1,"identity:678","resolved",1,NA
679,"regional_recruitment_variation",1,"identity:679","resolved",1,NA
680,"regional_recruitment_variation",1,"identity:680","resolved",1,NA
681,"regional_recruitment_variation",1,"identity:681","resolved",1,NA
682,"regional_recruitment_variation",1,"identity:682","resolved",1,NA
683,"regional_recruitment_variation",1,"identity:683","resolved",1,NA
684,"regional_recruitment_variation",1,"identity:684","resolved",1,NA
685,"regional_recruitment_variation",1,"identity:685","resolved",1,NA
686,"regional_recruitment_variation",1,"identity:686","resolved",1,NA
687,"regional_recruitment_variation",1,"identity:687","resolved",1,NA
688,"regional_recruitment_variation",1,"identity:688","resolved",1,NA
689,"regional_recruitment_variation",1,"identity:689","resolved",1,NA
690,"regional_recruitment_variation",1,"identity:690","resolved",1,NA
691,"regional_recruitment_variation",1,"identity:691","resolved",1,NA
692,"regional_recruitment_variation",1,"identity:692","resolved",1,NA
693,"regional_recruitment_variation",1,"identity:693","resolved",1,NA
694,"regional_recruitment_variation",1,"identity:694","resolved",1,NA
695,"regional_recruitment_variation",1,"identity:695","resolved",1,NA
696,"regional_recruitment_variation",1,"identity:696","resolved",1,NA
697,"regional_recruitment_variation",1,"identity:697","resolved",1,NA
698,"regional_recruitment_variation",1,"identity:698","resolved",1,NA
699,"regional_recruitment_variation",1,"identity:699","resolved",1,NA
700,"regional_recruitment_variation",1,"identity:700","resolved",1,NA
701,"regional_recruitment_variation",1,"identity:701","resolved",1,NA
702,"regional_recruitment_variation",1,"identity:702","resolved",1,NA
703,"regional_recruitment_variation",1,"identity:703","resolved",1,NA
704,"regional_recruitment_variation",1,"identity:704","resolved",1,NA
705,"regional_recruitment_variation",1,"identity:705","resolved",1,NA
706,"regional_recruitment_variation",1,"identity:706","resolved",1,NA
707,"regional_recruitment_variation",1,"identity:707","resolved",1,NA
708,"regional_recruitment_variation",1,"identity:708","resolved",1,NA
709,"regional_recruitment_variation",1,"identity:709","resolved",1,NA
710,"regional_recruitment_variation",1,"identity:710","resolved",1,NA
711,"regional_recruitment_variation",1,"identity:711","resolved",1,NA
712,"regional_recruitment_variation",1,"identity:712","resolved",1,NA
713,"regional_recruitment_variation",1,"identity:713","resolved",1,NA
714,"regional_recruitment_variation",1,"identity:714","resolved",1,NA
715,"regional_recruitment_variation",1,"identity:715","resolved",1,NA
716,"regional_recruitment_variation",1,"identity:716","resolved",1,NA
717,"regional_recruitment_variation",1,"identity:717","resolved",1,NA
718,"regional_recruitment_variation",1,"identity:718","resolved",1,NA
719,"regional_recruitment_variation",1,"identity:719","resolved",1,NA
720,"regional_recruitment_variation",1,"identity:720","resolved",1,NA
721,"regional_recruitment_variation",1,"identity:721","resolved",1,NA
722,"regional_recruitment_variation",1,"identity:722","resolved",1,NA
723,"regional_recruitment_variation",1,"identity:723","resolved",1,NA
724,"regional_recruitment_variation",1,"identity:724","resolved",1,NA
725,"regional_recruitment_variation",1,"identity:725","resolved",1,NA
726,"regional_recruitment_variation",1,"identity:726","resolved",1,NA
727,"regional_recruitment_variation",1,"identity:727","resolved",1,NA
728,"regional_recruitment_variation",1,"identity:728","resolved",1,NA
729,"regional_recruitment_variation",1,"identity:729","resolved",1,NA
730,"regional_recruitment_variation",1,"identity:730","resolved",1,NA
731,"regional_recruitment_variation",1,"identity:731","resolved",1,NA
732,"regional_recruitment_variation",1,"identity:732","resolved",1,NA
733,"regional_recruitment_variation",1,"identity:733","resolved",1,NA
734,"regional_recruitment_variation",1,"identity:734","resolved",1,NA
735,"regional_recruitment_variation",1,"identity:735","resolved",1,NA
736,"regional_recruitment_variation",1,"identity:736","resolved",1,NA
737,"regional_recruitment_variation",1,"identity:737","resolved",1,NA
738,"regional_recruitment_variation",1,"identity:738","resolved",1,NA
739,"regional_recruitment_variation",1,"identity:739","resolved",1,NA
740,"regional_recruitment_variation",1,"identity:740","resolved",1,NA
741,"regional_recruitment_variation",1,"identity:741","resolved",1,NA
742,"regional_recruitment_variation",1,"identity:742","resolved",1,NA
743,"regional_recruitment_variation",1,"identity:743","resolved",1,NA
744,"regional_recruitment_variation",1,"identity:744","resolved",1,NA
745,"regional_recruitment_variation",1,"identity:745","resolved",1,NA
746,"regional_recruitment_variation",1,"identity:746","resolved",1,NA
747,"regional_recruitment_variation",1,"identity:747","resolved",1,NA
748,"regional_recruitment_variation",1,"identity:748","resolved",1,NA
749,"regional_recruitment_variation",1,"identity:749","resolved",1,NA
750,"regional_recruitment_variation",1,"identity:750","resolved",1,NA
751,"regional_recruitment_variation",1,"identity:751","resolved",1,NA
752,"regional_recruitment_variation",1,"identity:752","resolved",1,NA
753,"regional_recruitment_variation",1,"identity:753","resolved",1,NA
754,"regional_recruitment_variation",1,"identity:754","resolved",1,NA
755,"regional_recruitment_variation",1,"identity:755","resolved",1,NA
756,"regional_recruitment_variation",1,"identity:756","resolved",1,NA
757,"regional_recruitment_variation",1,"identity:757","resolved",1,NA
758,"regional_recruitment_variation",1,"identity:758","resolved",1,NA
759,"regional_recruitment_variation",1,"identity:759","resolved",1,NA
760,"regional_recruitment_variation",1,"identity:760","resolved",1,NA
761,"regional_recruitment_variation",1,"identity:761","resolved",1,NA
762,"regional_recruitment_variation",1,"identity:762","resolved",1,NA
763,"regional_recruitment_variation",1,"identity:763","resolved",1,NA
764,"regional_recruitment_variation",1,"identity:764","resolved",1,NA
765,"regional_recruitment_variation",1,"identity:765","resolved",1,NA
766,"regional_recruitment_variation",1,"identity:766","resolved",1,NA
767,"regional_recruitment_variation",1,"identity:767","resolved",1,NA
768,"regional_recruitment_variation",1,"identity:768","resolved",1,NA
769,"regional_recruitment_variation",1,"identity:769","resolved",1,NA
770,"regional_recruitment_variation",1,"identity:770","resolved",1,NA
771,"regional_recruitment_variation",1,"identity:771","resolved",1,NA
772,"regional_recruitment_variation",1,"identity:772","resolved",1,NA
773,"regional_recruitment_variation",1,"identity:773","resolved",1,NA
774,"regional_recruitment_variation",1,"identity:774","resolved",1,NA
775,"regional_recruitment_variation",1,"identity:775","resolved",1,NA
776,"regional_recruitment_variation",1,"identity:776","resolved",1,NA
777,"regional_recruitment_variation",1,"identity:777","resolved",1,NA
778,"regional_recruitment_variation",1,"identity:778","resolved",1,NA
779,"regional_recruitment_variation",1,"identity:779","resolved",1,NA
780,"regional_recruitment_variation",1,"identity:780","resolved",1,NA
781,"regional_recruitment_variation",1,"identity:781","resolved",1,NA
782,"regional_recruitment_variation",1,"identity:782","resolved",1,NA
783,"regional_recruitment_variation",1,"identity:783","resolved",1,NA
784,"regional_recruitment_variation",1,"identity:784","resolved",1,NA
785,"regional_recruitment_variation",1,"identity:785","resolved",1,NA
786,"regional_recruitment_variation",1,"identity:786","resolved",1,NA
787,"regional_recruitment_variation",1,"identity:787","resolved",1,NA
788,"regional_recruitment_variation",1,"identity:788","resolved",1,NA
789,"regional_recruitment_variation",1,"identity:789","resolved",1,NA
790,"regional_recruitment_variation",1,"identity:790","resolved",1,NA
791,"regional_recruitment_variation",1,"identity:791","resolved",1,NA
792,"regional_recruitment_variation",1,"identity:792","resolved",1,NA
793,"regional_recruitment_variation",1,"identity:793","resolved",1,NA
794,"regional_recruitment_variation",1,"identity:794","resolved",1,NA
795,"regional_recruitment_variation",1,"identity:795","resolved",1,NA
796,"regional_recruitment_variation",1,"identity:796","resolved",1,NA
797,"regional_recruitment_variation",1,"identity:797","resolved",1,NA
798,"regional_recruitment_variation",1,"identity:798","resolved",1,NA
799,"regional_recruitment_variation",1,"identity:799","resolved",1,NA
800,"regional_recruitment_variation",1,"identity:800","resolved",1,NA
801,"regional_recruitment_variation",1,"identity:801","resolved",1,NA
802,"regional_recruitment_variation",1,"identity:802","resolved",1,NA
803,"regional_recruitment_variation",1,"identity:803","resolved",1,NA
804,"regional_recruitment_variation",1,"identity:804","resolved",1,NA
805,"regional_recruitment_variation",1,"identity:805","resolved",1,NA
806,"regional_recruitment_variation",1,"identity:806","resolved",1,NA
807,"regional_recruitment_variation",1,"identity:807","resolved",1,NA
808,"regional_recruitment_variation",1,"identity:808","resolved",1,NA
809,"regional_recruitment_variation",1,"identity:809","resolved",1,NA
810,"regional_recruitment_variation",1,"identity:810","resolved",1,NA
811,"regional_recruitment_variation",1,"identity:811","resolved",1,NA
812,"regional_recruitment_variation",1,"identity:812","resolved",1,NA
813,"regional_recruitment_variation",1,"identity:813","resolved",1,NA
814,"regional_recruitment_variation",1,"identity:814","resolved",1,NA
815,"regional_recruitment_variation",1,"identity:815","resolved",1,NA
816,"regional_recruitment_variation",1,"identity:816","resolved",1,NA
817,"regional_recruitment_variation",1,"identity:817","resolved",1,NA
818,"regional_recruitment_variation",1,"identity:818","resolved",1,NA
819,"regional_recruitment_variation",1,"identity:819","resolved",1,NA
820,"regional_recruitment_variation",1,"identity:820","resolved",1,NA
821,"regional_recruitment_variation",1,"identity:821","resolved",1,NA
822,"regional_recruitment_variation",1,"identity:822","resolved",1,NA
823,"regional_recruitment_variation",1,"identity:823","resolved",1,NA
824,"regional_recruitment_variation",1,"identity:824","resolved",1,NA
825,"regional_recruitment_variation",1,"identity:825","resolved",1,NA
826,"regional_recruitment_variation",1,"identity:826","resolved",1,NA
827,"regional_recruitment_variation",1,"identity:827","resolved",1,NA
828,"regional_recruitment_variation",1,"identity:828","resolved",1,NA
829,"regional_recruitment_variation",1,"identity:829","resolved",1,NA
830,"regional_recruitment_variation",1,"identity:830","resolved",1,NA
831,"regional_recruitment_variation",1,"identity:831","resolved",1,NA
832,"regional_recruitment_variation",1,"identity:832","resolved",1,NA
833,"regional_recruitment_variation",1,"identity:833","resolved",1,NA
834,"regional_recruitment_variation",1,"identity:834","resolved",1,NA
835,"regional_recruitment_variation",1,"identity:835","resolved",1,NA
836,"regional_recruitment_variation",1,"identity:836","resolved",1,NA
837,"regional_recruitment_variation",1,"identity:837","resolved",1,NA
838,"regional_recruitment_variation",1,"identity:838","resolved",1,NA
839,"regional_recruitment_variation",1,"identity:839","resolved",1,NA
840,"regional_recruitment_variation",1,"identity:840","resolved",1,NA
841,"regional_recruitment_variation",1,"identity:841","resolved",1,NA
842,"regional_recruitment_variation",1,"identity:842","resolved",1,NA
843,"regional_recruitment_variation",1,"identity:843","resolved",1,NA
844,"regional_recruitment_variation",1,"identity:844","resolved",1,NA
845,"regional_recruitment_variation",1,"identity:845","resolved",1,NA
846,"regional_recruitment_variation",1,"identity:846","resolved",1,NA
847,"regional_recruitment_variation",1,"identity:847","resolved",1,NA
848,"regional_recruitment_variation",1,"identity:848","resolved",1,NA
849,"regional_recruitment_variation",1,"identity:849","resolved",1,NA
850,"regional_recruitment_variation",1,"identity:850","resolved",1,NA
851,"regional_recruitment_variation",1,"identity:851","resolved",1,NA
852,"regional_recruitment_variation",1,"identity:852","resolved",1,NA
853,"regional_recruitment_variation",1,"identity:853","resolved",1,NA
854,"regional_recruitment_variation",1,"identity:854","resolved",1,NA
855,"regional_recruitment_variation",1,"identity:855","resolved",1,NA
856,"regional_recruitment_variation",1,"identity:856","resolved",1,NA
857,"regional_recruitment_variation",1,"identity:857","resolved",1,NA
858,"regional_recruitment_variation",1,"identity:858","resolved",1,NA
859,"regional_recruitment_variation",1,"identity:859","resolved",1,NA
860,"regional_recruitment_variation",1,"identity:860","resolved",1,NA
861,"regional_recruitment_variation",1,"identity:861","resolved",1,NA
862,"regional_recruitment_variation",1,"identity:862","resolved",1,NA
863,"regional_recruitment_variation",1,"identity:863","resolved",1,NA
864,"regional_recruitment_variation",1,"identity:864","resolved",1,NA
865,"regional_recruitment_variation",1,"identity:865","resolved",1,NA
866,"regional_recruitment_variation",1,"identity:866","resolved",1,NA
867,"regional_recruitment_variation",1,"identity:867","resolved",1,NA
868,"regional_recruitment_variation",1,"identity:868","resolved",1,NA
869,"regional_recruitment_variation",1,"identity:869","resolved",1,NA
870,"regional_recruitment_variation",1,"identity:870","resolved",1,NA
871,"regional_recruitment_variation",1,"identity:871","resolved",1,NA
872,"regional_recruitment_variation",1,"identity:872","resolved",1,NA
873,"regional_recruitment_variation",1,"identity:873","resolved",1,NA
874,"regional_recruitment_variation",1,"identity:874","resolved",1,NA
875,"regional_recruitment_variation",1,"identity:875","resolved",1,NA
876,"regional_recruitment_variation",1,"identity:876","resolved",1,NA
877,"regional_recruitment_variation",1,"identity:877","resolved",1,NA
878,"regional_recruitment_variation",1,"identity:878","resolved",1,NA
879,"regional_recruitment_variation",1,"identity:879","resolved",1,NA
880,"regional_recruitment_variation",1,"identity:880","resolved",1,NA
881,"regional_recruitment_variation",1,"identity:881","resolved",1,NA
882,"regional_recruitment_variation",1,"identity:882","resolved",1,NA
883,"regional_recruitment_variation",1,"identity:883","resolved",1,NA
884,"regional_recruitment_variation",1,"identity:884","resolved",1,NA
885,"regional_recruitment_variation",1,"identity:885","resolved",1,NA
886,"regional_recruitment_variation",1,"identity:886","resolved",1,NA
887,"regional_recruitment_variation",1,"identity:887","resolved",1,NA
888,"regional_recruitment_variation",1,"identity:888","resolved",1,NA
889,"regional_recruitment_variation",1,"identity:889","resolved",1,NA
890,"regional_recruitment_variation",1,"identity:890","resolved",1,NA
891,"regional_recruitment_variation",1,"identity:891","resolved",1,NA
892,"regional_recruitment_variation",1,"identity:892","resolved",1,NA
893,"regional_recruitment_variation",1,"identity:893","resolved",1,NA
894,"regional_recruitment_variation",1,"identity:894","resolved",1,NA
895,"regional_recruitment_variation",1,"identity:895","resolved",1,NA
896,"regional_recruitment_variation",1,"identity:896","resolved",1,NA
897,"regional_recruitment_variation",1,"identity:897","resolved",1,NA
898,"regional_recruitment_variation",1,"identity:898","resolved",1,NA
899,"regional_recruitment_variation",1,"identity:899","resolved",1,NA
900,"regional_recruitment_variation",1,"identity:900","resolved",1,NA
901,"regional_recruitment_variation",1,"identity:901","resolved",1,NA
902,"regional_recruitment_variation",1,"identity:902","resolved",1,NA
903,"regional_recruitment_variation",1,"identity:903","resolved",1,NA
904,"regional_recruitment_variation",1,"identity:904","resolved",1,NA
905,"regional_recruitment_variation",1,"identity:905","resolved",1,NA
906,"regional_recruitment_variation",1,"identity:906","resolved",1,NA
907,"regional_recruitment_variation",1,"identity:907","resolved",1,NA
908,"regional_recruitment_variation",1,"identity:908","resolved",1,NA
909,"regional_recruitment_variation",1,"identity:909","resolved",1,NA
910,"regional_recruitment_variation",1,"identity:910","resolved",1,NA
911,"regional_recruitment_variation",1,"identity:911","resolved",1,NA
912,"regional_recruitment_variation",1,"identity:912","resolved",1,NA
913,"regional_recruitment_variation",1,"identity:913","resolved",1,NA
914,"regional_recruitment_variation",1,"identity:914","resolved",1,NA
915,"regional_recruitment_variation",1,"identity:915","resolved",1,NA
916,"regional_recruitment_variation",1,"identity:916","resolved",1,NA
917,"regional_recruitment_variation",1,"identity:917","resolved",1,NA
918,"regional_recruitment_variation",1,"identity:918","resolved",1,NA
919,"regional_recruitment_variation",1,"identity:919","resolved",1,NA
920,"regional_recruitment_variation",1,"identity:920","resolved",1,NA
921,"regional_recruitment_variation",1,"identity:921","resolved",1,NA
922,"regional_recruitment_variation",1,"identity:922","resolved",1,NA
923,"regional_recruitment_variation",1,"identity:923","resolved",1,NA
924,"regional_recruitment_variation",1,"identity:924","resolved",1,NA
925,"regional_recruitment_variation",1,"identity:925","resolved",1,NA
926,"regional_recruitment_variation",1,"identity:926","resolved",1,NA
927,"regional_recruitment_variation",1,"identity:927","resolved",1,NA
928,"regional_recruitment_variation",1,"identity:928","resolved",1,NA
929,"regional_recruitment_variation",1,"identity:929","resolved",1,NA
930,"regional_recruitment_variation",1,"identity:930","resolved",1,NA
931,"regional_recruitment_variation",1,"identity:931","resolved",1,NA
932,"regional_recruitment_variation",1,"identity:932","resolved",1,NA
933,"regional_recruitment_variation",1,"identity:933","resolved",1,NA
934,"regional_recruitment_variation",1,"identity:934","resolved",1,NA
935,"regional_recruitment_variation",1,"identity:935","resolved",1,NA
936,"regional_recruitment_variation",1,"identity:936","resolved",1,NA
937,"regional_recruitment_variation",1,"identity:937","resolved",1,NA
938,"regional_recruitment_variation",1,"identity:938","resolved",1,NA
939,"regional_recruitment_variation",1,"identity:939","resolved",1,NA
940,"regional_recruitment_variation",1,"identity:940","resolved",1,NA
941,"regional_recruitment_variation",1,"identity:941","resolved",1,NA
942,"regional_recruitment_variation",1,"identity:942","resolved",1,NA
943,"regional_recruitment_variation",1,"identity:943","resolved",1,NA
944,"regional_recruitment_variation",1,"identity:944","resolved",1,NA
945,"regional_recruitment_variation",1,"identity:945","resolved",1,NA
946,"regional_recruitment_variation",1,"identity:946","resolved",1,NA
947,"regional_recruitment_variation",1,"identity:947","resolved",1,NA
948,"regional_recruitment_variation",1,"identity:948","resolved",1,NA
949,"regional_recruitment_variation",1,"identity:949","resolved",1,NA
950,"regional_recruitment_variation",1,"identity:950","resolved",1,NA
951,"regional_recruitment_variation",1,"identity:951","resolved",1,NA
952,"regional_recruitment_variation",1,"identity:952","resolved",1,NA
953,"regional_recruitment_variation",1,"identity:953","resolved",1,NA
954,"regional_recruitment_variation",1,"identity:954","resolved",1,NA
955,"regional_recruitment_variation",1,"identity:955","resolved",1,NA
956,"regional_recruitment_variation",1,"identity:956","resolved",1,NA
957,"regional_recruitment_variation",1,"identity:957","resolved",1,NA
958,"regional_recruitment_variation",1,"identity:958","resolved",1,NA
959,"regional_recruitment_variation",1,"identity:959","resolved",1,NA
960,"regional_recruitment_variation",1,"identity:960","resolved",1,NA
961,"regional_recruitment_variation",1,"identity:961","resolved",1,NA
962,"regional_recruitment_variation",1,"identity:962","resolved",1,NA
963,"regional_recruitment_variation",1,"identity:963","resolved",1,NA
964,"regional_recruitment_variation",1,"identity:964","resolved",1,NA
965,"regional_recruitment_variation",1,"identity:965","resolved",1,NA
966,"regional_recruitment_variation",1,"identity:966","resolved",1,NA
967,"regional_recruitment_variation",1,"identity:967","resolved",1,NA
968,"regional_recruitment_variation",1,"identity:968","resolved",1,NA
969,"regional_recruitment_variation",1,"identity:969","resolved",1,NA
970,"regional_recruitment_variation",1,"identity:970","resolved",1,NA
971,"regional_recruitment_variation",1,"identity:971","resolved",1,NA
972,"regional_recruitment_variation",1,"identity:972","resolved",1,NA
973,"regional_recruitment_variation",1,"identity:973","resolved",1,NA
974,"regional_recruitment_variation",1,"identity:974","resolved",1,NA
975,"regional_recruitment_variation",1,"identity:975","resolved",1,NA
976,"regional_recruitment_variation",1,"identity:976","resolved",1,NA
977,"regional_recruitment_variation",1,"identity:977","resolved",1,NA
978,"regional_recruitment_variation",1,"identity:978","resolved",1,NA
979,"regional_recruitment_variation",1,"identity:979","resolved",1,NA
980,"regional_recruitment_variation",1,"identity:980","resolved",1,NA
981,"regional_recruitment_variation",1,"identity:981","resolved",1,NA
982,"regional_recruitment_variation",1,"identity:982","resolved",1,NA
983,"regional_recruitment_variation",1,"identity:983","resolved",1,NA
984,"regional_recruitment_variation",1,"identity:984","resolved",1,NA
985,"regional_recruitment_variation",1,"identity:985","resolved",1,NA
986,"regional_recruitment_variation",1,"identity:986","resolved",1,NA
987,"regional_recruitment_variation",1,"identity:987","resolved",1,NA
988,"regional_recruitment_variation",1,"identity:988","resolved",1,NA
989,"regional_recruitment_variation",1,"identity:989","resolved",1,NA
990,"regional_recruitment_variation",1,"identity:990","resolved",1,NA
991,"regional_recruitment_variation",1,"identity:991","resolved",1,NA
992,"regional_recruitment_variation",1,"identity:992","resolved",1,NA
993,"regional_recruitment_variation",1,"identity:993","resolved",1,NA
994,"regional_recruitment_variation",1,"identity:994","resolved",1,NA
995,"regional_recruitment_variation",1,"identity:995","resolved",1,NA
996,"regional_recruitment_variation",1,"identity:996","resolved",1,NA
997,"regional_recruitment_variation",1,"identity:997","resolved",1,NA
998,"regional_recruitment_variation",1,"identity:998","resolved",1,NA
999,"regional_recruitment_variation",1,"identity:999","resolved",1,NA
1000,"regional_recruitment_variation",1,"identity:1000","resolved",1,NA
1001,"regional_recruitment_variation",1,"identity:1001","resolved",1,NA
1002,"regional_recruitment_variation",1,"identity:1002","resolved",1,NA
1003,"regional_recruitment_variation",1,"identity:1003","resolved",1,NA
1004,"regional_recruitment_variation",1,"identity:1004","resolved",1,NA
1005,"regional_recruitment_variation",1,"identity:1005","resolved",1,NA
1006,"regional_recruitment_variation",1,"identity:1006","resolved",1,NA
1007,"regional_recruitment_variation",1,"identity:1007","resolved",1,NA
1008,"regional_recruitment_variation",1,"identity:1008","resolved",1,NA
1009,"regional_recruitment_variation",1,"identity:1009","resolved",1,NA
1010,"regional_recruitment_variation",1,"identity:1010","resolved",1,NA
1011,"regional_recruitment_variation",1,"identity:1011","resolved",1,NA
1012,"regional_recruitment_variation",1,"identity:1012","resolved",1,NA
1013,"regional_recruitment_variation",1,"identity:1013","resolved",1,NA
1014,"regional_recruitment_variation",1,"identity:1014","resolved",1,NA
1015,"regional_recruitment_variation",1,"identity:1015","resolved",1,NA
1016,"regional_recruitment_variation",1,"identity:1016","resolved",1,NA
1017,"regional_recruitment_variation",1,"identity:1017","resolved",1,NA
1018,"regional_recruitment_variation",1,"identity:1018","resolved",1,NA
1019,"regional_recruitment_variation",1,"identity:1019","resolved",1,NA
1020,"regional_recruitment_variation",1,"identity:1020","resolved",1,NA
1021,"regional_recruitment_variation",1,"identity:1021","resolved",1,NA
1022,"regional_recruitment_variation",1,"identity:1022","resolved",1,NA
1023,"regional_recruitment_variation",1,"identity:1023","resolved",1,NA
1024,"regional_recruitment_variation",1,"identity:1024","resolved",1,NA
1025,"regional_recruitment_variation",1,"identity:1025","resolved",1,NA
1026,"regional_recruitment_variation",1,"identity:1026","resolved",1,NA
1027,"regional_recruitment_variation",1,"identity:1027","resolved",1,NA
1028,"regional_recruitment_variation",1,"identity:1028","resolved",1,NA
1029,"regional_recruitment_variation",1,"identity:1029","resolved",1,NA
1030,"regional_recruitment_variation",1,"identity:1030","resolved",1,NA
1031,"regional_recruitment_variation",1,"identity:1031","resolved",1,NA
1032,"regional_recruitment_variation",1,"identity:1032","resolved",1,NA
1033,"regional_recruitment_variation",1,"identity:1033","resolved",1,NA
1034,"regional_recruitment_variation",1,"identity:1034","resolved",1,NA
1035,"regional_recruitment_variation",1,"identity:1035","resolved",1,NA
1036,"regional_recruitment_variation",1,"identity:1036","resolved",1,NA
1037,"regional_recruitment_variation",1,"identity:1037","resolved",1,NA
1038,"regional_recruitment_variation",1,"identity:1038","resolved",1,NA
1039,"regional_recruitment_variation",1,"identity:1039","resolved",1,NA
1040,"regional_recruitment_variation",1,"identity:1040","resolved",1,NA
1041,"regional_recruitment_variation",1,"identity:1041","resolved",1,NA
1042,"regional_recruitment_variation",1,"identity:1042","resolved",1,NA
1043,"regional_recruitment_variation",1,"identity:1043","resolved",1,NA
1044,"regional_recruitment_variation",1,"identity:1044","resolved",1,NA
1045,"regional_recruitment_variation",1,"identity:1045","resolved",1,NA
1046,"regional_recruitment_variation",1,"identity:1046","resolved",1,NA
1047,"regional_recruitment_variation",1,"identity:1047","resolved",1,NA
1048,"regional_recruitment_variation",1,"identity:1048","resolved",1,NA
1049,"regional_recruitment_variation",1,"identity:1049","resolved",1,NA
1050,"regional_recruitment_variation",1,"identity:1050","resolved",1,NA
1051,"regional_recruitment_variation",1,"identity:1051","resolved",1,NA
1052,"regional_recruitment_variation",1,"identity:1052","resolved",1,NA
1053,"regional_recruitment_variation",1,"identity:1053","resolved",1,NA
1054,"regional_recruitment_variation",1,"identity:1054","resolved",1,NA
1055,"regional_recruitment_variation",1,"identity:1055","resolved",1,NA
1056,"regional_recruitment_variation",1,"identity:1056","resolved",1,NA
1057,"regional_recruitment_variation",1,"identity:1057","resolved",1,NA
1058,"regional_recruitment_variation",1,"identity:1058","resolved",1,NA
1059,"regional_recruitment_variation",1,"identity:1059","resolved",1,NA
1060,"regional_recruitment_variation",1,"identity:1060","resolved",1,NA
1061,"regional_recruitment_variation",1,"identity:1061","resolved",1,NA
1062,"regional_recruitment_variation",1,"identity:1062","resolved",1,NA
1063,"regional_recruitment_variation",1,"identity:1063","resolved",1,NA
1064,"regional_recruitment_variation",1,"identity:1064","resolved",1,NA
1065,"regional_recruitment_variation",1,"identity:1065","resolved",1,NA
1066,"regional_recruitment_variation",1,"identity:1066","resolved",1,NA
1067,"regional_recruitment_variation",1,"identity:1067","resolved",1,NA
1068,"regional_recruitment_variation",1,"identity:1068","resolved",1,NA
1069,"regional_recruitment_variation",1,"identity:1069","resolved",1,NA
1070,"regional_recruitment_variation",1,"identity:1070","resolved",1,NA
1071,"regional_recruitment_variation",1,"identity:1071","resolved",1,NA
1072,"regional_recruitment_variation",1,"identity:1072","resolved",1,NA
1073,"regional_recruitment_variation",1,"identity:1073","resolved",1,NA
1074,"regional_recruitment_variation",1,"identity:1074","resolved",1,NA
1075,"regional_recruitment_variation",1,"identity:1075","resolved",1,NA
1076,"regional_recruitment_variation",1,"identity:1076","resolved",1,NA
1077,"regional_recruitment_variation",1,"identity:1077","resolved",1,NA
1078,"regional_recruitment_variation",1,"identity:1078","resolved",1,NA
1079,"regional_recruitment_variation",1,"identity:1079","resolved",1,NA
1080,"regional_recruitment_variation",1,"identity:1080","resolved",1,NA
1081,"regional_recruitment_variation",1,"identity:1081","resolved",1,NA
1082,"regional_recruitment_variation",1,"identity:1082","resolved",1,NA
1083,"regional_recruitment_variation",1,"identity:1083","resolved",1,NA
1084,"regional_recruitment_variation",1,"identity:1084","resolved",1,NA
1085,"regional_recruitment_variation",1,"identity:1085","resolved",1,NA
1086,"regional_recruitment_variation",1,"identity:1086","resolved",1,NA
1087,"regional_recruitment_variation",1,"identity:1087","resolved",1,NA
1088,"regional_recruitment_variation",1,"identity:1088","resolved",1,NA
1089,"regional_recruitment_variation",1,"identity:1089","resolved",1,NA
1090,"regional_recruitment_variation",1,"identity:1090","resolved",1,NA
1091,"regional_recruitment_variation",1,"identity:1091","resolved",1,NA
1092,"regional_recruitment_variation",1,"identity:1092","resolved",1,NA
1093,"regional_recruitment_variation",1,"identity:1093","resolved",1,NA
1094,"regional_recruitment_variation",1,"identity:1094","resolved",1,NA
1095,"regional_recruitment_variation",1,"identity:1095","resolved",1,NA
1096,"regional_recruitment_variation",1,"identity:1096","resolved",1,NA
1097,"regional_recruitment_variation",1,"identity:1097","resolved",1,NA
1098,"regional_recruitment_variation",1,"identity:1098","resolved",1,NA
1099,"regional_recruitment_variation",1,"identity:1099","resolved",1,NA
1100,"regional_recruitment_variation",1,"identity:1100","resolved",1,NA
1101,"regional_recruitment_variation",1,"identity:1101","resolved",1,NA
1102,"regional_recruitment_variation",1,"identity:1102","resolved",1,NA
1103,"regional_recruitment_variation",1,"identity:1103","resolved",1,NA
1104,"regional_recruitment_variation",1,"identity:1104","resolved",1,NA
1105,"regional_recruitment_variation",1,"identity:1105","resolved",1,NA
1106,"regional_recruitment_variation",1,"identity:1106","resolved",1,NA
1107,"regional_recruitment_variation",1,"identity:1107","resolved",1,NA
1108,"regional_recruitment_variation",1,"identity:1108","resolved",1,NA
1109,"regional_recruitment_variation",1,"identity:1109","resolved",1,NA
1110,"regional_recruitment_variation",1,"identity:1110","resolved",1,NA
1111,"regional_recruitment_variation",1,"identity:1111","resolved",1,NA
1112,"regional_recruitment_variation",1,"identity:1112","resolved",1,NA
1113,"regional_recruitment_variation",1,"identity:1113","resolved",1,NA
1114,"regional_recruitment_variation",1,"identity:1114","resolved",1,NA
1115,"regional_recruitment_variation",1,"identity:1115","resolved",1,NA
1116,"regional_recruitment_variation",1,"identity:1116","resolved",1,NA
1117,"regional_recruitment_variation",1,"identity:1117","resolved",1,NA
1118,"regional_recruitment_variation",1,"identity:1118","resolved",1,NA
1119,"regional_recruitment_variation",1,"identity:1119","resolved",1,NA
1120,"regional_recruitment_variation",1,"identity:1120","resolved",1,NA
1121,"regional_recruitment_variation",1,"identity:1121","resolved",1,NA
1122,"regional_recruitment_variation",1,"identity:1122","resolved",1,NA
1123,"regional_recruitment_variation",1,"identity:1123","resolved",1,NA
1124,"regional_recruitment_variation",1,"identity:1124","resolved",1,NA
1125,"regional_recruitment_variation",1,"identity:1125","resolved",1,NA
1126,"regional_recruitment_variation",1,"identity:1126","resolved",1,NA
1127,"regional_recruitment_variation",1,"identity:1127","resolved",1,NA
1128,"regional_recruitment_variation",1,"identity:1128","resolved",1,NA
1129,"regional_recruitment_variation",1,"identity:1129","resolved",1,NA
1130,"regional_recruitment_variation",1,"identity:1130","resolved",1,NA
1131,"regional_recruitment_variation",1,"identity:1131","resolved",1,NA
1132,"regional_recruitment_variation",1,"identity:1132","resolved",1,NA
1133,"regional_recruitment_variation",1,"identity:1133","resolved",1,NA
1134,"regional_recruitment_variation",1,"identity:1134","resolved",1,NA
1135,"regional_recruitment_variation",1,"identity:1135","resolved",1,NA
1136,"regional_recruitment_variation",1,"identity:1136","resolved",1,NA
1137,"regional_recruitment_variation",1,"identity:1137","resolved",1,NA
1138,"regional_recruitment_variation",1,"identity:1138","resolved",1,NA
1139,"regional_recruitment_variation",1,"identity:1139","resolved",1,NA
1140,"regional_recruitment_variation",1,"identity:1140","resolved",1,NA
1141,"regional_recruitment_variation",1,"identity:1141","resolved",1,NA
1142,"regional_recruitment_variation",1,"identity:1142","resolved",1,NA
1143,"regional_recruitment_variation",1,"identity:1143","resolved",1,NA
1144,"regional_recruitment_variation",1,"identity:1144","resolved",1,NA
1145,"regional_recruitment_variation",1,"identity:1145","resolved",1,NA
1146,"regional_recruitment_variation",1,"identity:1146","resolved",1,NA
1147,"regional_recruitment_variation",1,"identity:1147","resolved",1,NA
1148,"regional_recruitment_variation",1,"identity:1148","resolved",1,NA
1149,"regional_recruitment_variation",1,"identity:1149","resolved",1,NA
1150,"regional_recruitment_variation",1,"identity:1150","resolved",1,NA
1151,"regional_recruitment_variation",1,"identity:1151","resolved",1,NA
1152,"regional_recruitment_variation",1,"identity:1152","resolved",1,NA
1153,"regional_recruitment_variation",1,"identity:1153","resolved",1,NA
1154,"regional_recruitment_variation",1,"identity:1154","resolved",1,NA
1155,"regional_recruitment_variation",1,"identity:1155","resolved",1,NA
1156,"regional_recruitment_variation",1,"identity:1156","resolved",1,NA
1157,"regional_recruitment_variation",1,"identity:1157","resolved",1,NA
1158,"regional_recruitment_variation",1,"identity:1158","resolved",1,NA
1159,"regional_recruitment_variation",1,"identity:1159","resolved",1,NA
1160,"regional_recruitment_variation",1,"identity:1160","resolved",1,NA
1161,"regional_recruitment_variation",1,"identity:1161","resolved",1,NA
1162,"regional_recruitment_variation",1,"identity:1162","resolved",1,NA
1163,"regional_recruitment_variation",1,"identity:1163","resolved",1,NA
1164,"regional_recruitment_variation",1,"identity:1164","resolved",1,NA
1165,"regional_recruitment_variation",1,"identity:1165","resolved",1,NA
1166,"regional_recruitment_variation",1,"identity:1166","resolved",1,NA
1167,"regional_recruitment_variation",1,"identity:1167","resolved",1,NA
1168,"regional_recruitment_variation",1,"identity:1168","resolved",1,NA
1169,"regional_recruitment_variation",1,"identity:1169","resolved",1,NA
1170,"regional_recruitment_variation",1,"identity:1170","resolved",1,NA
1171,"regional_recruitment_variation",1,"identity:1171","resolved",1,NA
1172,"regional_recruitment_variation",1,"identity:1172","resolved",1,NA
1173,"regional_recruitment_variation",1,"identity:1173","resolved",1,NA
1174,"regional_recruitment_variation",1,"identity:1174","resolved",1,NA
1175,"regional_recruitment_variation",1,"identity:1175","resolved",1,NA
1176,"regional_recruitment_variation",1,"identity:1176","resolved",1,NA
1177,"regional_recruitment_variation",1,"identity:1177","resolved",1,NA
1178,"regional_recruitment_variation",1,"identity:1178","resolved",1,NA
1179,"regional_recruitment_variation",1,"identity:1179","resolved",1,NA
1180,"regional_recruitment_variation",1,"identity:1180","resolved",1,NA
1181,"regional_recruitment_variation",1,"identity:1181","resolved",1,NA
1182,"regional_recruitment_variation",1,"identity:1182","resolved",1,NA
1183,"regional_recruitment_variation",1,"identity:1183","resolved",1,NA
1184,"regional_recruitment_variation",1,"identity:1184","resolved",1,NA
1185,"regional_recruitment_variation",1,"identity:1185","resolved",1,NA
1186,"regional_recruitment_variation",1,"identity:1186","resolved",1,NA
1187,"regional_recruitment_variation",1,"identity:1187","resolved",1,NA
1188,"regional_recruitment_variation",1,"identity:1188","resolved",1,NA
1189,"regional_recruitment_variation",1,"identity:1189","resolved",1,NA
1190,"regional_recruitment_variation",1,"identity:1190","resolved",1,NA
1191,"regional_recruitment_variation",1,"identity:1191","resolved",1,NA
1192,"regional_recruitment_variation",1,"identity:1192","resolved",1,NA
1193,"regional_recruitment_variation",1,"identity:1193","resolved",1,NA
1194,"regional_recruitment_variation",1,"identity:1194","resolved",1,NA
1195,"regional_recruitment_variation",1,"identity:1195","resolved",1,NA
1196,"regional_recruitment_variation",1,"identity:1196","resolved",1,NA
1197,"regional_recruitment_variation",1,"identity:1197","resolved",1,NA
1198,"regional_recruitment_variation",1,"identity:1198","resolved",1,NA
1199,"regional_recruitment_variation",1,"identity:1199","resolved",1,NA
1200,"regional_recruitment_variation",1,"identity:1200","resolved",1,NA
1201,"regional_recruitment_variation",1,"identity:1201","resolved",1,NA
1202,"regional_recruitment_variation",1,"identity:1202","resolved",1,NA
1203,"regional_recruitment_variation",1,"identity:1203","resolved",1,NA
1204,"regional_recruitment_variation",1,"identity:1204","resolved",1,NA
1205,"regional_recruitment_variation",1,"identity:1205","resolved",1,NA
1206,"regional_recruitment_variation",1,"identity:1206","resolved",1,NA
1207,"regional_recruitment_variation",1,"identity:1207","resolved",1,NA
1208,"regional_recruitment_variation",1,"identity:1208","resolved",1,NA
1209,"regional_recruitment_variation",1,"identity:1209","resolved",1,NA
1210,"regional_recruitment_variation",1,"identity:1210","resolved",1,NA
1211,"regional_recruitment_variation",1,"identity:1211","resolved",1,NA
1212,"regional_recruitment_variation",1,"identity:1212","resolved",1,NA
1213,"regional_recruitment_variation",1,"identity:1213","resolved",1,NA
1214,"regional_recruitment_variation",1,"identity:1214","resolved",1,NA
1215,"regional_recruitment_variation",1,"identity:1215","resolved",1,NA
1216,"regional_recruitment_variation",1,"identity:1216","resolved",1,NA
1217,"regional_recruitment_variation",1,"identity:1217","resolved",1,NA
1218,"regional_recruitment_variation",1,"identity:1218","resolved",1,NA
1219,"regional_recruitment_variation",1,"identity:1219","resolved",1,NA
1220,"regional_recruitment_variation",1,"identity:1220","resolved",1,NA
1221,"regional_recruitment_variation",1,"identity:1221","resolved",1,NA
1222,"regional_recruitment_variation",1,"identity:1222","resolved",1,NA
1223,"regional_recruitment_variation",1,"identity:1223","resolved",1,NA
1224,"regional_recruitment_variation",1,"identity:1224","resolved",1,NA
1225,"regional_recruitment_variation",1,"identity:1225","resolved",1,NA
1226,"regional_recruitment_variation",1,"identity:1226","resolved",1,NA
1227,"regional_recruitment_variation",1,"identity:1227","resolved",1,NA
1228,"regional_recruitment_variation",1,"identity:1228","resolved",1,NA
1229,"regional_recruitment_variation",1,"identity:1229","resolved",1,NA
1230,"regional_recruitment_variation",1,"identity:1230","resolved",1,NA
1231,"regional_recruitment_variation",1,"identity:1231","resolved",1,NA
1232,"regional_recruitment_variation",1,"identity:1232","resolved",1,NA
1233,"regional_recruitment_variation",1,"identity:1233","resolved",1,NA
1234,"regional_recruitment_variation",1,"identity:1234","resolved",1,NA
1235,"regional_recruitment_variation",1,"identity:1235","resolved",1,NA
1236,"regional_recruitment_variation",1,"identity:1236","resolved",1,NA
1237,"regional_recruitment_variation",1,"identity:1237","resolved",1,NA
1238,"regional_recruitment_variation",1,"identity:1238","resolved",1,NA
1239,"regional_recruitment_variation",1,"identity:1239","resolved",1,NA
1240,"regional_recruitment_variation",1,"identity:1240","resolved",1,NA
1241,"regional_recruitment_variation",1,"identity:1241","resolved",1,NA
1242,"regional_recruitment_variation",1,"identity:1242","resolved",1,NA
1243,"regional_recruitment_variation",1,"identity:1243","resolved",1,NA
1244,"regional_recruitment_variation",1,"identity:1244","resolved",1,NA
1245,"regional_recruitment_variation",1,"identity:1245","resolved",1,NA
1246,"regional_recruitment_variation",1,"identity:1246","resolved",1,NA
1247,"regional_recruitment_variation",1,"identity:1247","resolved",1,NA
1248,"regional_recruitment_variation",1,"identity:1248","resolved",1,NA
1249,"regional_recruitment_variation",1,"identity:1249","resolved",1,NA
1250,"regional_recruitment_variation",1,"identity:1250","resolved",1,NA
1251,"regional_recruitment_variation",1,"identity:1251","resolved",1,NA
1252,"regional_recruitment_variation",1,"identity:1252","resolved",1,NA
1253,"regional_recruitment_variation",1,"identity:1253","resolved",1,NA
1254,"regional_recruitment_variation",1,"identity:1254","resolved",1,NA
1255,"regional_recruitment_variation",1,"identity:1255","resolved",1,NA
1256,"regional_recruitment_variation",1,"identity:1256","resolved",1,NA
1257,"regional_recruitment_variation",1,"identity:1257","resolved",1,NA
1258,"regional_recruitment_variation",1,"identity:1258","resolved",1,NA
1259,"regional_recruitment_variation",1,"identity:1259","resolved",1,NA
1260,"regional_recruitment_variation",1,"identity:1260","resolved",1,NA
1261,"regional_recruitment_variation",1,"identity:1261","resolved",1,NA
1262,"regional_recruitment_variation",1,"identity:1262","resolved",1,NA
1263,"regional_recruitment_variation",1,"identity:1263","resolved",1,NA
1264,"regional_recruitment_variation",1,"identity:1264","resolved",1,NA
1265,"regional_recruitment_variation",1,"identity:1265","resolved",1,NA
1266,"regional_recruitment_variation",1,"identity:1266","resolved",1,NA
1267,"regional_recruitment_variation",1,"identity:1267","resolved",1,NA
1268,"regional_recruitment_variation",1,"identity:1268","resolved",1,NA
1269,"regional_recruitment_variation",1,"identity:1269","resolved",1,NA
1270,"regional_recruitment_variation",1,"identity:1270","resolved",1,NA
1271,"regional_recruitment_variation",1,"identity:1271","resolved",1,NA
1272,"regional_recruitment_variation",1,"identity:1272","resolved",1,NA
1273,"regional_recruitment_variation",1,"identity:1273","resolved",1,NA
1274,"regional_recruitment_variation",1,"identity:1274","resolved",1,NA
1275,"regional_recruitment_variation",1,"identity:1275","resolved",1,NA
1276,"regional_recruitment_variation",1,"identity:1276","resolved",1,NA
1277,"regional_recruitment_variation",1,"identity:1277","resolved",1,NA
1278,"regional_recruitment_variation",1,"identity:1278","resolved",1,NA
1279,"regional_recruitment_variation",1,"identity:1279","resolved",1,NA
1280,"regional_recruitment_variation",1,"identity:1280","resolved",1,NA
1281,"regional_recruitment_variation",1,"identity:1281","resolved",1,NA
1282,"regional_recruitment_variation",1,"identity:1282","resolved",1,NA
1283,"regional_recruitment_variation",1,"identity:1283","resolved",1,NA
1284,"regional_recruitment_variation",1,"identity:1284","resolved",1,NA
1285,"regional_recruitment_variation",1,"identity:1285","resolved",1,NA
1286,"regional_recruitment_variation",1,"identity:1286","resolved",1,NA
1287,"regional_recruitment_variation",1,"identity:1287","resolved",1,NA
1288,"regional_recruitment_variation",1,"identity:1288","resolved",1,NA
1289,"regional_recruitment_variation",1,"identity:1289","resolved",1,NA
1290,"regional_recruitment_variation",1,"identity:1290","resolved",1,NA
1291,"regional_recruitment_variation",1,"identity:1291","resolved",1,NA
1292,"regional_recruitment_variation",1,"identity:1292","resolved",1,NA
1293,"regional_recruitment_variation",1,"identity:1293","resolved",1,NA
1294,"regional_recruitment_variation",1,"identity:1294","resolved",1,NA
1295,"regional_recruitment_variation",1,"identity:1295","resolved",1,NA
1296,"regional_recruitment_variation",1,"identity:1296","resolved",1,NA
1297,"regional_recruitment_variation",1,"identity:1297","resolved",1,NA
1298,"regional_recruitment_variation",1,"identity:1298","resolved",1,NA
1299,"regional_recruitment_variation",1,"identity:1299","resolved",1,NA
1300,"regional_recruitment_variation",1,"identity:1300","resolved",1,NA
1301,"regional_recruitment_variation",1,"identity:1301","resolved",1,NA
1302,"regional_recruitment_variation",1,"identity:1302","resolved",1,NA
1303,"regional_recruitment_variation",1,"identity:1303","resolved",1,NA
1304,"regional_recruitment_variation",1,"identity:1304","resolved",1,NA
1305,"regional_recruitment_variation",1,"identity:1305","resolved",1,NA
1306,"regional_recruitment_variation",1,"identity:1306","resolved",1,NA
1307,"regional_recruitment_variation",1,"identity:1307","resolved",1,NA
1308,"regional_recruitment_variation",1,"identity:1308","resolved",1,NA
1309,"regional_recruitment_variation",1,"identity:1309","resolved",1,NA
1310,"regional_recruitment_variation",1,"identity:1310","resolved",1,NA
1311,"regional_recruitment_variation",1,"identity:1311","resolved",1,NA
1312,"regional_recruitment_variation",1,"identity:1312","resolved",1,NA
1313,"regional_recruitment_variation",1,"identity:1313","resolved",1,NA
1314,"regional_recruitment_variation",1,"identity:1314","resolved",1,NA
1315,"regional_recruitment_variation",1,"identity:1315","resolved",1,NA
1316,"regional_recruitment_variation",1,"identity:1316","resolved",1,NA
1317,"regional_recruitment_variation",1,"identity:1317","resolved",1,NA
1318,"regional_recruitment_variation",1,"identity:1318","resolved",1,NA
1319,"regional_recruitment_variation",1,"identity:1319","resolved",1,NA
1320,"regional_recruitment_variation",1,"identity:1320","resolved",1,NA
1321,"regional_recruitment_variation",1,"identity:1321","resolved",1,NA
1322,"regional_recruitment_variation",1,"identity:1322","resolved",1,NA
1323,"regional_recruitment_variation",1,"identity:1323","resolved",1,NA
1324,"regional_recruitment_variation",1,"identity:1324","resolved",1,NA
1325,"regional_recruitment_variation",1,"identity:1325","resolved",1,NA
1326,"regional_recruitment_variation",1,"identity:1326","resolved",1,NA
1327,"regional_recruitment_variation",1,"identity:1327","resolved",1,NA
1328,"regional_recruitment_variation",1,"identity:1328","resolved",1,NA
1329,"regional_recruitment_variation",1,"identity:1329","resolved",1,NA
1330,"regional_recruitment_variation",1,"identity:1330","resolved",1,NA
1331,"regional_recruitment_variation",1,"identity:1331","resolved",1,NA
1332,"regional_recruitment_variation",1,"identity:1332","resolved",1,NA
1333,"regional_recruitment_variation",1,"identity:1333","resolved",1,NA
1334,"regional_recruitment_variation",1,"identity:1334","resolved",1,NA
1335,"regional_recruitment_variation",1,"identity:1335","resolved",1,NA
1336,"regional_recruitment_variation",1,"identity:1336","resolved",1,NA
1337,"regional_recruitment_variation",1,"identity:1337","resolved",1,NA
1338,"regional_recruitment_variation",1,"identity:1338","resolved",1,NA
1339,"regional_recruitment_variation",1,"identity:1339","resolved",1,NA
1340,"regional_recruitment_variation",1,"identity:1340","resolved",1,NA
1341,"regional_recruitment_variation",1,"identity:1341","resolved",1,NA
1342,"regional_recruitment_variation",1,"identity:1342","resolved",1,NA
1343,"regional_recruitment_variation",1,"identity:1343","resolved",1,NA
1344,"regional_recruitment_variation",1,"identity:1344","resolved",1,NA
1345,"regional_recruitment_variation",1,"identity:1345","resolved",1,NA
1346,"regional_recruitment_variation",1,"identity:1346","resolved",1,NA
1347,"regional_recruitment_variation",1,"identity:1347","resolved",1,NA
1348,"regional_recruitment_variation",1,"identity:1348","resolved",1,NA
1349,"regional_recruitment_variation",1,"identity:1349","resolved",1,NA
1350,"regional_recruitment_variation",1,"identity:1350","resolved",1,NA
1351,"regional_recruitment_variation",1,"identity:1351","resolved",1,NA
1352,"regional_recruitment_variation",1,"identity:1352","resolved",1,NA
1353,"regional_recruitment_variation",1,"identity:1353","resolved",1,NA
1354,"regional_recruitment_variation",1,"identity:1354","resolved",1,NA
1355,"regional_recruitment_variation",1,"identity:1355","resolved",1,NA
1356,"regional_recruitment_variation",1,"identity:1356","resolved",1,NA
1357,"regional_recruitment_variation",1,"identity:1357","resolved",1,NA
1358,"regional_recruitment_variation",1,"identity:1358","resolved",1,NA
1359,"regional_recruitment_variation",1,"identity:1359","resolved",1,NA
1360,"regional_recruitment_variation",1,"identity:1360","resolved",1,NA
1361,"regional_recruitment_variation",1,"identity:1361","resolved",1,NA
1362,"regional_recruitment_variation",1,"identity:1362","resolved",1,NA
1363,"regional_recruitment_variation",1,"identity:1363","resolved",1,NA
1364,"regional_recruitment_variation",1,"identity:1364","resolved",1,NA
1365,"regional_recruitment_variation",1,"identity:1365","resolved",1,NA
1366,"regional_recruitment_variation",1,"identity:1366","resolved",1,NA
1367,"regional_recruitment_variation",1,"identity:1367","resolved",1,NA
1368,"regional_recruitment_variation",1,"identity:1368","resolved",1,NA
1369,"regional_recruitment_variation",1,"identity:1369","resolved",1,NA
1370,"regional_recruitment_variation",1,"identity:1370","resolved",1,NA
1371,"regional_recruitment_variation",1,"identity:1371","resolved",1,NA
1372,"regional_recruitment_variation",1,"identity:1372","resolved",1,NA
1373,"regional_recruitment_variation",1,"identity:1373","resolved",1,NA
1374,"regional_recruitment_variation",1,"identity:1374","resolved",1,NA
1375,"regional_recruitment_variation",1,"identity:1375","resolved",1,NA
1376,"regional_recruitment_variation",1,"identity:1376","resolved",1,NA
1377,"regional_recruitment_variation",1,"identity:1377","resolved",1,NA
1378,"regional_recruitment_variation",1,"identity:1378","resolved",1,NA
1379,"regional_recruitment_variation",1,"identity:1379","resolved",1,NA
1380,"regional_recruitment_variation",1,"identity:1380","resolved",1,NA
1381,"regional_recruitment_variation",1,"identity:1381","resolved",1,NA
1382,"regional_recruitment_variation",1,"identity:1382","resolved",1,NA
1383,"regional_recruitment_variation",1,"identity:1383","resolved",1,NA
1384,"regional_recruitment_variation",1,"identity:1384","resolved",1,NA
1385,"regional_recruitment_variation",1,"identity:1385","resolved",1,NA
1386,"regional_recruitment_variation",1,"identity:1386","resolved",1,NA
1387,"regional_recruitment_variation",1,"identity:1387","resolved",1,NA
1388,"regional_recruitment_variation",1,"identity:1388","resolved",1,NA
1389,"regional_recruitment_variation",1,"identity:1389","resolved",1,NA
1390,"regional_recruitment_variation",1,"identity:1390","resolved",1,NA
1391,"regional_recruitment_variation",1,"identity:1391","resolved",1,NA
1392,"regional_recruitment_variation",1,"identity:1392","resolved",1,NA
1393,"regional_recruitment_variation",1,"identity:1393","resolved",1,NA
1394,"regional_recruitment_variation",1,"identity:1394","resolved",1,NA
1395,"regional_recruitment_variation",1,"identity:1395","resolved",1,NA
1396,"regional_recruitment_variation",1,"identity:1396","resolved",1,NA
1397,"regional_recruitment_variation",1,"identity:1397","resolved",1,NA
1398,"regional_recruitment_variation",1,"identity:1398","resolved",1,NA
1399,"regional_recruitment_variation",1,"identity:1399","resolved",1,NA
1400,"regional_recruitment_variation",1,"identity:1400","resolved",1,NA
1401,"regional_recruitment_variation",1,"identity:1401","resolved",1,NA
1402,"regional_recruitment_variation",1,"identity:1402","resolved",1,NA
1403,"regional_recruitment_variation",1,"identity:1403","resolved",1,NA
1404,"regional_recruitment_variation",1,"identity:1404","resolved",1,NA
1405,"regional_recruitment_variation",1,"identity:1405","resolved",1,NA
1406,"regional_recruitment_variation",1,"identity:1406","resolved",1,NA
1407,"regional_recruitment_variation",1,"identity:1407","resolved",1,NA
1408,"regional_recruitment_variation",1,"identity:1408","resolved",1,NA
1409,"regional_recruitment_variation",1,"identity:1409","resolved",1,NA
1410,"regional_recruitment_variation",1,"identity:1410","resolved",1,NA
1411,"regional_recruitment_variation",1,"identity:1411","resolved",1,NA
1412,"regional_recruitment_variation",1,"identity:1412","resolved",1,NA
1413,"regional_recruitment_variation",1,"identity:1413","resolved",1,NA
1414,"regional_recruitment_variation",1,"identity:1414","resolved",1,NA
1415,"regional_recruitment_variation",1,"identity:1415","resolved",1,NA
1416,"regional_recruitment_variation",1,"identity:1416","resolved",1,NA
1417,"regional_recruitment_variation",1,"identity:1417","resolved",1,NA
1418,"regional_recruitment_variation",1,"identity:1418","resolved",1,NA
1419,"regional_recruitment_variation",1,"identity:1419","resolved",1,NA
1420,"regional_recruitment_variation",1,"identity:1420","resolved",1,NA
1421,"regional_recruitment_variation",1,"identity:1421","resolved",1,NA
1422,"regional_recruitment_variation",1,"identity:1422","resolved",1,NA
1423,"regional_recruitment_variation",1,"identity:1423","resolved",1,NA
1424,"regional_recruitment_variation",1,"identity:1424","resolved",1,NA
1425,"regional_recruitment_variation",1,"identity:1425","resolved",1,NA
1426,"regional_recruitment_variation",1,"identity:1426","resolved",1,NA
1427,"regional_recruitment_variation",1,"identity:1427","resolved",1,NA
1428,"regional_recruitment_variation",1,"identity:1428","resolved",1,NA
1429,"regional_recruitment_variation",1,"identity:1429","resolved",1,NA
1430,"regional_recruitment_variation",1,"identity:1430","resolved",1,NA
1431,"regional_recruitment_variation",1,"identity:1431","resolved",1,NA
1432,"regional_recruitment_variation",1,"identity:1432","resolved",1,NA
1433,"regional_recruitment_variation",1,"identity:1433","resolved",1,NA
1434,"regional_recruitment_variation",1,"identity:1434","resolved",1,NA
1435,"regional_recruitment_variation",1,"identity:1435","resolved",1,NA
1436,"regional_recruitment_variation",1,"identity:1436","resolved",1,NA
1437,"regional_recruitment_variation",1,"identity:1437","resolved",1,NA
1438,"regional_recruitment_variation",1,"identity:1438","resolved",1,NA
1439,"regional_recruitment_variation",1,"identity:1439","resolved",1,NA
1440,"regional_recruitment_variation",1,"identity:1440","resolved",1,NA
1441,"regional_recruitment_variation",1,"identity:1441","resolved",1,NA
1442,"regional_recruitment_variation",1,"identity:1442","resolved",1,NA
1443,"regional_recruitment_variation",1,"identity:1443","resolved",1,NA
1444,"regional_recruitment_variation",1,"identity:1444","resolved",1,NA
1445,"regional_recruitment_variation",1,"identity:1445","resolved",1,NA
1446,"regional_recruitment_variation",1,"identity:1446","resolved",1,NA
1447,"regional_recruitment_variation",1,"identity:1447","resolved",1,NA
1448,"regional_recruitment_variation",1,"identity:1448","resolved",1,NA
1449,"regional_recruitment_variation",1,"identity:1449","resolved",1,NA
1450,"regional_recruitment_variation",1,"identity:1450","resolved",1,NA
1451,"regional_recruitment_variation",1,"identity:1451","resolved",1,NA
1452,"regional_recruitment_variation",1,"identity:1452","resolved",1,NA
1453,"regional_recruitment_variation",1,"identity:1453","resolved",1,NA
1454,"regional_recruitment_variation",1,"identity:1454","resolved",1,NA
1455,"regional_recruitment_variation",1,"identity:1455","resolved",1,NA
1456,"regional_recruitment_variation",1,"identity:1456","resolved",1,NA
1457,"regional_recruitment_variation",1,"identity:1457","resolved",1,NA
1458,"regional_recruitment_variation",1,"identity:1458","resolved",1,NA
1459,"regional_recruitment_variation",1,"identity:1459","resolved",1,NA
1460,"regional_recruitment_variation",1,"identity:1460","resolved",1,NA
1461,"regional_recruitment_variation",1,"identity:1461","resolved",1,NA
1462,"regional_recruitment_variation",1,"identity:1462","resolved",1,NA
1463,"regional_recruitment_variation",1,"identity:1463","resolved",1,NA
1464,"regional_recruitment_variation",1,"identity:1464","resolved",1,NA
1465,"regional_recruitment_variation",1,"identity:1465","resolved",1,NA
1466,"regional_recruitment_variation",1,"identity:1466","resolved",1,NA
1467,"regional_recruitment_variation",1,"identity:1467","resolved",1,NA
1468,"regional_recruitment_variation",1,"identity:1468","resolved",1,NA
1469,"regional_recruitment_variation",1,"identity:1469","resolved",1,NA
1470,"regional_recruitment_variation",1,"identity:1470","resolved",1,NA
1471,"regional_recruitment_variation",1,"identity:1471","resolved",1,NA
1472,"regional_recruitment_variation",1,"identity:1472","resolved",1,NA
1473,"regional_recruitment_variation",1,"identity:1473","resolved",1,NA
1474,"regional_recruitment_variation",1,"identity:1474","resolved",1,NA
1475,"regional_recruitment_variation",1,"identity:1475","resolved",1,NA
1476,"regional_recruitment_variation",1,"identity:1476","resolved",1,NA
1477,"regional_recruitment_variation",1,"identity:1477","resolved",1,NA
1478,"regional_recruitment_variation",1,"identity:1478","resolved",1,NA
1479,"regional_recruitment_variation",1,"identity:1479","resolved",1,NA
1480,"regional_recruitment_variation",1,"identity:1480","resolved",1,NA
1481,"regional_recruitment_variation",1,"identity:1481","resolved",1,NA
1482,"regional_recruitment_variation",1,"identity:1482","resolved",1,NA
1483,"regional_recruitment_variation",1,"identity:1483","resolved",1,NA
1484,"regional_recruitment_variation",1,"identity:1484","resolved",1,NA
1485,"regional_recruitment_variation",1,"identity:1485","resolved",1,NA
1486,"regional_recruitment_variation",1,"identity:1486","resolved",1,NA
1487,"regional_recruitment_variation",1,"identity:1487","resolved",1,NA
1488,"regional_recruitment_variation",1,"identity:1488","resolved",1,NA
1489,"regional_recruitment_variation",1,"identity:1489","resolved",1,NA
1490,"regional_recruitment_variation",1,"identity:1490","resolved",1,NA
1491,"regional_recruitment_variation",1,"identity:1491","resolved",1,NA
1492,"regional_recruitment_variation",1,"identity:1492","resolved",1,NA
1493,"regional_recruitment_variation",1,"identity:1493","resolved",1,NA
1494,"regional_recruitment_variation",1,"identity:1494","resolved",1,NA
1495,"regional_recruitment_variation",1,"identity:1495","resolved",1,NA
1496,"regional_recruitment_variation",1,"identity:1496","resolved",1,NA
1497,"regional_recruitment_variation",1,"identity:1497","resolved",1,NA
1498,"regional_recruitment_variation",1,"identity:1498","resolved",1,NA
1499,"regional_recruitment_variation",1,"identity:1499","resolved",1,NA
1500,"regional_recruitment_variation",1,"identity:1500","resolved",1,NA
1501,"regional_recruitment_variation",1,"identity:1501","resolved",1,NA
1502,"regional_recruitment_variation",1,"identity:1502","resolved",1,NA
1503,"regional_recruitment_variation",1,"identity:1503","resolved",1,NA
1504,"regional_recruitment_variation",1,"identity:1504","resolved",1,NA
1505,"regional_recruitment_variation",1,"identity:1505","resolved",1,NA
1506,"regional_recruitment_variation",1,"identity:1506","resolved",1,NA
1507,"regional_recruitment_variation",1,"identity:1507","resolved",1,NA
1508,"regional_recruitment_variation",1,"identity:1508","resolved",1,NA
1509,"regional_recruitment_variation",1,"identity:1509","resolved",1,NA
1510,"regional_recruitment_variation",1,"identity:1510","resolved",1,NA
1511,"regional_recruitment_variation",1,"identity:1511","resolved",1,NA
1512,"selectivity_coff",1,"identity:1512","resolved",1,NA
1513,"selectivity_coff",1,"identity:1513","resolved",1,NA
1514,"selectivity_coff",1,"identity:1514","resolved",1,NA
1515,"selectivity_coff",1,"identity:1515","resolved",1,NA
1516,"selectivity_coff",1,"identity:1516","resolved",1,NA
1517,"selectivity_coff",1,"identity:1517","resolved",1,NA
1518,"selectivity_coff",1,"identity:1518","resolved",1,NA
1519,"selectivity_coff",1,"identity:1519","resolved",1,NA
1520,"selectivity_coff",1,"identity:1520","resolved",1,NA
1521,"selectivity_coff",1,"identity:1521","resolved",1,NA
1522,"selectivity_coff",1,"identity:1522","resolved",1,NA
1523,"selectivity_coff",1,"identity:1523","resolved",1,NA
1524,"selectivity_coff",1,"identity:1524","resolved",1,NA
1525,"selectivity_coff",1,"identity:1525","resolved",1,NA
1526,"selectivity_coff",1,"identity:1526","resolved",1,NA
1527,"selectivity_coff",1,"identity:1527","resolved",1,NA
1528,"selectivity_coff",1,"identity:1528","resolved",1,NA
1529,"selectivity_coff",1,"identity:1529","resolved",1,NA
1530,"selectivity_coff",1,"identity:1530","resolved",1,NA
1531,"selectivity_coff",1,"identity:1531","resolved",1,NA
1532,"selectivity_coff",1,"identity:1532","resolved",1,NA
1533,"selectivity_coff",1,"identity:1533","resolved",1,NA
1534,"selectivity_coff",1,"identity:1534","resolved",1,NA
1535,"selectivity_coff",1,"identity:1535","resolved",1,NA
1536,"selectivity_coff",1,"identity:1536","resolved",1,NA
1537,"selectivity_coff",1,"identity:1537","resolved",1,NA
1538,"selectivity_coff",1,"identity:1538","resolved",1,NA
1539,"selectivity_coff",1,"identity:1539","resolved",1,NA
1540,"selectivity_coff",1,"identity:1540","resolved",1,NA
1541,"selectivity_coff",1,"identity:1541","resolved",1,NA
1542,"selectivity_coff",1,"identity:1542","resolved",1,NA
1543,"selectivity_coff",1,"identity:1543","resolved",1,NA
1544,"selectivity_coff",1,"identity:1544","resolved",1,NA
1545,"selectivity_coff",1,"identity:1545","resolved",1,NA
1546,"selectivity_coff",1,"identity:1546","resolved",1,NA
1547,"selectivity_coff",1,"identity:1547","resolved",1,NA
1548,"selectivity_coff",1,"identity:1548","resolved",1,NA
1549,"selectivity_coff",1,"identity:1549","resolved",1,NA
1550,"selectivity_coff",1,"identity:1550","resolved",1,NA
1551,"selectivity_coff",1,"identity:1551","resolved",1,NA
1552,"selectivity_coff",1,"identity:1552","resolved",1,NA
1553,"selectivity_coff",1,"identity:1553","resolved",1,NA
1554,"selectivity_coff",1,"identity:1554","resolved",1,NA
1555,"selectivity_coff",1,"identity:1555","resolved",1,NA
1556,"selectivity_coff",1,"identity:1556","resolved",1,NA
1557,"selectivity_coff",1,"identity:1557","resolved",1,NA
1558,"selectivity_coff",1,"identity:1558","resolved",1,NA
1559,"selectivity_coff",1,"identity:1559","resolved",1,NA
1560,"selectivity_coff",1,"identity:1560","resolved",1,NA
1561,"selectivity_coff",1,"identity:1561","resolved",1,NA
1562,"selectivity_coff",1,"identity:1562","resolved",1,NA
1563,"selectivity_coff",1,"identity:1563","resolved",1,NA
1564,"selectivity_coff",1,"identity:1564","resolved",1,NA
1565,"selectivity_coff",1,"identity:1565","resolved",1,NA
1566,"selectivity_coff",1,"identity:1566","resolved",1,NA
1567,"selectivity_coff",1,"identity:1567","resolved",1,NA
1568,"selectivity_coff",1,"identity:1568","resolved",1,NA
1569,"selectivity_coff",1,"identity:1569","resolved",1,NA
1570,"selectivity_coff",1,"identity:1570","resolved",1,NA
1571,"selectivity_coff",1,"identity:1571","resolved",1,NA
1572,"selectivity_coff",1,"identity:1572","resolved",1,NA
1573,"selectivity_coff",1,"identity:1573","resolved",1,NA
1574,"selectivity_coff",1,"identity:1574","resolved",1,NA
1575,"selectivity_coff",1,"identity:1575","resolved",1,NA
1576,"selectivity_coff",1,"identity:1576","resolved",1,NA
1577,"selectivity_coff",1,"identity:1577","resolved",1,NA
1578,"selectivity_coff",1,"identity:1578","resolved",1,NA
1579,"selectivity_coff",1,"identity:1579","resolved",1,NA
1580,"selectivity_coff",1,"identity:1580","resolved",1,NA
1581,"selectivity_coff",1,"identity:1581","resolved",1,NA
1582,"selectivity_coff",1,"identity:1582","resolved",1,NA
1583,"selectivity_coff",1,"identity:1583","resolved",1,NA
1584,"selectivity_coff",1,"identity:1584","resolved",1,NA
1585,"selectivity_coff",1,"identity:1585","resolved",1,NA
1586,"selectivity_coff",1,"identity:1586","resolved",1,NA
1587,"selectivity_coff",1,"identity:1587","resolved",1,NA
1588,"selectivity_coff",1,"identity:1588","resolved",1,NA
1589,"selectivity_coff",1,"identity:1589","resolved",1,NA
1590,"selectivity_coff",1,"identity:1590","resolved",1,NA
1591,"selectivity_coff",1,"identity:1591","resolved",1,NA
1592,"selectivity_coff",1,"identity:1592","resolved",1,NA
1593,"selectivity_coff",1,"identity:1593","resolved",1,NA
1594,"selectivity_coff",1,"identity:1594","resolved",1,NA
1595,"selectivity_coff",1,"identity:1595","resolved",1,NA
1596,"selectivity_coff",1,"identity:1596","resolved",1,NA
1597,"selectivity_coff",1,"identity:1597","resolved",1,NA
1598,"selectivity_coff",1,"identity:1598","resolved",1,NA
1599,"selectivity_coff",1,"identity:1599","resolved",1,NA
1600,"selectivity_coff",1,"identity:1600","resolved",1,NA
1601,"selectivity_coff",1,"identity:1601","resolved",1,NA
1602,"selectivity_coff",1,"identity:1602","resolved",1,NA
1603,"selectivity_coff",1,"identity:1603","resolved",1,NA
1604,"selectivity_coff",1,"identity:1604","resolved",1,NA
1605,"selectivity_coff",1,"identity:1605","resolved",1,NA
1606,"selectivity_coff",1,"identity:1606","resolved",1,NA
1607,"selectivity_coff",1,"identity:1607","resolved",1,NA
1608,"selectivity_coff",1,"identity:1608","resolved",1,NA
1609,"selectivity_coff",1,"identity:1609","resolved",1,NA
1610,"selectivity_coff",1,"identity:1610","resolved",1,NA
1611,"selectivity_coff",1,"identity:1611","resolved",1,NA
1612,"selectivity_coff",1,"identity:1612","resolved",1,NA
1613,"selectivity_coff",1,"identity:1613","resolved",1,NA
1614,"selectivity_coff",1,"identity:1614","resolved",1,NA
1615,"selectivity_coff",1,"identity:1615","resolved",1,NA
1616,"selectivity_coff",1,"identity:1616","resolved",1,NA
1617,"selectivity_coff",1,"identity:1617","resolved",1,NA
1618,"selectivity_coff",1,"identity:1618","resolved",1,NA
1619,"selectivity_coff",1,"identity:1619","resolved",1,NA
1620,"selectivity_coff",1,"identity:1620","resolved",1,NA
1621,"selectivity_coff",1,"identity:1621","resolved",1,NA
1622,"selectivity_coff",1,"identity:1622","resolved",1,NA
1623,"selectivity_coff",1,"identity:1623","resolved",1,NA
1624,"selectivity_coff",1,"identity:1624","resolved",1,NA
1625,"selectivity_coff",1,"identity:1625","resolved",1,NA
1626,"selectivity_coff",1,"identity:1626","resolved",1,NA
1627,"selectivity_coff",1,"identity:1627","resolved",1,NA
1628,"selectivity_coff",1,"identity:1628","resolved",1,NA
1629,"selectivity_coff",1,"identity:1629","resolved",1,NA
1630,"selectivity_coff",1,"identity:1630","resolved",1,NA
1631,"selectivity_coff",1,"identity:1631","resolved",1,NA
1632,"selectivity_coff",1,"identity:1632","resolved",1,NA
1633,"selectivity_coff",1,"identity:1633","resolved",1,NA
1634,"selectivity_coff",1,"identity:1634","resolved",1,NA
1635,"selectivity_coff",1,"identity:1635","resolved",1,NA
1636,"selectivity_coff",1,"identity:1636","resolved",1,NA
1637,"selectivity_coff",1,"identity:1637","resolved",1,NA
1638,"selectivity_coff",1,"identity:1638","resolved",1,NA
1639,"selectivity_coff",1,"identity:1639","resolved",1,NA
1640,"selectivity_coff",1,"identity:1640","resolved",1,NA
1641,"selectivity_coff",1,"identity:1641","resolved",1,NA
1642,"selectivity_coff",1,"identity:1642","resolved",1,NA
1643,"selectivity_coff",1,"identity:1643","resolved",1,NA
1644,"selectivity_coff",1,"identity:1644","resolved",1,NA
1645,"selectivity_coff",1,"identity:1645","resolved",1,NA
1646,"selectivity_coff",1,"identity:1646","resolved",1,NA
1647,"selectivity_coff",1,"identity:1647","resolved",1,NA
1648,"selectivity_coff",1,"identity:1648","resolved",1,NA
1649,"selectivity_coff",1,"identity:1649","resolved",1,NA
1650,"selectivity_coff",1,"identity:1650","resolved",1,NA
1651,"selectivity_coff",1,"identity:1651","resolved",1,NA
1652,"selectivity_coff",1,"identity:1652","resolved",1,NA
1653,"selectivity_coff",1,"identity:1653","resolved",1,NA
1654,"selectivity_coff",1,"identity:1654","resolved",1,NA
1655,"selectivity_coff",1,"identity:1655","resolved",1,NA
1656,"selectivity_coff",1,"identity:1656","resolved",1,NA
1657,"selectivity_coff",1,"identity:1657","resolved",1,NA
1658,"selectivity_coff",1,"identity:1658","resolved",1,NA
1659,"selectivity_coff",1,"identity:1659","resolved",1,NA
1660,"selectivity_coff",1,"identity:1660","resolved",1,NA
1661,"selectivity_coff",1,"identity:1661","resolved",1,NA
1662,"selectivity_coff",1,"identity:1662","resolved",1,NA
1663,"selectivity_coff",1,"identity:1663","resolved",1,NA
1664,"selectivity_coff",1,"identity:1664","resolved",1,NA
1665,"selectivity_coff",1,"identity:1665","resolved",1,NA
1666,"selectivity_coff",1,"identity:1666","resolved",1,NA
1667,"selectivity_coff",1,"identity:1667","resolved",1,NA
1668,"selectivity_coff",1,"identity:1668","resolved",1,NA
1669,"selectivity_coff",1,"identity:1669","resolved",1,NA
1670,"selectivity_coff",1,"identity:1670","resolved",1,NA
1671,"selectivity_coff",1,"identity:1671","resolved",1,NA
1672,"selectivity_coff",1,"identity:1672","resolved",1,NA
1673,"selectivity_coff",1,"identity:1673","resolved",1,NA
1674,"selectivity_coff",1,"identity:1674","resolved",1,NA
1675,"selectivity_coff",1,"identity:1675","resolved",1,NA
1676,"selectivity_coff",1,"identity:1676","resolved",1,NA
1677,"selectivity_coff",1,"identity:1677","resolved",1,NA
1678,"selectivity_coff",1,"identity:1678","resolved",1,NA
1679,"selectivity_coff",1,"identity:1679","resolved",1,NA
1680,"selectivity_coff",1,"identity:1680","resolved",1,NA
1681,"recruit_dev",1,"identity:1681","resolved",1,NA
1682,"recruit_dev",1,"identity:1682","resolved",1,NA
1683,"recruit_dev",1,"identity:1683","resolved",1,NA
1684,"recruit_dev",1,"identity:1684","resolved",1,NA
1685,"recruit_dev",1,"identity:1685","resolved",1,NA
1686,"recruit_dev",1,"identity:1686","resolved",1,NA
1687,"recruit_dev",1,"identity:1687","resolved",1,NA
1688,"recruit_dev",1,"identity:1688","resolved",1,NA
1689,"recruit_dev",1,"identity:1689","resolved",1,NA
1690,"recruit_dev",1,"identity:1690","resolved",1,NA
1691,"recruit_dev",1,"identity:1691","resolved",1,NA
1692,"recruit_dev",1,"identity:1692","resolved",1,NA
1693,"recruit_dev",1,"identity:1693","resolved",1,NA
1694,"recruit_dev",1,"identity:1694","resolved",1,NA
1695,"recruit_dev",1,"identity:1695","resolved",1,NA
1696,"recruit_dev",1,"identity:1696","resolved",1,NA
1697,"recruit_dev",1,"identity:1697","resolved",1,NA
1698,"recruit_dev",1,"identity:1698","resolved",1,NA
1699,"recruit_dev",1,"identity:1699","resolved",1,NA
1700,"recruit_dev",1,"identity:1700","resolved",1,NA
1701,"recruit_dev",1,"identity:1701","resolved",1,NA
1702,"recruit_dev",1,"identity:1702","resolved",1,NA
1703,"recruit_dev",1,"identity:1703","resolved",1,NA
1704,"recruit_dev",1,"identity:1704","resolved",1,NA
1705,"recruit_dev",1,"identity:1705","resolved",1,NA
1706,"recruit_dev",1,"identity:1706","resolved",1,NA
1707,"recruit_dev",1,"identity:1707","resolved",1,NA
1708,"recruit_dev",1,"identity:1708","resolved",1,NA
1709,"recruit_dev",1,"identity:1709","resolved",1,NA
1710,"recruit_dev",1,"identity:1710","resolved",1,NA
1711,"recruit_dev",1,"identity:1711","resolved",1,NA
1712,"recruit_dev",1,"identity:1712","resolved",1,NA
1713,"recruit_dev",1,"identity:1713","resolved",1,NA
1714,"recruit_dev",1,"identity:1714","resolved",1,NA
1715,"recruit_dev",1,"identity:1715","resolved",1,NA
1716,"recruit_dev",1,"identity:1716","resolved",1,NA
1717,"recruit_dev",1,"identity:1717","resolved",1,NA
1718,"recruit_dev",1,"identity:1718","resolved",1,NA
1719,"recruit_dev",1,"identity:1719","resolved",1,NA
1720,"recruit_dev",1,"identity:1720","resolved",1,NA
1721,"recruit_dev",1,"identity:1721","resolved",1,NA
1722,"recruit_dev",1,"identity:1722","resolved",1,NA
1723,"recruit_dev",1,"identity:1723","resolved",1,NA
1724,"recruit_dev",1,"identity:1724","resolved",1,NA
1725,"recruit_dev",1,"identity:1725","resolved",1,NA
1726,"recruit_dev",1,"identity:1726","resolved",1,NA
1727,"recruit_dev",1,"identity:1727","resolved",1,NA
1728,"recruit_dev",1,"identity:1728","resolved",1,NA
1729,"recruit_dev",1,"identity:1729","resolved",1,NA
1730,"recruit_dev",1,"identity:1730","resolved",1,NA
1731,"recruit_dev",1,"identity:1731","resolved",1,NA
1732,"recruit_dev",1,"identity:1732","resolved",1,NA
1733,"recruit_dev",1,"identity:1733","resolved",1,NA
1734,"recruit_dev",1,"identity:1734","resolved",1,NA
1735,"recruit_dev",1,"identity:1735","resolved",1,NA
1736,"recruit_dev",1,"identity:1736","resolved",1,NA
1737,"recruit_dev",1,"identity:1737","resolved",1,NA
1738,"recruit_dev",1,"identity:1738","resolved",1,NA
1739,"recruit_dev",1,"identity:1739","resolved",1,NA
1740,"recruit_dev",1,"identity:1740","resolved",1,NA
1741,"recruit_dev",1,"identity:1741","resolved",1,NA
1742,"recruit_dev",1,"identity:1742","resolved",1,NA
1743,"recruit_dev",1,"identity:1743","resolved",1,NA
1744,"recruit_dev",1,"identity:1744","resolved",1,NA
1745,"recruit_dev",1,"identity:1745","resolved",1,NA
1746,"recruit_dev",1,"identity:1746","resolved",1,NA
1747,"recruit_dev",1,"identity:1747","resolved",1,NA
1748,"recruit_dev",1,"identity:1748","resolved",1,NA
1749,"recruit_dev",1,"identity:1749","resolved",1,NA
1750,"recruit_dev",1,"identity:1750","resolved",1,NA
1751,"recruit_dev",1,"identity:1751","resolved",1,NA
1752,"recruit_dev",1,"identity:1752","resolved",1,NA
1753,"recruit_dev",1,"identity:1753","resolved",1,NA
1754,"recruit_dev",1,"identity:1754","resolved",1,NA
1755,"recruit_dev",1,"identity:1755","resolved",1,NA
1756,"recruit_dev",1,"identity:1756","resolved",1,NA
1757,"recruit_dev",1,"identity:1757","resolved",1,NA
1758,"recruit_dev",1,"identity:1758","resolved",1,NA
1759,"recruit_dev",1,"identity:1759","resolved",1,NA
1760,"recruit_dev",1,"identity:1760","resolved",1,NA
1761,"recruit_dev",1,"identity:1761","resolved",1,NA
1762,"recruit_dev",1,"identity:1762","resolved",1,NA
1763,"recruit_dev",1,"identity:1763","resolved",1,NA
1764,"recruit_dev",1,"identity:1764","resolved",1,NA
1765,"recruit_dev",1,"identity:1765","resolved",1,NA
1766,"recruit_dev",1,"identity:1766","resolved",1,NA
1767,"recruit_dev",1,"identity:1767","resolved",1,NA
1768,"recruit_dev",1,"identity:1768","resolved",1,NA
1769,"recruit_dev",1,"identity:1769","resolved",1,NA
1770,"recruit_dev",1,"identity:1770","resolved",1,NA
1771,"recruit_dev",1,"identity:1771","resolved",1,NA
1772,"recruit_dev",1,"identity:1772","resolved",1,NA
1773,"recruit_dev",1,"identity:1773","resolved",1,NA
1774,"recruit_dev",1,"identity:1774","resolved",1,NA
1775,"recruit_dev",1,"identity:1775","resolved",1,NA
1776,"recruit_dev",1,"identity:1776","resolved",1,NA
1777,"recruit_dev",1,"identity:1777","resolved",1,NA
1778,"recruit_dev",1,"identity:1778","resolved",1,NA
1779,"recruit_dev",1,"identity:1779","resolved",1,NA
1780,"recruit_dev",1,"identity:1780","resolved",1,NA
1781,"recruit_dev",1,"identity:1781","resolved",1,NA
1782,"recruit_dev",1,"identity:1782","resolved",1,NA
1783,"recruit_dev",1,"identity:1783","resolved",1,NA
1784,"recruit_dev",1,"identity:1784","resolved",1,NA
1785,"recruit_dev",1,"identity:1785","resolved",1,NA
1786,"recruit_dev",1,"identity:1786","resolved",1,NA
1787,"recruit_dev",1,"identity:1787","resolved",1,NA
1788,"recruit_dev",1,"identity:1788","resolved",1,NA
1789,"recruit_dev",1,"identity:1789","resolved",1,NA
1790,"recruit_dev",1,"identity:1790","resolved",1,NA
1791,"recruit_dev",1,"identity:1791","resolved",1,NA
1792,"recruit_dev",1,"identity:1792","resolved",1,NA
1793,"recruit_dev",1,"identity:1793","resolved",1,NA
1794,"recruit_dev",1,"identity:1794","resolved",1,NA
1795,"recruit_dev",1,"identity:1795","resolved",1,NA
1796,"recruit_dev",1,"identity:1796","resolved",1,NA
1797,"recruit_dev",1,"identity:1797","resolved",1,NA
1798,"recruit_dev",1,"identity:1798","resolved",1,NA
1799,"recruit_dev",1,"identity:1799","resolved",1,NA
1800,"recruit_dev",1,"identity:1800","resolved",1,NA
1801,"recruit_dev",1,"identity:1801","resolved",1,NA
1802,"recruit_dev",1,"identity:1802","resolved",1,NA
1803,"recruit_dev",1,"identity:1803","resolved",1,NA
1804,"recruit_dev",1,"identity:1804","resolved",1,NA
1805,"recruit_dev",1,"identity:1805","resolved",1,NA
1806,"recruit_dev",1,"identity:1806","resolved",1,NA
1807,"recruit_dev",1,"identity:1807","resolved",1,NA
1808,"recruit_dev",1,"identity:1808","resolved",1,NA
1809,"recruit_dev",1,"identity:1809","resolved",1,NA
1810,"recruit_dev",1,"identity:1810","resolved",1,NA
1811,"recruit_dev",1,"identity:1811","resolved",1,NA
1812,"recruit_dev",1,"identity:1812","resolved",1,NA
1813,"recruit_dev",1,"identity:1813","resolved",1,NA
1814,"recruit_dev",1,"identity:1814","resolved",1,NA
1815,"recruit_dev",1,"identity:1815","resolved",1,NA
1816,"recruit_dev",1,"identity:1816","resolved",1,NA
1817,"recruit_dev",1,"identity:1817","resolved",1,NA
1818,"recruit_dev",1,"identity:1818","resolved",1,NA
1819,"recruit_dev",1,"identity:1819","resolved",1,NA
1820,"recruit_dev",1,"identity:1820","resolved",1,NA
1821,"recruit_dev",1,"identity:1821","resolved",1,NA
1822,"recruit_dev",1,"identity:1822","resolved",1,NA
1823,"recruit_dev",1,"identity:1823","resolved",1,NA
1824,"recruit_dev",1,"identity:1824","resolved",1,NA
1825,"recruit_dev",1,"identity:1825","resolved",1,NA
1826,"recruit_dev",1,"identity:1826","resolved",1,NA
1827,"recruit_dev",1,"identity:1827","resolved",1,NA
1828,"recruit_dev",1,"identity:1828","resolved",1,NA
1829,"recruit_dev",1,"identity:1829","resolved",1,NA
1830,"recruit_dev",1,"identity:1830","resolved",1,NA
1831,"recruit_dev",1,"identity:1831","resolved",1,NA
1832,"recruit_dev",1,"identity:1832","resolved",1,NA
1833,"recruit_dev",1,"identity:1833","resolved",1,NA
1834,"recruit_dev",1,"identity:1834","resolved",1,NA
1835,"recruit_dev",1,"identity:1835","resolved",1,NA
1836,"recruit_dev",1,"identity:1836","resolved",1,NA
1837,"recruit_dev",1,"identity:1837","resolved",1,NA
1838,"recruit_dev",1,"identity:1838","resolved",1,NA
1839,"recruit_dev",1,"identity:1839","resolved",1,NA
1840,"recruit_dev",1,"identity:1840","resolved",1,NA
1841,"recruit_dev",1,"identity:1841","resolved",1,NA
1842,"recruit_dev",1,"identity:1842","resolved",1,NA
1843,"recruit_dev",1,"identity:1843","resolved",1,NA
1844,"recruit_dev",1,"identity:1844","resolved",1,NA
1845,"recruit_dev",1,"identity:1845","resolved",1,NA
1846,"recruit_dev",1,"identity:1846","resolved",1,NA
1847,"recruit_dev",1,"identity:1847","resolved",1,NA
1848,"recruit_dev",1,"identity:1848","resolved",1,NA
1849,"recruit_dev",1,"identity:1849","resolved",1,NA
1850,"recruit_dev",1,"identity:1850","resolved",1,NA
1851,"recruit_dev",1,"identity:1851","resolved",1,NA
1852,"recruit_dev",1,"identity:1852","resolved",1,NA
1853,"recruit_dev",1,"identity:1853","resolved",1,NA
1854,"recruit_dev",1,"identity:1854","resolved",1,NA
1855,"recruit_dev",1,"identity:1855","resolved",1,NA
1856,"recruit_dev",1,"identity:1856","resolved",1,NA
1857,"recruit_dev",1,"identity:1857","resolved",1,NA
1858,"recruit_dev",1,"identity:1858","resolved",1,NA
1859,"recruit_dev",1,"identity:1859","resolved",1,NA
1860,"recruit_dev",1,"identity:1860","resolved",1,NA
1861,"recruit_dev",1,"identity:1861","resolved",1,NA
1862,"recruit_dev",1,"identity:1862","resolved",1,NA
1863,"recruit_dev",1,"identity:1863","resolved",1,NA
1864,"recruit_dev",1,"identity:1864","resolved",1,NA
1865,"recruit_dev",1,"identity:1865","resolved",1,NA
1866,"recruit_dev",1,"identity:1866","resolved",1,NA
1867,"recruit_dev",1,"identity:1867","resolved",1,NA
1868,"recruit_dev",1,"identity:1868","resolved",1,NA
1869,"recruit_dev",1,"identity:1869","resolved",1,NA
1870,"recruit_dev",1,"identity:1870","resolved",1,NA
1871,"recruit_dev",1,"identity:1871","resolved",1,NA
1872,"recruit_dev",1,"identity:1872","resolved",1,NA
1873,"recruit_dev",1,"identity:1873","resolved",1,NA
1874,"recruit_dev",1,"identity:1874","resolved",1,NA
1875,"recruit_dev",1,"identity:1875","resolved",1,NA
1876,"recruit_dev",1,"identity:1876","resolved",1,NA
1877,"recruit_dev",1,"identity:1877","resolved",1,NA
1878,"recruit_dev",1,"identity:1878","resolved",1,NA
1879,"recruit_dev",1,"identity:1879","resolved",1,NA
1880,"recruit_dev",1,"identity:1880","resolved",1,NA
1881,"recruit_dev",1,"identity:1881","resolved",1,NA
1882,"recruit_dev",1,"identity:1882","resolved",1,NA
1883,"recruit_dev",1,"identity:1883","resolved",1,NA
1884,"recruit_dev",1,"identity:1884","resolved",1,NA
1885,"recruit_dev",1,"identity:1885","resolved",1,NA
1886,"recruit_dev",1,"identity:1886","resolved",1,NA
1887,"recruit_dev",1,"identity:1887","resolved",1,NA
1888,"recruit_dev",1,"identity:1888","resolved",1,NA
1889,"recruit_dev",1,"identity:1889","resolved",1,NA
1890,"recruit_dev",1,"identity:1890","resolved",1,NA
1891,"recruit_dev",1,"identity:1891","resolved",1,NA
1892,"recruit_dev",1,"identity:1892","resolved",1,NA
1893,"recruit_dev",1,"identity:1893","resolved",1,NA
1894,"recruit_dev",1,"identity:1894","resolved",1,NA
1895,"recruit_dev",1,"identity:1895","resolved",1,NA
1896,"recruit_dev",1,"identity:1896","resolved",1,NA
1897,"recruit_dev",1,"identity:1897","resolved",1,NA
1898,"recruit_dev",1,"identity:1898","resolved",1,NA
1899,"recruit_dev",1,"identity:1899","resolved",1,NA
1900,"recruit_dev",1,"identity:1900","resolved",1,NA
1901,"recruit_dev",1,"identity:1901","resolved",1,NA
1902,"recruit_dev",1,"identity:1902","resolved",1,NA
1903,"recruit_dev",1,"identity:1903","resolved",1,NA
1904,"recruit_dev",1,"identity:1904","resolved",1,NA
1905,"recruit_dev",1,"identity:1905","resolved",1,NA
1906,"recruit_dev",1,"identity:1906","resolved",1,NA
1907,"recruit_dev",1,"identity:1907","resolved",1,NA
1908,"recruit_dev",1,"identity:1908","resolved",1,NA
1909,"recruit_dev",1,"identity:1909","resolved",1,NA
1910,"recruit_dev",1,"identity:1910","resolved",1,NA
1911,"recruit_dev",1,"identity:1911","resolved",1,NA
1912,"recruit_dev",1,"identity:1912","resolved",1,NA
1913,"recruit_dev",1,"identity:1913","resolved",1,NA
1914,"recruit_dev",1,"identity:1914","resolved",1,NA
1915,"recruit_dev",1,"identity:1915","resolved",1,NA
1916,"recruit_dev",1,"identity:1916","resolved",1,NA
1917,"recruit_dev",1,"identity:1917","resolved",1,NA
1918,"recruit_dev",1,"identity:1918","resolved",1,NA
1919,"recruit_dev",1,"identity:1919","resolved",1,NA
1920,"recruit_dev",1,"identity:1920","resolved",1,NA
1921,"recruit_dev",1,"identity:1921","resolved",1,NA
1922,"recruit_dev",1,"identity:1922","resolved",1,NA
1923,"recruit_dev",1,"identity:1923","resolved",1,NA
1924,"recruit_dev",1,"identity:1924","resolved",1,NA
1925,"recruit_dev",1,"identity:1925","resolved",1,NA
1926,"recruit_dev",1,"identity:1926","resolved",1,NA
1927,"recruit_dev",1,"identity:1927","resolved",1,NA
1928,"recruit_dev",1,"identity:1928","resolved",1,NA
1929,"recruit_dev",1,"identity:1929","resolved",1,NA
1930,"recruit_dev",1,"identity:1930","resolved",1,NA
1931,"recruit_dev",1,"identity:1931","resolved",1,NA
1932,"recruit_dev",1,"identity:1932","resolved",1,NA
1933,"recruit_dev",1,"identity:1933","resolved",1,NA
1934,"recruit_dev",1,"identity:1934","resolved",1,NA
1935,"recruit_dev",1,"identity:1935","resolved",1,NA
1936,"recruit_dev",1,"identity:1936","resolved",1,NA
1937,"recruit_dev",1,"identity:1937","resolved",1,NA
1938,"recruit_dev",1,"identity:1938","resolved",1,NA
1939,"recruit_dev",1,"identity:1939","resolved",1,NA
1940,"recruit_dev",1,"identity:1940","resolved",1,NA
1941,"recruit_dev",1,"identity:1941","resolved",1,NA
1942,"recruit_dev",1,"identity:1942","resolved",1,NA
1943,"recruit_dev",1,"identity:1943","resolved",1,NA
1944,"recruit_dev",1,"identity:1944","resolved",1,NA
1945,"recruit_dev",1,"identity:1945","resolved",1,NA
1946,"recruit_dev",1,"identity:1946","resolved",1,NA
1947,"recruit_dev",1,"identity:1947","resolved",1,NA
1948,"recruit_dev",1,"identity:1948","resolved",1,NA
1949,"recruit_dev",1,"identity:1949","resolved",1,NA
1950,"recruit_dev",1,"identity:1950","resolved",1,NA
1951,"recruit_dev",1,"identity:1951","resolved",1,NA
1952,"recruit_dev",1,"identity:1952","resolved",1,NA
1953,"recruit_dev",1,"identity:1953","resolved",1,NA
1954,"recruit_dev",1,"identity:1954","resolved",1,NA
1955,"recruit_dev",1,"identity:1955","resolved",1,NA
1956,"recruit_dev",1,"identity:1956","resolved",1,NA
1957,"recruit_dev",1,"identity:1957","resolved",1,NA
1958,"recruit_dev",1,"identity:1958","resolved",1,NA
1959,"recruit_dev",1,"identity:1959","resolved",1,NA
1960,"recruit_dev",1,"identity:1960","resolved",1,NA
1961,"recruit_dev",1,"identity:1961","resolved",1,NA
1962,"recruit_dev",1,"identity:1962","resolved",1,NA
1963,"recruit_dev",1,"identity:1963","resolved",1,NA
1964,"recruit_dev",1,"identity:1964","resolved",1,NA
1965,"recruit_dev",1,"identity:1965","resolved",1,NA
1966,"log_mean_recruitment",1,"identity:1966","resolved",1,NA
1967,"fish_pars23",1,"identity:1967","deferred",NA,"storage/group/OPR epoch not yet identical to fitted semantic mapping"
1968,"fish_pars23",1,"identity:1968","deferred",NA,"storage/group/OPR epoch not yet identical to fitted semantic mapping"
1969,"fish_pars23",1,"identity:1969","deferred",NA,"storage/group/OPR epoch not yet identical to fitted semantic mapping"
1970,"fish_pars23",1,"identity:1970","deferred",NA,"storage/group/OPR epoch not yet identical to fitted semantic mapping"
1971,"fish_pars23",1,"identity:1971","deferred",NA,"storage/group/OPR epoch not yet identical to fitted semantic mapping"
1972,"fish_pars23",1,"identity:1972","deferred",NA,"storage/group/OPR epoch not yet identical to fitted semantic mapping"
1973,"fish_pars23",1,"identity:1973","deferred",NA,"storage/group/OPR epoch not yet identical to fitted semantic mapping"
1974,"fish_pars23",1,"identity:1974","deferred",NA,"storage/group/OPR epoch not yet identical to fitted semantic mapping"
1975,"tag_fish_rep_group",1,"identity:1975","resolved",1,NA
1976,"tag_fish_rep_group",1,"identity:1976","resolved",1,NA
1977,"tag_fish_rep_group",1,"identity:1977","resolved",1,NA
1978,"tag_fish_rep_group",1,"identity:1978","resolved",1,NA
1979,"tag_fish_rep_group",1,"identity:1979","resolved",1,NA
1980,"tag_fish_rep_group",1,"identity:1980","resolved",1,NA
1981,"tag_fish_rep_group",1,"identity:1981","resolved",1,NA
1982,"tag_fish_rep_group",1,"identity:1982","resolved",1,NA
1983,"tag_fish_rep_group",1,"identity:1983","resolved",1,NA
1984,"tag_fish_rep_group",1,"identity:1984","resolved",1,NA
1985,"tag_fish_rep_group",1,"identity:1985","resolved",1,NA
1986,"tag_fish_rep_group",1,"identity:1986","resolved",1,NA
1987,"region_parameters_row1",1,"region_simplex:1","resolved",1,NA
1988,"region_parameters_row1",1,"region_simplex:1","resolved",1,NA
1989,"region_parameters_row1",1,"region_simplex:1","resolved",1,NA
1990,"region_parameters_row1",1,"region_simplex:1","resolved",1,NA
1991,"region_parameters_row1",1,"region_simplex:1","resolved",1,NA
1992,"seasonal_growth_sv21",1,"identity:1992","resolved",1,NA
1993,"vb_coff",1,"identity:1993","resolved",1,NA
1994,"vb_coff",1,"identity:1994","resolved",1,NA
1995,"vb_coff",1,"identity:1995","resolved",1,NA
1996,"var_coff",1,"identity:1996","resolved",1,NA
1997,"var_coff",1,"identity:1997","resolved",1,NA
